-- phpMyAdmin SQL Dump
-- version 4.9.4
-- https://www.phpmyadmin.net/
--
-- Servidor: localhost:3306
-- Tiempo de generación: 11-05-2020 a las 15:03:40
-- Versión del servidor: 10.2.31-MariaDB-cll-lve
-- Versión de PHP: 7.3.6

SET SQL_MODE = "NO_AUTO_VALUE_ON_ZERO";
SET AUTOCOMMIT = 0;
START TRANSACTION;
SET time_zone = "+00:00";


/*!40101 SET @OLD_CHARACTER_SET_CLIENT=@@CHARACTER_SET_CLIENT */;
/*!40101 SET @OLD_CHARACTER_SET_RESULTS=@@CHARACTER_SET_RESULTS */;
/*!40101 SET @OLD_COLLATION_CONNECTION=@@COLLATION_CONNECTION */;
/*!40101 SET NAMES utf8mb4 */;

--
-- Base de datos: `gafcom1_proyecto_encuesta`
--

-- --------------------------------------------------------

--
-- Estructura de tabla para la tabla `areas`
--

CREATE TABLE `areas` (
  `id` bigint(20) UNSIGNED NOT NULL,
  `nombre` varchar(191) NOT NULL,
  `estado` char(1) NOT NULL DEFAULT '1' COMMENT '0-Inactivo/1-Activo',
  `created_at` timestamp NULL DEFAULT NULL,
  `updated_at` timestamp NULL DEFAULT NULL
) ENGINE=InnoDB DEFAULT CHARSET=utf8;

--
-- Volcado de datos para la tabla `areas`
--

INSERT INTO `areas` (`id`, `nombre`, `estado`, `created_at`, `updated_at`) VALUES
(1, 'Extrovertido-Introvertido', '1', NULL, NULL),
(2, 'Intuitivo-Sensorial', '1', NULL, NULL),
(3, 'Racional-Emocional', '1', NULL, NULL),
(4, 'Organizado-Casual', '1', NULL, NULL);

-- --------------------------------------------------------

--
-- Estructura de tabla para la tabla `area_item`
--

CREATE TABLE `area_item` (
  `id` bigint(20) UNSIGNED NOT NULL,
  `nombre` varchar(191) NOT NULL,
  `posicion` char(1) NOT NULL COMMENT '0-Abajo/1-Arriba',
  `estado` char(1) NOT NULL DEFAULT '1' COMMENT '0-Inactivo/1-Activo',
  `area_id` bigint(20) UNSIGNED NOT NULL,
  `created_at` timestamp NULL DEFAULT NULL,
  `updated_at` timestamp NULL DEFAULT NULL
) ENGINE=InnoDB DEFAULT CHARSET=utf8;

--
-- Volcado de datos para la tabla `area_item`
--

INSERT INTO `area_item` (`id`, `nombre`, `posicion`, `estado`, `area_id`, `created_at`, `updated_at`) VALUES
(1, 'Extrovertido', '1', '1', 1, NULL, NULL),
(2, 'Introvertido', '0', '1', 1, NULL, NULL),
(3, 'Intuitivo', '1', '1', 2, NULL, NULL),
(4, 'Sensorial', '0', '1', 2, NULL, NULL),
(5, 'Racional', '1', '1', 3, NULL, NULL),
(6, 'Emocional', '0', '1', 3, NULL, NULL),
(7, 'Organizado', '1', '1', 4, NULL, NULL),
(8, 'Casual', '0', '1', 4, NULL, NULL);

-- --------------------------------------------------------

--
-- Estructura de tabla para la tabla `area_puntaje`
--

CREATE TABLE `area_puntaje` (
  `id` bigint(20) UNSIGNED NOT NULL,
  `encuesta_puntaje_id` bigint(20) UNSIGNED NOT NULL,
  `area_id` bigint(20) UNSIGNED NOT NULL,
  `palabra` varchar(191) NOT NULL,
  `puntaje` double NOT NULL,
  `letra` char(1) NOT NULL,
  `created_at` timestamp NULL DEFAULT NULL,
  `updated_at` timestamp NULL DEFAULT NULL
) ENGINE=InnoDB DEFAULT CHARSET=utf8;

--
-- Volcado de datos para la tabla `area_puntaje`
--

INSERT INTO `area_puntaje` (`id`, `encuesta_puntaje_id`, `area_id`, `palabra`, `puntaje`, `letra`, `created_at`, `updated_at`) VALUES
(1, 2, 1, 'Introvertido', 1, 'I', '2020-05-03 17:04:31', '2020-05-03 17:04:31'),
(2, 2, 2, 'Sensorial', 1, 'S', '2020-05-03 17:04:31', '2020-05-03 17:04:31'),
(3, 2, 3, 'Emotivo', 1, 'M', '2020-05-03 17:04:31', '2020-05-03 17:04:31'),
(4, 2, 4, 'Casual', 1, 'C', '2020-05-03 17:04:31', '2020-05-03 17:04:31'),
(5, 3, 1, 'introvertido', 3.9625, 'i', '2020-05-03 21:35:13', '2020-05-03 21:35:13'),
(6, 3, 2, 'intuitivo', 4.03125, 'n', '2020-05-03 21:35:13', '2020-05-03 21:35:13'),
(7, 3, 3, 'emotivo', 3.625, 'm', '2020-05-03 21:35:13', '2020-05-03 21:35:13'),
(8, 3, 4, 'organizado', 4, 'o', '2020-05-03 21:35:13', '2020-05-03 21:35:13'),
(9, 6, 1, 'extrovertido', 4.1875, 'e', '2020-05-03 23:32:00', '2020-05-03 23:32:00'),
(10, 6, 2, 'sensorial', 3.9166666666667, 's', '2020-05-03 23:32:00', '2020-05-03 23:32:00'),
(11, 6, 3, 'emotivo', 3.9791666666667, 'm', '2020-05-03 23:32:00', '2020-05-03 23:32:00'),
(12, 6, 4, 'organizado', 4.2125, 'o', '2020-05-03 23:32:00', '2020-05-03 23:32:00'),
(13, 11, 1, 'introvertido', 3.975, 'i', '2020-05-04 01:23:23', '2020-05-04 01:23:23'),
(14, 11, 2, 'intuitivo', 4, 'n', '2020-05-04 01:23:23', '2020-05-04 01:23:23'),
(15, 11, 3, 'racional', 4, 'r', '2020-05-04 01:23:23', '2020-05-04 01:23:23'),
(16, 11, 4, 'organizado', 4.0416666666667, 'o', '2020-05-04 01:23:23', '2020-05-04 01:23:23'),
(17, 12, 1, 'extrovertido', 4.025, 'e', '2020-05-04 01:24:42', '2020-05-04 01:24:42'),
(18, 12, 2, 'intuitivo', 4, 'n', '2020-05-04 01:24:42', '2020-05-04 01:24:42'),
(19, 12, 3, 'racional', 4, 'r', '2020-05-04 01:24:42', '2020-05-04 01:24:42'),
(20, 12, 4, 'organizado', 4, 'o', '2020-05-04 01:24:42', '2020-05-04 01:24:42'),
(21, 13, 1, 'extrovertido', 4.025, 'e', '2020-05-04 01:26:19', '2020-05-04 01:26:19'),
(22, 13, 2, 'intuitivo', 4, 'n', '2020-05-04 01:26:19', '2020-05-04 01:26:19'),
(23, 13, 3, 'racional', 4, 'r', '2020-05-04 01:26:19', '2020-05-04 01:26:19'),
(24, 13, 4, 'organizado', 4, 'o', '2020-05-04 01:26:19', '2020-05-04 01:26:19'),
(25, 15, 1, 'extrovertido', 4, 'e', '2020-05-04 01:29:21', '2020-05-04 01:29:21'),
(26, 15, 2, 'intuitivo', 4.09375, 'n', '2020-05-04 01:29:21', '2020-05-04 01:29:21'),
(27, 15, 3, 'racional', 4, 'r', '2020-05-04 01:29:21', '2020-05-04 01:29:21'),
(28, 15, 4, 'organizado', 4, 'o', '2020-05-04 01:29:21', '2020-05-04 01:29:21'),
(29, 16, 1, 'extrovertido', 4, 'e', '2020-05-04 01:30:24', '2020-05-04 01:30:24'),
(30, 16, 2, 'intuitivo', 4, 'n', '2020-05-04 01:30:24', '2020-05-04 01:30:24'),
(31, 16, 3, 'racional', 4, 'r', '2020-05-04 01:30:24', '2020-05-04 01:30:24'),
(32, 16, 4, 'organizado', 4, 'o', '2020-05-04 01:30:24', '2020-05-04 01:30:24'),
(33, 17, 1, 'extrovertido', 4, 'e', '2020-05-04 01:31:25', '2020-05-04 01:31:25'),
(34, 17, 2, 'intuitivo', 4, 'n', '2020-05-04 01:31:25', '2020-05-04 01:31:25'),
(35, 17, 3, 'racional', 4, 'r', '2020-05-04 01:31:25', '2020-05-04 01:31:25'),
(36, 17, 4, 'organizado', 4, 'o', '2020-05-04 01:31:25', '2020-05-04 01:31:25'),
(37, 18, 1, 'extrovertido', 4.025, 'e', '2020-05-04 01:32:31', '2020-05-04 01:32:31'),
(38, 18, 2, 'intuitivo', 4, 'n', '2020-05-04 01:32:31', '2020-05-04 01:32:31'),
(39, 18, 3, 'racional', 4, 'r', '2020-05-04 01:32:31', '2020-05-04 01:32:31'),
(40, 18, 4, 'organizado', 4, 'o', '2020-05-04 01:32:31', '2020-05-04 01:32:31'),
(41, 22, 1, 'introvertido', 3.975, 'i', '2020-05-04 20:19:22', '2020-05-04 20:19:22'),
(42, 22, 2, 'intuitivo', 4, 'n', '2020-05-04 20:19:22', '2020-05-04 20:19:22'),
(43, 22, 3, 'racional', 4, 'r', '2020-05-04 20:19:22', '2020-05-04 20:19:22'),
(44, 22, 4, 'organizado', 4, 'o', '2020-05-04 20:19:22', '2020-05-04 20:19:22'),
(45, 23, 1, 'extrovertido', 4, 'e', '2020-05-04 21:21:58', '2020-05-04 21:21:58'),
(46, 23, 2, 'intuitivo', 4, 'n', '2020-05-04 21:21:58', '2020-05-04 21:21:58'),
(47, 23, 3, 'racional', 4, 'r', '2020-05-04 21:21:58', '2020-05-04 21:21:58'),
(48, 23, 4, 'casual', 3.875, 'c', '2020-05-04 21:21:58', '2020-05-04 21:21:58'),
(49, 25, 1, 'extrovertido', 4.075, 'e', '2020-05-05 21:33:02', '2020-05-05 21:33:02'),
(50, 25, 2, 'intuitivo', 4, 'n', '2020-05-05 21:33:02', '2020-05-05 21:33:02'),
(51, 25, 3, 'racional', 4, 'r', '2020-05-05 21:33:02', '2020-05-05 21:33:02'),
(52, 25, 4, 'organizado', 4, 'o', '2020-05-05 21:33:02', '2020-05-05 21:33:02');

-- --------------------------------------------------------

--
-- Estructura de tabla para la tabla `carreras`
--

CREATE TABLE `carreras` (
  `id` bigint(20) UNSIGNED NOT NULL,
  `nombre` varchar(191) NOT NULL,
  `siglas` varchar(191) NOT NULL,
  `estado` char(1) NOT NULL DEFAULT '1' COMMENT '0-Inactivo/1-Activo',
  `interes` text NOT NULL,
  `created_at` timestamp NULL DEFAULT NULL,
  `updated_at` timestamp NULL DEFAULT NULL
) ENGINE=InnoDB DEFAULT CHARSET=utf8;

--
-- Volcado de datos para la tabla `carreras`
--

INSERT INTO `carreras` (`id`, `nombre`, `siglas`, `estado`, `interes`, `created_at`, `updated_at`) VALUES
(1, 'ADMINISTRACIÓN', 'ADM', '1', 'Interés en la planificación, organización, dirección y control de los\r\n            recursos (máquinas, equipos, insumos, personas) de una empresa, hotel o\r\n            fábrica con la finalidad de optimizar sus beneficios.', NULL, NULL),
(2, 'AGRARIO', 'AGR', '1', 'Interés por la mejora de la calidad de la producción y transformación de\r\n            productos alimentarios para el consumo humano.', NULL, NULL),
(3, 'ARTÍSTICO', 'ART', '1', 'Interés por la producción o participación en presentaciones artísticas de\r\n            teatro, danza o música.', NULL, NULL),
(4, 'COMUNICACIÓN', 'COM', '1', 'Interés en la realización de producciones verbales o gráficas con la\r\n            finalidad de informar, publicitar o entretener a la población a través de\r\n            diferentes medios.', NULL, NULL),
(5, 'CONSTRUCCIÓN', 'CON', '1', 'Interés en el diseño, construcción y mantenimiento de la infraestructura\r\n            acorde a las necesidades de las personas.', NULL, NULL),
(6, 'CULINARIO', 'CUL', '1', 'Interés en la preparación de alimentos, la creación de nuevas recetas y la\r\n            presentación atractiva de comidas, postres y pasteles.', NULL, NULL),
(7, 'DEPORTIVO', 'DEP', '1', 'Interés por el entrenamiento y rendimiento físico de las personas en\r\n            actividades deportivas.', NULL, NULL),
(8, 'DISEÑO ARTÍSTICO', 'DIS', '1', 'Interés en la creación de diseños y objetos de arte que son empleados en\r\n            campos como la decoración, moda, entre otros.', NULL, NULL),
(9, 'FINANCIERO', 'FIN', '1', 'Interés en la toma de decisiones sobre las finanzas, el registro y el control\r\n            de los ingresos y egresos de una empresa u organización económica con la\r\n            finalidad de obtener las mayores ganancias.', NULL, NULL),
(10, 'INFORMÁTICA', 'INF', '1', 'Interés en el diseño y control de los sistemas de almacenamiento,\r\n            procesamiento y protección de la información.', NULL, NULL),
(11, 'JURÍDICO', 'JUR', '1', 'Interés en la defensa de los derechos y la asesoría jurídica y legal de las\r\n            personas así como en ser mediador entre dos partes para llegar a acuerdos.', NULL, NULL),
(12, 'MARKETING', 'MAR', '1', 'Interés en la identificación de las necesidades de los clientes para\r\n            ofrecerles productos y servicios competitivos en el mercado.', NULL, NULL),
(13, 'MECANICO / ELECTRONICO', 'MEC', '1', 'Interés en el funcionamiento y manejo de sistemas, máquinas y\r\n            herramientas de tipo mecánico, eléctrico o electrónico.', NULL, NULL),
(14, 'MINERO', 'MIN', '1', 'Interés por el estudio, la búsqueda y la extracción de los recursos\r\n            minerales.', NULL, NULL),
(15, 'PEDAGOGÍA', 'PED', '1', 'Interés en la mejora de los procesos de enseñanza y aprendizaje.', NULL, NULL),
(16, 'SALUD', 'SAL', '1', 'Interés en la atención de las necesidades de salud física y mental de las\r\n            personas así como en la orientación para mejorar su calidad de vida', NULL, NULL),
(17, 'SOCIAL', 'SOC', '1', 'Interés y preocupación por el bienestar de las personas orientándolas hacia\r\n            el logro de sus objetivos personales.', NULL, NULL),
(18, 'TRADUCCIÓN', 'TRA', '1', 'Interés en la interpretación de la producción oral y escrita de distintos\r\n            grupos sociales como una manifestación de su cultura.', NULL, NULL),
(19, 'TURISMO', 'TUR', '1', 'Interés por la promoción y realización de la actividad turística y hotelera\r\n            de un país.', NULL, NULL),
(20, 'VETERINARIA', 'VET', '1', 'Interés en técnicas quirúrgicas, fisioterapia y rehabilitación animal. \r\n            Capaz de prevenir, diagnosticar y tratar enfermedades en pequeñas y grandes especies. Administrar tu propio consultorio o clínica veterinaria.', NULL, NULL);

-- --------------------------------------------------------

--
-- Estructura de tabla para la tabla `carrera_interes`
--

CREATE TABLE `carrera_interes` (
  `id` bigint(20) UNSIGNED NOT NULL,
  `carrera_id` bigint(20) UNSIGNED NOT NULL,
  `nombre` varchar(191) NOT NULL,
  `estado` char(1) NOT NULL DEFAULT '1' COMMENT '0-Inactivo/1-Activo',
  `created_at` timestamp NULL DEFAULT NULL,
  `updated_at` timestamp NULL DEFAULT NULL
) ENGINE=InnoDB DEFAULT CHARSET=utf8;

--
-- Volcado de datos para la tabla `carrera_interes`
--

INSERT INTO `carrera_interes` (`id`, `carrera_id`, `nombre`, `estado`, `created_at`, `updated_at`) VALUES
(1, 1, 'Administración/Gestión', '1', NULL, NULL),
(2, 1, 'Administración y Gestión Comercial', '1', NULL, NULL),
(3, 1, 'Administración y Negocios Internacionales', '1', NULL, NULL),
(4, 1, 'Ingeniería de Gestión Empresarial', '1', NULL, NULL),
(5, 1, 'Ingeniería Industrial', '1', NULL, NULL),
(6, 1, 'Recursos Humanos', '1', NULL, NULL),
(7, 2, 'Administración y Agronegocios', '1', NULL, NULL),
(8, 2, 'Ciencia de los Alimentos', '1', NULL, NULL),
(9, 2, 'Industrias Alimentarias', '1', NULL, NULL),
(10, 2, 'Ingeniería Agroindustrial', '1', NULL, NULL),
(11, 2, 'Ingeniería de Industria Alimentaria', '1', NULL, NULL),
(12, 3, 'Artes Escénicas', '1', NULL, NULL),
(13, 3, 'Artista Profesional', '1', NULL, NULL),
(14, 3, 'Danza', '1', NULL, NULL),
(15, 3, 'Música', '1', NULL, NULL),
(16, 4, 'Artes Visuales', '1', NULL, NULL),
(17, 4, 'Ciencias de la Comunicación', '1', NULL, NULL),
(18, 4, 'Comunicación Audiovisual y Medios Interactivos', '1', NULL, NULL),
(19, 4, 'Comunicación e Imagen Empresarial', '1', NULL, NULL),
(20, 4, 'Comunicación Social', '1', NULL, NULL),
(21, 4, 'Comunicación y Periodismo', '1', NULL, NULL),
(22, 4, 'Locución', '1', NULL, NULL),
(23, 4, 'Periodismo', '1', NULL, NULL),
(24, 5, 'Ingeniería Civil', '1', NULL, NULL),
(25, 6, 'Arte culinario', '1', NULL, NULL),
(26, 6, 'Gastronomía', '1', NULL, NULL),
(27, 6, 'Gastronomía y Gestión de Restaurantes', '1', NULL, NULL),
(28, 7, 'Ciencias del Deporte', '1', NULL, NULL),
(29, 7, 'Profesor o Preparador Físico', '1', NULL, NULL),
(30, 7, 'Administración y Negocios del Deporte', '1', NULL, NULL),
(31, 8, 'Dirección de Artes Gráficas y Publicitarias', '1', NULL, NULL),
(32, 8, 'Diseño Publicitario', '1', NULL, NULL),
(33, 8, 'Diseño de Moda', '1', NULL, NULL),
(34, 8, 'Diseño Gráfico', '1', NULL, NULL),
(35, 8, 'Diseño Industrial', '1', NULL, NULL),
(36, 8, 'Arquitectura', '1', NULL, NULL),
(37, 8, 'Arquitectura de Interiores', '1', NULL, NULL),
(38, 8, 'Diseño de Interiores', '1', NULL, NULL),
(39, 9, 'Administración y Finanzas', '1', NULL, NULL),
(40, 9, 'Contabilidad', '1', NULL, NULL),
(41, 9, 'Contabilidad y Administración', '1', NULL, NULL),
(42, 9, 'Economía', '1', NULL, NULL),
(43, 10, 'Ciencias de la Computación', '1', NULL, NULL),
(44, 10, 'Diseño Web', '1', NULL, NULL),
(45, 10, 'Informática', '1', NULL, NULL),
(46, 10, 'Informática Empresarial', '1', NULL, NULL),
(47, 10, 'Ingeniería de Sistemas', '1', NULL, NULL),
(48, 10, 'Ingeniería de Sistemas de Información', '1', NULL, NULL),
(49, 10, 'Ingeniería de Software', '1', NULL, NULL),
(50, 10, 'Seguridad Informática', '1', NULL, NULL),
(51, 11, 'Derecho', '1', NULL, NULL),
(52, 11, 'Derecho y Ciencias Políticas', '1', NULL, NULL),
(53, 12, 'Administración y Marketing', '1', NULL, NULL),
(54, 12, 'Comunicación e Imagen Empresarial', '1', NULL, NULL),
(55, 12, 'Comunicación y Marketing', '1', NULL, NULL),
(56, 12, 'Publicidad', '1', NULL, NULL),
(57, 12, 'Comunicación y Publicidad', '1', NULL, NULL),
(58, 13, 'Ingeniería Electrónica', '1', NULL, NULL),
(59, 13, 'Ingeniería Mecánica', '1', NULL, NULL),
(60, 13, 'Ingeniería Mecatrónica', '1', NULL, NULL),
(61, 14, 'Ingeniería de Gestión Minera', '1', NULL, NULL),
(62, 14, 'Ingeniería de Minas', '1', NULL, NULL),
(63, 15, 'Educación', '1', NULL, NULL),
(64, 15, 'Educación Especial', '1', NULL, NULL),
(65, 15, 'Educación y Gestión del Aprendizaje', '1', NULL, NULL),
(66, 16, 'Enfermería', '1', NULL, NULL),
(67, 16, 'Medicina', '1', NULL, NULL),
(68, 16, 'Odontología', '1', NULL, NULL),
(69, 16, 'Terapia Física', '1', NULL, NULL),
(70, 16, 'Nutrición y Dietética', '1', NULL, NULL),
(71, 17, 'Psicología', '1', NULL, NULL),
(72, 18, 'Traducción e Interpretación Profesional', '1', NULL, NULL),
(73, 19, 'Ecoturismo', '1', NULL, NULL),
(74, 19, 'Turismo', '1', NULL, NULL),
(75, 19, 'Hotelería', '1', NULL, NULL),
(76, 19, 'Hotelería y Administración', '1', NULL, NULL),
(77, 20, 'Medicina Veterinaria', '1', NULL, NULL);

-- --------------------------------------------------------

--
-- Estructura de tabla para la tabla `carrera_puntaje`
--

CREATE TABLE `carrera_puntaje` (
  `id` bigint(20) UNSIGNED NOT NULL,
  `encuesta_puntaje_id` bigint(20) UNSIGNED NOT NULL,
  `carrera_id` bigint(20) UNSIGNED NOT NULL,
  `puntaje` double NOT NULL,
  `created_at` timestamp NULL DEFAULT NULL,
  `updated_at` timestamp NULL DEFAULT NULL
) ENGINE=InnoDB DEFAULT CHARSET=utf8;

--
-- Volcado de datos para la tabla `carrera_puntaje`
--

INSERT INTO `carrera_puntaje` (`id`, `encuesta_puntaje_id`, `carrera_id`, `puntaje`, `created_at`, `updated_at`) VALUES
(1, 1, 1, 84, '2020-05-03 17:02:11', '2020-05-03 17:02:11'),
(2, 1, 2, 79, '2020-05-03 17:02:11', '2020-05-03 17:02:11'),
(3, 1, 3, 84, '2020-05-03 17:02:11', '2020-05-03 17:02:11'),
(4, 1, 4, 84, '2020-05-03 17:02:11', '2020-05-03 17:02:11'),
(5, 1, 5, 84, '2020-05-03 17:02:11', '2020-05-03 17:02:11'),
(6, 1, 6, 84, '2020-05-03 17:02:11', '2020-05-03 17:02:11'),
(7, 1, 7, 84, '2020-05-03 17:02:11', '2020-05-03 17:02:11'),
(8, 1, 8, 84, '2020-05-03 17:02:11', '2020-05-03 17:02:11'),
(9, 1, 9, 84, '2020-05-03 17:02:11', '2020-05-03 17:02:11'),
(10, 1, 10, 84, '2020-05-03 17:02:11', '2020-05-03 17:02:11'),
(11, 1, 11, 84, '2020-05-03 17:02:11', '2020-05-03 17:02:11'),
(12, 1, 12, 84, '2020-05-03 17:02:11', '2020-05-03 17:02:11'),
(13, 1, 13, 84, '2020-05-03 17:02:11', '2020-05-03 17:02:11'),
(14, 1, 14, 84, '2020-05-03 17:02:11', '2020-05-03 17:02:11'),
(15, 1, 15, 84, '2020-05-03 17:02:11', '2020-05-03 17:02:11'),
(16, 1, 16, 68, '2020-05-03 17:02:11', '2020-05-03 17:02:11'),
(17, 1, 17, 84, '2020-05-03 17:02:11', '2020-05-03 17:02:11'),
(18, 1, 18, 68, '2020-05-03 17:02:11', '2020-05-03 17:02:11'),
(19, 1, 19, 68, '2020-05-03 17:02:11', '2020-05-03 17:02:11'),
(20, 1, 20, 36, '2020-05-03 17:02:11', '2020-05-03 17:02:11'),
(21, 4, 1, 46, '2020-05-03 21:40:04', '2020-05-03 21:40:04'),
(22, 4, 2, 46, '2020-05-03 21:40:04', '2020-05-03 21:40:04'),
(23, 4, 3, 46, '2020-05-03 21:40:04', '2020-05-03 21:40:04'),
(24, 4, 4, 44, '2020-05-03 21:40:04', '2020-05-03 21:40:04'),
(25, 4, 5, 46, '2020-05-03 21:40:04', '2020-05-03 21:40:04'),
(26, 4, 6, 46, '2020-05-03 21:40:04', '2020-05-03 21:40:04'),
(27, 4, 7, 46, '2020-05-03 21:40:04', '2020-05-03 21:40:04'),
(28, 4, 8, 46, '2020-05-03 21:40:04', '2020-05-03 21:40:04'),
(29, 4, 9, 44, '2020-05-03 21:40:04', '2020-05-03 21:40:04'),
(30, 4, 10, 43, '2020-05-03 21:40:04', '2020-05-03 21:40:04'),
(31, 4, 11, 36, '2020-05-03 21:40:04', '2020-05-03 21:40:04'),
(32, 4, 12, 36, '2020-05-03 21:40:04', '2020-05-03 21:40:04'),
(33, 4, 13, 36, '2020-05-03 21:40:04', '2020-05-03 21:40:04'),
(34, 4, 14, 36, '2020-05-03 21:40:04', '2020-05-03 21:40:04'),
(35, 4, 15, 36, '2020-05-03 21:40:04', '2020-05-03 21:40:04'),
(36, 4, 16, 36, '2020-05-03 21:40:04', '2020-05-03 21:40:04'),
(37, 4, 17, 36, '2020-05-03 21:40:04', '2020-05-03 21:40:04'),
(38, 4, 18, 36, '2020-05-03 21:40:04', '2020-05-03 21:40:04'),
(39, 4, 19, 36, '2020-05-03 21:40:04', '2020-05-03 21:40:04'),
(40, 4, 20, 84, '2020-05-03 21:40:04', '2020-05-03 21:40:04'),
(41, 5, 1, 84, '2020-05-03 23:28:14', '2020-05-03 23:28:14'),
(42, 5, 2, 84, '2020-05-03 23:28:14', '2020-05-03 23:28:14'),
(43, 5, 3, 84, '2020-05-03 23:28:14', '2020-05-03 23:28:14'),
(44, 5, 4, 84, '2020-05-03 23:28:14', '2020-05-03 23:28:14'),
(45, 5, 5, 84, '2020-05-03 23:28:14', '2020-05-03 23:28:14'),
(46, 5, 6, 84, '2020-05-03 23:28:14', '2020-05-03 23:28:14'),
(47, 5, 7, 84, '2020-05-03 23:28:14', '2020-05-03 23:28:14'),
(48, 5, 8, 84, '2020-05-03 23:28:14', '2020-05-03 23:28:14'),
(49, 5, 9, 68, '2020-05-03 23:28:14', '2020-05-03 23:28:14'),
(50, 5, 10, 68, '2020-05-03 23:28:14', '2020-05-03 23:28:14'),
(51, 5, 11, 68, '2020-05-03 23:28:14', '2020-05-03 23:28:14'),
(52, 5, 12, 68, '2020-05-03 23:28:14', '2020-05-03 23:28:14'),
(53, 5, 13, 84, '2020-05-03 23:28:14', '2020-05-03 23:28:14'),
(54, 5, 14, 77, '2020-05-03 23:28:14', '2020-05-03 23:28:14'),
(55, 5, 15, 68, '2020-05-03 23:28:14', '2020-05-03 23:28:14'),
(56, 5, 16, 57, '2020-05-03 23:28:14', '2020-05-03 23:28:14'),
(57, 5, 17, 84, '2020-05-03 23:28:14', '2020-05-03 23:28:14'),
(58, 5, 18, 84, '2020-05-03 23:28:14', '2020-05-03 23:28:14'),
(59, 5, 19, 84, '2020-05-03 23:28:14', '2020-05-03 23:28:14'),
(60, 5, 20, 36, '2020-05-03 23:28:14', '2020-05-03 23:28:14'),
(61, 7, 1, 88, '2020-05-03 23:40:13', '2020-05-03 23:40:13'),
(62, 7, 2, 84, '2020-05-03 23:40:13', '2020-05-03 23:40:13'),
(63, 7, 3, 84, '2020-05-03 23:40:13', '2020-05-03 23:40:13'),
(64, 7, 4, 84, '2020-05-03 23:40:13', '2020-05-03 23:40:13'),
(65, 7, 5, 84, '2020-05-03 23:40:13', '2020-05-03 23:40:13'),
(66, 7, 6, 84, '2020-05-03 23:40:13', '2020-05-03 23:40:13'),
(67, 7, 7, 84, '2020-05-03 23:40:13', '2020-05-03 23:40:13'),
(68, 7, 8, 84, '2020-05-03 23:40:13', '2020-05-03 23:40:13'),
(69, 7, 9, 84, '2020-05-03 23:40:13', '2020-05-03 23:40:13'),
(70, 7, 10, 84, '2020-05-03 23:40:13', '2020-05-03 23:40:13'),
(71, 7, 11, 84, '2020-05-03 23:40:13', '2020-05-03 23:40:13'),
(72, 7, 12, 84, '2020-05-03 23:40:13', '2020-05-03 23:40:13'),
(73, 7, 13, 84, '2020-05-03 23:40:14', '2020-05-03 23:40:14'),
(74, 7, 14, 84, '2020-05-03 23:40:14', '2020-05-03 23:40:14'),
(75, 7, 15, 84, '2020-05-03 23:40:14', '2020-05-03 23:40:14'),
(76, 7, 16, 68, '2020-05-03 23:40:14', '2020-05-03 23:40:14'),
(77, 7, 17, 84, '2020-05-03 23:40:14', '2020-05-03 23:40:14'),
(78, 7, 18, 84, '2020-05-03 23:40:14', '2020-05-03 23:40:14'),
(79, 7, 19, 84, '2020-05-03 23:40:14', '2020-05-03 23:40:14'),
(80, 7, 20, 36, '2020-05-03 23:40:14', '2020-05-03 23:40:14'),
(81, 8, 1, 68, '2020-05-03 23:44:05', '2020-05-03 23:44:05'),
(82, 8, 2, 68, '2020-05-03 23:44:05', '2020-05-03 23:44:05'),
(83, 8, 3, 68, '2020-05-03 23:44:05', '2020-05-03 23:44:05'),
(84, 8, 4, 68, '2020-05-03 23:44:05', '2020-05-03 23:44:05'),
(85, 8, 5, 68, '2020-05-03 23:44:05', '2020-05-03 23:44:05'),
(86, 8, 6, 68, '2020-05-03 23:44:05', '2020-05-03 23:44:05'),
(87, 8, 7, 52, '2020-05-03 23:44:05', '2020-05-03 23:44:05'),
(88, 8, 8, 52, '2020-05-03 23:44:05', '2020-05-03 23:44:05'),
(89, 8, 9, 52, '2020-05-03 23:44:05', '2020-05-03 23:44:05'),
(90, 8, 10, 52, '2020-05-03 23:44:05', '2020-05-03 23:44:05'),
(91, 8, 11, 68, '2020-05-03 23:44:05', '2020-05-03 23:44:05'),
(92, 8, 12, 68, '2020-05-03 23:44:05', '2020-05-03 23:44:05'),
(93, 8, 13, 68, '2020-05-03 23:44:05', '2020-05-03 23:44:05'),
(94, 8, 14, 68, '2020-05-03 23:44:05', '2020-05-03 23:44:05'),
(95, 8, 15, 68, '2020-05-03 23:44:05', '2020-05-03 23:44:05'),
(96, 8, 16, 57, '2020-05-03 23:44:05', '2020-05-03 23:44:05'),
(97, 8, 17, 68, '2020-05-03 23:44:05', '2020-05-03 23:44:05'),
(98, 8, 18, 68, '2020-05-03 23:44:05', '2020-05-03 23:44:05'),
(99, 8, 19, 68, '2020-05-03 23:44:05', '2020-05-03 23:44:05'),
(100, 8, 20, 43, '2020-05-03 23:44:05', '2020-05-03 23:44:05'),
(101, 9, 1, 68, '2020-05-03 23:45:48', '2020-05-03 23:45:48'),
(102, 9, 2, 63, '2020-05-03 23:45:48', '2020-05-03 23:45:48'),
(103, 9, 3, 68, '2020-05-03 23:45:48', '2020-05-03 23:45:48'),
(104, 9, 4, 68, '2020-05-03 23:45:48', '2020-05-03 23:45:48'),
(105, 9, 5, 68, '2020-05-03 23:45:48', '2020-05-03 23:45:48'),
(106, 9, 6, 68, '2020-05-03 23:45:48', '2020-05-03 23:45:48'),
(107, 9, 7, 68, '2020-05-03 23:45:48', '2020-05-03 23:45:48'),
(108, 9, 8, 68, '2020-05-03 23:45:48', '2020-05-03 23:45:48'),
(109, 9, 9, 54, '2020-05-03 23:45:48', '2020-05-03 23:45:48'),
(110, 9, 10, 52, '2020-05-03 23:45:48', '2020-05-03 23:45:48'),
(111, 9, 11, 52, '2020-05-03 23:45:48', '2020-05-03 23:45:48'),
(112, 9, 12, 68, '2020-05-03 23:45:48', '2020-05-03 23:45:48'),
(113, 9, 13, 68, '2020-05-03 23:45:48', '2020-05-03 23:45:48'),
(114, 9, 14, 68, '2020-05-03 23:45:48', '2020-05-03 23:45:48'),
(115, 9, 15, 68, '2020-05-03 23:45:48', '2020-05-03 23:45:48'),
(116, 9, 16, 79, '2020-05-03 23:45:48', '2020-05-03 23:45:48'),
(117, 9, 17, 68, '2020-05-03 23:45:48', '2020-05-03 23:45:48'),
(118, 9, 18, 68, '2020-05-03 23:45:48', '2020-05-03 23:45:48'),
(119, 9, 19, 68, '2020-05-03 23:45:48', '2020-05-03 23:45:48'),
(120, 9, 20, 100, '2020-05-03 23:45:48', '2020-05-03 23:45:48'),
(121, 10, 1, 36, '2020-05-03 23:47:17', '2020-05-03 23:47:17'),
(122, 10, 2, 36, '2020-05-03 23:47:17', '2020-05-03 23:47:17'),
(123, 10, 3, 36, '2020-05-03 23:47:17', '2020-05-03 23:47:17'),
(124, 10, 4, 36, '2020-05-03 23:47:17', '2020-05-03 23:47:17'),
(125, 10, 5, 36, '2020-05-03 23:47:17', '2020-05-03 23:47:17'),
(126, 10, 6, 36, '2020-05-03 23:47:17', '2020-05-03 23:47:17'),
(127, 10, 7, 36, '2020-05-03 23:47:17', '2020-05-03 23:47:17'),
(128, 10, 8, 36, '2020-05-03 23:47:17', '2020-05-03 23:47:17'),
(129, 10, 9, 36, '2020-05-03 23:47:17', '2020-05-03 23:47:17'),
(130, 10, 10, 36, '2020-05-03 23:47:17', '2020-05-03 23:47:17'),
(131, 10, 11, 36, '2020-05-03 23:47:17', '2020-05-03 23:47:17'),
(132, 10, 12, 36, '2020-05-03 23:47:17', '2020-05-03 23:47:17'),
(133, 10, 13, 36, '2020-05-03 23:47:17', '2020-05-03 23:47:17'),
(134, 10, 14, 36, '2020-05-03 23:47:17', '2020-05-03 23:47:17'),
(135, 10, 15, 36, '2020-05-03 23:47:17', '2020-05-03 23:47:17'),
(136, 10, 16, 36, '2020-05-03 23:47:17', '2020-05-03 23:47:17'),
(137, 10, 17, 36, '2020-05-03 23:47:17', '2020-05-03 23:47:17'),
(138, 10, 18, 36, '2020-05-03 23:47:17', '2020-05-03 23:47:17'),
(139, 10, 19, 36, '2020-05-03 23:47:17', '2020-05-03 23:47:17'),
(140, 10, 20, 36, '2020-05-03 23:47:17', '2020-05-03 23:47:17'),
(141, 14, 1, 100, '2020-05-04 01:28:08', '2020-05-04 01:28:08'),
(142, 14, 2, 95, '2020-05-04 01:28:08', '2020-05-04 01:28:08'),
(143, 14, 3, 100, '2020-05-04 01:28:08', '2020-05-04 01:28:08'),
(144, 14, 4, 100, '2020-05-04 01:28:08', '2020-05-04 01:28:08'),
(145, 14, 5, 100, '2020-05-04 01:28:08', '2020-05-04 01:28:08'),
(146, 14, 6, 100, '2020-05-04 01:28:08', '2020-05-04 01:28:08'),
(147, 14, 7, 100, '2020-05-04 01:28:08', '2020-05-04 01:28:08'),
(148, 14, 8, 100, '2020-05-04 01:28:08', '2020-05-04 01:28:08'),
(149, 14, 9, 100, '2020-05-04 01:28:08', '2020-05-04 01:28:08'),
(150, 14, 10, 100, '2020-05-04 01:28:08', '2020-05-04 01:28:08'),
(151, 14, 11, 100, '2020-05-04 01:28:08', '2020-05-04 01:28:08'),
(152, 14, 12, 100, '2020-05-04 01:28:08', '2020-05-04 01:28:08'),
(153, 14, 13, 100, '2020-05-04 01:28:08', '2020-05-04 01:28:08'),
(154, 14, 14, 100, '2020-05-04 01:28:08', '2020-05-04 01:28:08'),
(155, 14, 15, 100, '2020-05-04 01:28:08', '2020-05-04 01:28:08'),
(156, 14, 16, 100, '2020-05-04 01:28:08', '2020-05-04 01:28:08'),
(157, 14, 17, 100, '2020-05-04 01:28:08', '2020-05-04 01:28:08'),
(158, 14, 18, 100, '2020-05-04 01:28:08', '2020-05-04 01:28:08'),
(159, 14, 19, 100, '2020-05-04 01:28:08', '2020-05-04 01:28:08'),
(160, 14, 20, 100, '2020-05-04 01:28:08', '2020-05-04 01:28:08'),
(161, 19, 1, 84, '2020-05-04 01:39:54', '2020-05-04 01:39:54'),
(162, 19, 2, 84, '2020-05-04 01:39:54', '2020-05-04 01:39:54'),
(163, 19, 3, 84, '2020-05-04 01:39:54', '2020-05-04 01:39:54'),
(164, 19, 4, 100, '2020-05-04 01:39:54', '2020-05-04 01:39:54'),
(165, 19, 5, 100, '2020-05-04 01:39:54', '2020-05-04 01:39:54'),
(166, 19, 6, 100, '2020-05-04 01:39:54', '2020-05-04 01:39:54'),
(167, 19, 7, 100, '2020-05-04 01:39:54', '2020-05-04 01:39:54'),
(168, 19, 8, 100, '2020-05-04 01:39:54', '2020-05-04 01:39:54'),
(169, 19, 9, 100, '2020-05-04 01:39:54', '2020-05-04 01:39:54'),
(170, 19, 10, 100, '2020-05-04 01:39:54', '2020-05-04 01:39:54'),
(171, 19, 11, 100, '2020-05-04 01:39:54', '2020-05-04 01:39:54'),
(172, 19, 12, 100, '2020-05-04 01:39:54', '2020-05-04 01:39:54'),
(173, 19, 13, 100, '2020-05-04 01:39:54', '2020-05-04 01:39:54'),
(174, 19, 14, 100, '2020-05-04 01:39:54', '2020-05-04 01:39:54'),
(175, 19, 15, 84, '2020-05-04 01:39:54', '2020-05-04 01:39:54'),
(176, 19, 16, 68, '2020-05-04 01:39:54', '2020-05-04 01:39:54'),
(177, 19, 17, 84, '2020-05-04 01:39:54', '2020-05-04 01:39:54'),
(178, 19, 18, 84, '2020-05-04 01:39:54', '2020-05-04 01:39:54'),
(179, 19, 19, 84, '2020-05-04 01:39:54', '2020-05-04 01:39:54'),
(180, 19, 20, 36, '2020-05-04 01:39:54', '2020-05-04 01:39:54'),
(181, 20, 1, 36, '2020-05-04 01:41:31', '2020-05-04 01:41:31'),
(182, 20, 2, 36, '2020-05-04 01:41:31', '2020-05-04 01:41:31'),
(183, 20, 3, 36, '2020-05-04 01:41:31', '2020-05-04 01:41:31'),
(184, 20, 4, 36, '2020-05-04 01:41:31', '2020-05-04 01:41:31'),
(185, 20, 5, 36, '2020-05-04 01:41:31', '2020-05-04 01:41:31'),
(186, 20, 6, 36, '2020-05-04 01:41:31', '2020-05-04 01:41:31'),
(187, 20, 7, 36, '2020-05-04 01:41:31', '2020-05-04 01:41:31'),
(188, 20, 8, 36, '2020-05-04 01:41:31', '2020-05-04 01:41:31'),
(189, 20, 9, 36, '2020-05-04 01:41:31', '2020-05-04 01:41:31'),
(190, 20, 10, 36, '2020-05-04 01:41:31', '2020-05-04 01:41:31'),
(191, 20, 11, 36, '2020-05-04 01:41:31', '2020-05-04 01:41:31'),
(192, 20, 12, 36, '2020-05-04 01:41:31', '2020-05-04 01:41:31'),
(193, 20, 13, 36, '2020-05-04 01:41:31', '2020-05-04 01:41:31'),
(194, 20, 14, 36, '2020-05-04 01:41:31', '2020-05-04 01:41:31'),
(195, 20, 15, 36, '2020-05-04 01:41:31', '2020-05-04 01:41:31'),
(196, 20, 16, 36, '2020-05-04 01:41:31', '2020-05-04 01:41:31'),
(197, 20, 17, 36, '2020-05-04 01:41:31', '2020-05-04 01:41:31'),
(198, 20, 18, 36, '2020-05-04 01:41:31', '2020-05-04 01:41:31'),
(199, 20, 19, 36, '2020-05-04 01:41:31', '2020-05-04 01:41:31'),
(200, 20, 20, 36, '2020-05-04 01:41:31', '2020-05-04 01:41:31'),
(201, 21, 1, 43, '2020-05-04 01:42:38', '2020-05-04 01:42:38'),
(202, 21, 2, 36, '2020-05-04 01:42:38', '2020-05-04 01:42:38'),
(203, 21, 3, 36, '2020-05-04 01:42:38', '2020-05-04 01:42:38'),
(204, 21, 4, 36, '2020-05-04 01:42:38', '2020-05-04 01:42:38'),
(205, 21, 5, 36, '2020-05-04 01:42:38', '2020-05-04 01:42:38'),
(206, 21, 6, 36, '2020-05-04 01:42:38', '2020-05-04 01:42:38'),
(207, 21, 7, 36, '2020-05-04 01:42:38', '2020-05-04 01:42:38'),
(208, 21, 8, 36, '2020-05-04 01:42:38', '2020-05-04 01:42:38'),
(209, 21, 9, 36, '2020-05-04 01:42:38', '2020-05-04 01:42:38'),
(210, 21, 10, 36, '2020-05-04 01:42:38', '2020-05-04 01:42:38'),
(211, 21, 11, 36, '2020-05-04 01:42:38', '2020-05-04 01:42:38'),
(212, 21, 12, 36, '2020-05-04 01:42:38', '2020-05-04 01:42:38'),
(213, 21, 13, 36, '2020-05-04 01:42:38', '2020-05-04 01:42:38'),
(214, 21, 14, 36, '2020-05-04 01:42:38', '2020-05-04 01:42:38'),
(215, 21, 15, 36, '2020-05-04 01:42:38', '2020-05-04 01:42:38'),
(216, 21, 16, 36, '2020-05-04 01:42:38', '2020-05-04 01:42:38'),
(217, 21, 17, 36, '2020-05-04 01:42:38', '2020-05-04 01:42:38'),
(218, 21, 18, 36, '2020-05-04 01:42:38', '2020-05-04 01:42:38'),
(219, 21, 19, 36, '2020-05-04 01:42:38', '2020-05-04 01:42:38'),
(220, 21, 20, 36, '2020-05-04 01:42:38', '2020-05-04 01:42:38'),
(221, 24, 1, 42, '2020-05-05 02:08:24', '2020-05-05 02:08:24'),
(222, 24, 2, 36, '2020-05-05 02:08:24', '2020-05-05 02:08:24'),
(223, 24, 3, 78, '2020-05-05 02:08:24', '2020-05-05 02:08:24'),
(224, 24, 4, 77, '2020-05-05 02:08:24', '2020-05-05 02:08:24'),
(225, 24, 5, 36, '2020-05-05 02:08:24', '2020-05-05 02:08:24'),
(226, 24, 6, 49, '2020-05-05 02:08:24', '2020-05-05 02:08:24'),
(227, 24, 7, 36, '2020-05-05 02:08:24', '2020-05-05 02:08:24'),
(228, 24, 8, 44, '2020-05-05 02:08:24', '2020-05-05 02:08:24'),
(229, 24, 9, 40, '2020-05-05 02:08:24', '2020-05-05 02:08:24'),
(230, 24, 10, 36, '2020-05-05 02:08:24', '2020-05-05 02:08:24'),
(231, 24, 11, 36, '2020-05-05 02:08:24', '2020-05-05 02:08:24'),
(232, 24, 12, 54, '2020-05-05 02:08:24', '2020-05-05 02:08:24'),
(233, 24, 13, 36, '2020-05-05 02:08:24', '2020-05-05 02:08:24'),
(234, 24, 14, 36, '2020-05-05 02:08:24', '2020-05-05 02:08:24'),
(235, 24, 15, 82, '2020-05-05 02:08:24', '2020-05-05 02:08:24'),
(236, 24, 16, 64, '2020-05-05 02:08:24', '2020-05-05 02:08:24'),
(237, 24, 17, 100, '2020-05-05 02:08:24', '2020-05-05 02:08:24'),
(238, 24, 18, 50, '2020-05-05 02:08:24', '2020-05-05 02:08:24'),
(239, 24, 19, 62, '2020-05-05 02:08:24', '2020-05-05 02:08:24'),
(240, 24, 20, 45, '2020-05-05 02:08:24', '2020-05-05 02:08:24'),
(241, 26, 1, 78, '2020-05-07 14:36:45', '2020-05-07 14:36:45'),
(242, 26, 2, 36, '2020-05-07 14:36:45', '2020-05-07 14:36:45'),
(243, 26, 3, 36, '2020-05-07 14:36:45', '2020-05-07 14:36:45'),
(244, 26, 4, 36, '2020-05-07 14:36:45', '2020-05-07 14:36:45'),
(245, 26, 5, 36, '2020-05-07 14:36:45', '2020-05-07 14:36:45'),
(246, 26, 6, 36, '2020-05-07 14:36:45', '2020-05-07 14:36:45'),
(247, 26, 7, 100, '2020-05-07 14:36:45', '2020-05-07 14:36:45'),
(248, 26, 8, 62, '2020-05-07 14:36:45', '2020-05-07 14:36:45'),
(249, 26, 9, 62, '2020-05-07 14:36:45', '2020-05-07 14:36:45'),
(250, 26, 10, 56, '2020-05-07 14:36:45', '2020-05-07 14:36:45'),
(251, 26, 11, 36, '2020-05-07 14:36:45', '2020-05-07 14:36:45'),
(252, 26, 12, 100, '2020-05-07 14:36:45', '2020-05-07 14:36:45'),
(253, 26, 13, 36, '2020-05-07 14:36:45', '2020-05-07 14:36:45'),
(254, 26, 14, 36, '2020-05-07 14:36:45', '2020-05-07 14:36:45'),
(255, 26, 15, 36, '2020-05-07 14:36:45', '2020-05-07 14:36:45'),
(256, 26, 16, 55, '2020-05-07 14:36:45', '2020-05-07 14:36:45'),
(257, 26, 17, 49, '2020-05-07 14:36:45', '2020-05-07 14:36:45'),
(258, 26, 18, 45, '2020-05-07 14:36:45', '2020-05-07 14:36:45'),
(259, 26, 19, 65, '2020-05-07 14:36:45', '2020-05-07 14:36:45'),
(260, 26, 20, 72, '2020-05-07 14:36:45', '2020-05-07 14:36:45');

-- --------------------------------------------------------

--
-- Estructura de tabla para la tabla `ciudades`
--

CREATE TABLE `ciudades` (
  `id` bigint(20) UNSIGNED NOT NULL,
  `name` varchar(191) NOT NULL,
  `country_id` bigint(20) UNSIGNED NOT NULL
) ENGINE=InnoDB DEFAULT CHARSET=utf8;

--
-- Volcado de datos para la tabla `ciudades`
--

INSERT INTO `ciudades` (`id`, `name`, `country_id`) VALUES
(1, 'Andaman and Nicobar Islands', 101),
(2, 'Andhra Pradesh', 101),
(3, 'Arunachal Pradesh', 101),
(4, 'Assam', 101),
(5, 'Bihar', 101),
(6, 'Chandigarh', 101),
(7, 'Chhattisgarh', 101),
(8, 'Dadra and Nagar Haveli', 101),
(9, 'Daman and Diu', 101),
(10, 'Delhi', 101),
(11, 'Goa', 101),
(12, 'Gujarat', 101),
(13, 'Haryana', 101),
(14, 'Himachal Pradesh', 101),
(15, 'Jammu and Kashmir', 101),
(16, 'Jharkhand', 101),
(17, 'Karnataka', 101),
(18, 'Kenmore', 101),
(19, 'Kerala', 101),
(20, 'Lakshadweep', 101),
(21, 'Madhya Pradesh', 101),
(22, 'Maharashtra', 101),
(23, 'Manipur', 101),
(24, 'Meghalaya', 101),
(25, 'Mizoram', 101),
(26, 'Nagaland', 101),
(27, 'Narora', 101),
(28, 'Natwar', 101),
(29, 'Odisha', 101),
(30, 'Paschim Medinipur', 101),
(31, 'Pondicherry', 101),
(32, 'Punjab', 101),
(33, 'Rajasthan', 101),
(34, 'Sikkim', 101),
(35, 'Tamil Nadu', 101),
(36, 'Telangana', 101),
(37, 'Tripura', 101),
(38, 'Uttar Pradesh', 101),
(39, 'Uttarakhand', 101),
(40, 'Vaishali', 101),
(41, 'West Bengal', 101),
(42, 'Badakhshan', 1),
(43, 'Badgis', 1),
(44, 'Baglan', 1),
(45, 'Balkh', 1),
(46, 'Bamiyan', 1),
(47, 'Farah', 1),
(48, 'Faryab', 1),
(49, 'Gawr', 1),
(50, 'Gazni', 1),
(51, 'Herat', 1),
(52, 'Hilmand', 1),
(53, 'Jawzjan', 1),
(54, 'Kabul', 1),
(55, 'Kapisa', 1),
(56, 'Khawst', 1),
(57, 'Kunar', 1),
(58, 'Lagman', 1),
(59, 'Lawghar', 1),
(60, 'Nangarhar', 1),
(61, 'Nimruz', 1),
(62, 'Nuristan', 1),
(63, 'Paktika', 1),
(64, 'Paktiya', 1),
(65, 'Parwan', 1),
(66, 'Qandahar', 1),
(67, 'Qunduz', 1),
(68, 'Samangan', 1),
(69, 'Sar-e Pul', 1),
(70, 'Takhar', 1),
(71, 'Uruzgan', 1),
(72, 'Wardak', 1),
(73, 'Zabul', 1),
(74, 'Berat', 2),
(75, 'Bulqize', 2),
(76, 'Delvine', 2),
(77, 'Devoll', 2),
(78, 'Dibre', 2),
(79, 'Durres', 2),
(80, 'Elbasan', 2),
(81, 'Fier', 2),
(82, 'Gjirokaster', 2),
(83, 'Gramsh', 2),
(84, 'Has', 2),
(85, 'Kavaje', 2),
(86, 'Kolonje', 2),
(87, 'Korce', 2),
(88, 'Kruje', 2),
(89, 'Kucove', 2),
(90, 'Kukes', 2),
(91, 'Kurbin', 2),
(92, 'Lezhe', 2),
(93, 'Librazhd', 2),
(94, 'Lushnje', 2),
(95, 'Mallakaster', 2),
(96, 'Malsi e Madhe', 2),
(97, 'Mat', 2),
(98, 'Mirdite', 2),
(99, 'Peqin', 2),
(100, 'Permet', 2),
(101, 'Pogradec', 2),
(102, 'Puke', 2),
(103, 'Sarande', 2),
(104, 'Shkoder', 2),
(105, 'Skrapar', 2),
(106, 'Tepelene', 2),
(107, 'Tirane', 2),
(108, 'Tropoje', 2),
(109, 'Vlore', 2),
(110, '\'Ayn Daflah', 3),
(111, '\'Ayn Tamushanat', 3),
(112, 'Adrar', 3),
(113, 'Algiers', 3),
(114, 'Annabah', 3),
(115, 'Bashshar', 3),
(116, 'Batnah', 3),
(117, 'Bijayah', 3),
(118, 'Biskrah', 3),
(119, 'Blidah', 3),
(120, 'Buirah', 3),
(121, 'Bumardas', 3),
(122, 'Burj Bu Arririj', 3),
(123, 'Ghalizan', 3),
(124, 'Ghardayah', 3),
(125, 'Ilizi', 3),
(126, 'Jijili', 3),
(127, 'Jilfah', 3),
(128, 'Khanshalah', 3),
(129, 'Masilah', 3),
(130, 'Midyah', 3),
(131, 'Milah', 3),
(132, 'Muaskar', 3),
(133, 'Mustaghanam', 3),
(134, 'Naama', 3),
(135, 'Oran', 3),
(136, 'Ouargla', 3),
(137, 'Qalmah', 3),
(138, 'Qustantinah', 3),
(139, 'Sakikdah', 3),
(140, 'Satif', 3),
(141, 'Sayda\'', 3),
(142, 'Sidi ban-al-\'Abbas', 3),
(143, 'Suq Ahras', 3),
(144, 'Tamanghasat', 3),
(145, 'Tibazah', 3),
(146, 'Tibissah', 3),
(147, 'Tilimsan', 3),
(148, 'Tinduf', 3),
(149, 'Tisamsilt', 3),
(150, 'Tiyarat', 3),
(151, 'Tizi Wazu', 3),
(152, 'Umm-al-Bawaghi', 3),
(153, 'Wahran', 3),
(154, 'Warqla', 3),
(155, 'Wilaya d Alger', 3),
(156, 'Wilaya de Bejaia', 3),
(157, 'Wilaya de Constantine', 3),
(158, 'al-Aghwat', 3),
(159, 'al-Bayadh', 3),
(160, 'al-Jaza\'ir', 3),
(161, 'al-Wad', 3),
(162, 'ash-Shalif', 3),
(163, 'at-Tarif', 3),
(164, 'Eastern', 4),
(165, 'Manu\'a', 4),
(166, 'Swains Island', 4),
(167, 'Western', 4),
(168, 'Andorra la Vella', 5),
(169, 'Canillo', 5),
(170, 'Encamp', 5),
(171, 'La Massana', 5),
(172, 'Les Escaldes', 5),
(173, 'Ordino', 5),
(174, 'Sant Julia de Loria', 5),
(175, 'Bengo', 6),
(176, 'Benguela', 6),
(177, 'Bie', 6),
(178, 'Cabinda', 6),
(179, 'Cunene', 6),
(180, 'Huambo', 6),
(181, 'Huila', 6),
(182, 'Kuando-Kubango', 6),
(183, 'Kwanza Norte', 6),
(184, 'Kwanza Sul', 6),
(185, 'Luanda', 6),
(186, 'Lunda Norte', 6),
(187, 'Lunda Sul', 6),
(188, 'Malanje', 6),
(189, 'Moxico', 6),
(190, 'Namibe', 6),
(191, 'Uige', 6),
(192, 'Zaire', 6),
(193, 'Other Provinces', 7),
(194, 'Sector claimed by Argentina/Ch', 8),
(195, 'Sector claimed by Argentina/UK', 8),
(196, 'Sector claimed by Australia', 8),
(197, 'Sector claimed by France', 8),
(198, 'Sector claimed by New Zealand', 8),
(199, 'Sector claimed by Norway', 8),
(200, 'Unclaimed Sector', 8),
(201, 'Barbuda', 9),
(202, 'Saint George', 9),
(203, 'Saint John', 9),
(204, 'Saint Mary', 9),
(205, 'Saint Paul', 9),
(206, 'Saint Peter', 9),
(207, 'Saint Philip', 9),
(208, 'Buenos Aires', 10),
(209, 'Catamarca', 10),
(210, 'Chaco', 10),
(211, 'Chubut', 10),
(212, 'Cordoba', 10),
(213, 'Corrientes', 10),
(214, 'Distrito Federal', 10),
(215, 'Entre Rios', 10),
(216, 'Formosa', 10),
(217, 'Jujuy', 10),
(218, 'La Pampa', 10),
(219, 'La Rioja', 10),
(220, 'Mendoza', 10),
(221, 'Misiones', 10),
(222, 'Neuquen', 10),
(223, 'Rio Negro', 10),
(224, 'Salta', 10),
(225, 'San Juan', 10),
(226, 'San Luis', 10),
(227, 'Santa Cruz', 10),
(228, 'Santa Fe', 10),
(229, 'Santiago del Estero', 10),
(230, 'Tierra del Fuego', 10),
(231, 'Tucuman', 10),
(232, 'Aragatsotn', 11),
(233, 'Ararat', 11),
(234, 'Armavir', 11),
(235, 'Gegharkunik', 11),
(236, 'Kotaik', 11),
(237, 'Lori', 11),
(238, 'Shirak', 11),
(239, 'Stepanakert', 11),
(240, 'Syunik', 11),
(241, 'Tavush', 11),
(242, 'Vayots Dzor', 11),
(243, 'Yerevan', 11),
(244, 'Aruba', 12),
(245, 'Auckland', 13),
(246, 'Australian Capital Territory', 13),
(247, 'Balgowlah', 13),
(248, 'Balmain', 13),
(249, 'Bankstown', 13),
(250, 'Baulkham Hills', 13),
(251, 'Bonnet Bay', 13),
(252, 'Camberwell', 13),
(253, 'Carole Park', 13),
(254, 'Castle Hill', 13),
(255, 'Caulfield', 13),
(256, 'Chatswood', 13),
(257, 'Cheltenham', 13),
(258, 'Cherrybrook', 13),
(259, 'Clayton', 13),
(260, 'Collingwood', 13),
(261, 'Frenchs Forest', 13),
(262, 'Hawthorn', 13),
(263, 'Jannnali', 13),
(264, 'Knoxfield', 13),
(265, 'Melbourne', 13),
(266, 'New South Wales', 13),
(267, 'Northern Territory', 13),
(268, 'Perth', 13),
(269, 'Queensland', 13),
(270, 'South Australia', 13),
(271, 'Tasmania', 13),
(272, 'Templestowe', 13),
(273, 'Victoria', 13),
(274, 'Werribee south', 13),
(275, 'Western Australia', 13),
(276, 'Wheeler', 13),
(277, 'Bundesland Salzburg', 14),
(278, 'Bundesland Steiermark', 14),
(279, 'Bundesland Tirol', 14),
(280, 'Burgenland', 14),
(281, 'Carinthia', 14),
(282, 'Karnten', 14),
(283, 'Liezen', 14),
(284, 'Lower Austria', 14),
(285, 'Niederosterreich', 14),
(286, 'Oberosterreich', 14),
(287, 'Salzburg', 14),
(288, 'Schleswig-Holstein', 14),
(289, 'Steiermark', 14),
(290, 'Styria', 14),
(291, 'Tirol', 14),
(292, 'Upper Austria', 14),
(293, 'Vorarlberg', 14),
(294, 'Wien', 14),
(295, 'Abseron', 15),
(296, 'Baki Sahari', 15),
(297, 'Ganca', 15),
(298, 'Ganja', 15),
(299, 'Kalbacar', 15),
(300, 'Lankaran', 15),
(301, 'Mil-Qarabax', 15),
(302, 'Mugan-Salyan', 15),
(303, 'Nagorni-Qarabax', 15),
(304, 'Naxcivan', 15),
(305, 'Priaraks', 15),
(306, 'Qazax', 15),
(307, 'Saki', 15),
(308, 'Sirvan', 15),
(309, 'Xacmaz', 15),
(310, 'Abaco', 16),
(311, 'Acklins Island', 16),
(312, 'Andros', 16),
(313, 'Berry Islands', 16),
(314, 'Biminis', 16),
(315, 'Cat Island', 16),
(316, 'Crooked Island', 16),
(317, 'Eleuthera', 16),
(318, 'Exuma and Cays', 16),
(319, 'Grand Bahama', 16),
(320, 'Inagua Islands', 16),
(321, 'Long Island', 16),
(322, 'Mayaguana', 16),
(323, 'New Providence', 16),
(324, 'Ragged Island', 16),
(325, 'Rum Cay', 16),
(326, 'San Salvador', 16),
(327, '\'Isa', 17),
(328, 'Badiyah', 17),
(329, 'Hidd', 17),
(330, 'Jidd Hafs', 17),
(331, 'Mahama', 17),
(332, 'Manama', 17),
(333, 'Sitrah', 17),
(334, 'al-Manamah', 17),
(335, 'al-Muharraq', 17),
(336, 'ar-Rifa\'a', 17),
(337, 'Bagar Hat', 18),
(338, 'Bandarban', 18),
(339, 'Barguna', 18),
(340, 'Barisal', 18),
(341, 'Bhola', 18),
(342, 'Bogora', 18),
(343, 'Brahman Bariya', 18),
(344, 'Chandpur', 18),
(345, 'Chattagam', 18),
(346, 'Chittagong Division', 18),
(347, 'Chuadanga', 18),
(348, 'Dhaka', 18),
(349, 'Dinajpur', 18),
(350, 'Faridpur', 18),
(351, 'Feni', 18),
(352, 'Gaybanda', 18),
(353, 'Gazipur', 18),
(354, 'Gopalganj', 18),
(355, 'Habiganj', 18),
(356, 'Jaipur Hat', 18),
(357, 'Jamalpur', 18),
(358, 'Jessor', 18),
(359, 'Jhalakati', 18),
(360, 'Jhanaydah', 18),
(361, 'Khagrachhari', 18),
(362, 'Khulna', 18),
(363, 'Kishorganj', 18),
(364, 'Koks Bazar', 18),
(365, 'Komilla', 18),
(366, 'Kurigram', 18),
(367, 'Kushtiya', 18),
(368, 'Lakshmipur', 18),
(369, 'Lalmanir Hat', 18),
(370, 'Madaripur', 18),
(371, 'Magura', 18),
(372, 'Maimansingh', 18),
(373, 'Manikganj', 18),
(374, 'Maulvi Bazar', 18),
(375, 'Meherpur', 18),
(376, 'Munshiganj', 18),
(377, 'Naral', 18),
(378, 'Narayanganj', 18),
(379, 'Narsingdi', 18),
(380, 'Nator', 18),
(381, 'Naugaon', 18),
(382, 'Nawabganj', 18),
(383, 'Netrakona', 18),
(384, 'Nilphamari', 18),
(385, 'Noakhali', 18),
(386, 'Pabna', 18),
(387, 'Panchagarh', 18),
(388, 'Patuakhali', 18),
(389, 'Pirojpur', 18),
(390, 'Rajbari', 18),
(391, 'Rajshahi', 18),
(392, 'Rangamati', 18),
(393, 'Rangpur', 18),
(394, 'Satkhira', 18),
(395, 'Shariatpur', 18),
(396, 'Sherpur', 18),
(397, 'Silhat', 18),
(398, 'Sirajganj', 18),
(399, 'Sunamganj', 18),
(400, 'Tangayal', 18),
(401, 'Thakurgaon', 18),
(402, 'Christ Church', 19),
(403, 'Saint Andrew', 19),
(404, 'Saint George', 19),
(405, 'Saint James', 19),
(406, 'Saint John', 19),
(407, 'Saint Joseph', 19),
(408, 'Saint Lucy', 19),
(409, 'Saint Michael', 19),
(410, 'Saint Peter', 19),
(411, 'Saint Philip', 19),
(412, 'Saint Thomas', 19),
(413, 'Brest', 20),
(414, 'Homjel\'', 20),
(415, 'Hrodna', 20),
(416, 'Mahiljow', 20),
(417, 'Mahilyowskaya Voblasts', 20),
(418, 'Minsk', 20),
(419, 'Minskaja Voblasts\'', 20),
(420, 'Petrik', 20),
(421, 'Vicebsk', 20),
(422, 'Antwerpen', 21),
(423, 'Berchem', 21),
(424, 'Brabant', 21),
(425, 'Brabant Wallon', 21),
(426, 'Brussel', 21),
(427, 'East Flanders', 21),
(428, 'Hainaut', 21),
(429, 'Liege', 21),
(430, 'Limburg', 21),
(431, 'Luxembourg', 21),
(432, 'Namur', 21),
(433, 'Ontario', 21),
(434, 'Oost-Vlaanderen', 21),
(435, 'Provincie Brabant', 21),
(436, 'Vlaams-Brabant', 21),
(437, 'Wallonne', 21),
(438, 'West-Vlaanderen', 21),
(439, 'Belize', 22),
(440, 'Cayo', 22),
(441, 'Corozal', 22),
(442, 'Orange Walk', 22),
(443, 'Stann Creek', 22),
(444, 'Toledo', 22),
(445, 'Alibori', 23),
(446, 'Atacora', 23),
(447, 'Atlantique', 23),
(448, 'Borgou', 23),
(449, 'Collines', 23),
(450, 'Couffo', 23),
(451, 'Donga', 23),
(452, 'Littoral', 23),
(453, 'Mono', 23),
(454, 'Oueme', 23),
(455, 'Plateau', 23),
(456, 'Zou', 23),
(457, 'Hamilton', 24),
(458, 'Saint George', 24),
(459, 'Bumthang', 25),
(460, 'Chhukha', 25),
(461, 'Chirang', 25),
(462, 'Daga', 25),
(463, 'Geylegphug', 25),
(464, 'Ha', 25),
(465, 'Lhuntshi', 25),
(466, 'Mongar', 25),
(467, 'Pemagatsel', 25),
(468, 'Punakha', 25),
(469, 'Rinpung', 25),
(470, 'Samchi', 25),
(471, 'Samdrup Jongkhar', 25),
(472, 'Shemgang', 25),
(473, 'Tashigang', 25),
(474, 'Timphu', 25),
(475, 'Tongsa', 25),
(476, 'Wangdiphodrang', 25),
(477, 'Beni', 26),
(478, 'Chuquisaca', 26),
(479, 'Cochabamba', 26),
(480, 'La Paz', 26),
(481, 'Oruro', 26),
(482, 'Pando', 26),
(483, 'Potosi', 26),
(484, 'Santa Cruz', 26),
(485, 'Tarija', 26),
(486, 'Federacija Bosna i Hercegovina', 27),
(487, 'Republika Srpska', 27),
(488, 'Central Bobonong', 28),
(489, 'Central Boteti', 28),
(490, 'Central Mahalapye', 28),
(491, 'Central Serowe-Palapye', 28),
(492, 'Central Tutume', 28),
(493, 'Chobe', 28),
(494, 'Francistown', 28),
(495, 'Gaborone', 28),
(496, 'Ghanzi', 28),
(497, 'Jwaneng', 28),
(498, 'Kgalagadi North', 28),
(499, 'Kgalagadi South', 28),
(500, 'Kgatleng', 28),
(501, 'Kweneng', 28),
(502, 'Lobatse', 28),
(503, 'Ngamiland', 28),
(504, 'Ngwaketse', 28),
(505, 'North East', 28),
(506, 'Okavango', 28),
(507, 'Orapa', 28),
(508, 'Selibe Phikwe', 28),
(509, 'South East', 28),
(510, 'Sowa', 28),
(511, 'Bouvet Island', 29),
(512, 'Acre', 30),
(513, 'Alagoas', 30),
(514, 'Amapa', 30),
(515, 'Amazonas', 30),
(516, 'Bahia', 30),
(517, 'Ceara', 30),
(518, 'Distrito Federal', 30),
(519, 'Espirito Santo', 30),
(520, 'Estado de Sao Paulo', 30),
(521, 'Goias', 30),
(522, 'Maranhao', 30),
(523, 'Mato Grosso', 30),
(524, 'Mato Grosso do Sul', 30),
(525, 'Minas Gerais', 30),
(526, 'Para', 30),
(527, 'Paraiba', 30),
(528, 'Parana', 30),
(529, 'Pernambuco', 30),
(530, 'Piaui', 30),
(531, 'Rio Grande do Norte', 30),
(532, 'Rio Grande do Sul', 30),
(533, 'Rio de Janeiro', 30),
(534, 'Rondonia', 30),
(535, 'Roraima', 30),
(536, 'Santa Catarina', 30),
(537, 'Sao Paulo', 30),
(538, 'Sergipe', 30),
(539, 'Tocantins', 30),
(540, 'British Indian Ocean Territory', 31),
(541, 'Belait', 32),
(542, 'Brunei-Muara', 32),
(543, 'Temburong', 32),
(544, 'Tutong', 32),
(545, 'Blagoevgrad', 33),
(546, 'Burgas', 33),
(547, 'Dobrich', 33),
(548, 'Gabrovo', 33),
(549, 'Haskovo', 33),
(550, 'Jambol', 33),
(551, 'Kardzhali', 33),
(552, 'Kjustendil', 33),
(553, 'Lovech', 33),
(554, 'Montana', 33),
(555, 'Oblast Sofiya-Grad', 33),
(556, 'Pazardzhik', 33),
(557, 'Pernik', 33),
(558, 'Pleven', 33),
(559, 'Plovdiv', 33),
(560, 'Razgrad', 33),
(561, 'Ruse', 33),
(562, 'Shumen', 33),
(563, 'Silistra', 33),
(564, 'Sliven', 33),
(565, 'Smoljan', 33),
(566, 'Sofija grad', 33),
(567, 'Sofijska oblast', 33),
(568, 'Stara Zagora', 33),
(569, 'Targovishte', 33),
(570, 'Varna', 33),
(571, 'Veliko Tarnovo', 33),
(572, 'Vidin', 33),
(573, 'Vraca', 33),
(574, 'Yablaniza', 33),
(575, 'Bale', 34),
(576, 'Bam', 34),
(577, 'Bazega', 34),
(578, 'Bougouriba', 34),
(579, 'Boulgou', 34),
(580, 'Boulkiemde', 34),
(581, 'Comoe', 34),
(582, 'Ganzourgou', 34),
(583, 'Gnagna', 34),
(584, 'Gourma', 34),
(585, 'Houet', 34),
(586, 'Ioba', 34),
(587, 'Kadiogo', 34),
(588, 'Kenedougou', 34),
(589, 'Komandjari', 34),
(590, 'Kompienga', 34),
(591, 'Kossi', 34),
(592, 'Kouritenga', 34),
(593, 'Kourweogo', 34),
(594, 'Leraba', 34),
(595, 'Mouhoun', 34),
(596, 'Nahouri', 34),
(597, 'Namentenga', 34),
(598, 'Noumbiel', 34),
(599, 'Oubritenga', 34),
(600, 'Oudalan', 34),
(601, 'Passore', 34),
(602, 'Poni', 34),
(603, 'Sanguie', 34),
(604, 'Sanmatenga', 34),
(605, 'Seno', 34),
(606, 'Sissili', 34),
(607, 'Soum', 34),
(608, 'Sourou', 34),
(609, 'Tapoa', 34),
(610, 'Tuy', 34),
(611, 'Yatenga', 34),
(612, 'Zondoma', 34),
(613, 'Zoundweogo', 34),
(614, 'Bubanza', 35),
(615, 'Bujumbura', 35),
(616, 'Bururi', 35),
(617, 'Cankuzo', 35),
(618, 'Cibitoke', 35),
(619, 'Gitega', 35),
(620, 'Karuzi', 35),
(621, 'Kayanza', 35),
(622, 'Kirundo', 35),
(623, 'Makamba', 35),
(624, 'Muramvya', 35),
(625, 'Muyinga', 35),
(626, 'Ngozi', 35),
(627, 'Rutana', 35),
(628, 'Ruyigi', 35),
(629, 'Banteay Mean Chey', 36),
(630, 'Bat Dambang', 36),
(631, 'Kampong Cham', 36),
(632, 'Kampong Chhnang', 36),
(633, 'Kampong Spoeu', 36),
(634, 'Kampong Thum', 36),
(635, 'Kampot', 36),
(636, 'Kandal', 36),
(637, 'Kaoh Kong', 36),
(638, 'Kracheh', 36),
(639, 'Krong Kaeb', 36),
(640, 'Krong Pailin', 36),
(641, 'Krong Preah Sihanouk', 36),
(642, 'Mondol Kiri', 36),
(643, 'Otdar Mean Chey', 36),
(644, 'Phnum Penh', 36),
(645, 'Pousat', 36),
(646, 'Preah Vihear', 36),
(647, 'Prey Veaeng', 36),
(648, 'Rotanak Kiri', 36),
(649, 'Siem Reab', 36),
(650, 'Stueng Traeng', 36),
(651, 'Svay Rieng', 36),
(652, 'Takaev', 36),
(653, 'Adamaoua', 37),
(654, 'Centre', 37),
(655, 'Est', 37),
(656, 'Littoral', 37),
(657, 'Nord', 37),
(658, 'Nord Extreme', 37),
(659, 'Nordouest', 37),
(660, 'Ouest', 37),
(661, 'Sud', 37),
(662, 'Sudouest', 37),
(663, 'Alberta', 38),
(664, 'British Columbia', 38),
(665, 'Manitoba', 38),
(666, 'New Brunswick', 38),
(667, 'Newfoundland and Labrador', 38),
(668, 'Northwest Territories', 38),
(669, 'Nova Scotia', 38),
(670, 'Nunavut', 38),
(671, 'Ontario', 38),
(672, 'Prince Edward Island', 38),
(673, 'Quebec', 38),
(674, 'Saskatchewan', 38),
(675, 'Yukon', 38),
(676, 'Boavista', 39),
(677, 'Brava', 39),
(678, 'Fogo', 39),
(679, 'Maio', 39),
(680, 'Sal', 39),
(681, 'Santo Antao', 39),
(682, 'Sao Nicolau', 39),
(683, 'Sao Tiago', 39),
(684, 'Sao Vicente', 39),
(685, 'Grand Cayman', 40),
(686, 'Bamingui-Bangoran', 41),
(687, 'Bangui', 41),
(688, 'Basse-Kotto', 41),
(689, 'Haut-Mbomou', 41),
(690, 'Haute-Kotto', 41),
(691, 'Kemo', 41),
(692, 'Lobaye', 41),
(693, 'Mambere-Kadei', 41),
(694, 'Mbomou', 41),
(695, 'Nana-Gribizi', 41),
(696, 'Nana-Mambere', 41),
(697, 'Ombella Mpoko', 41),
(698, 'Ouaka', 41),
(699, 'Ouham', 41),
(700, 'Ouham-Pende', 41),
(701, 'Sangha-Mbaere', 41),
(702, 'Vakaga', 41),
(703, 'Batha', 42),
(704, 'Biltine', 42),
(705, 'Bourkou-Ennedi-Tibesti', 42),
(706, 'Chari-Baguirmi', 42),
(707, 'Guera', 42),
(708, 'Kanem', 42),
(709, 'Lac', 42),
(710, 'Logone Occidental', 42),
(711, 'Logone Oriental', 42),
(712, 'Mayo-Kebbi', 42),
(713, 'Moyen-Chari', 42),
(714, 'Ouaddai', 42),
(715, 'Salamat', 42),
(716, 'Tandjile', 42),
(717, 'Aisen', 43),
(718, 'Antofagasta', 43),
(719, 'Araucania', 43),
(720, 'Atacama', 43),
(721, 'Bio Bio', 43),
(722, 'Coquimbo', 43),
(723, 'Libertador General Bernardo O\'', 43),
(724, 'Los Lagos', 43),
(725, 'Magellanes', 43),
(726, 'Maule', 43),
(727, 'Metropolitana', 43),
(728, 'Metropolitana de Santiago', 43),
(729, 'Tarapaca', 43),
(730, 'Valparaiso', 43),
(731, 'Anhui', 44),
(732, 'Anhui Province', 44),
(733, 'Anhui Sheng', 44),
(734, 'Aomen', 44),
(735, 'Beijing', 44),
(736, 'Beijing Shi', 44),
(737, 'Chongqing', 44),
(738, 'Fujian', 44),
(739, 'Fujian Sheng', 44),
(740, 'Gansu', 44),
(741, 'Guangdong', 44),
(742, 'Guangdong Sheng', 44),
(743, 'Guangxi', 44),
(744, 'Guizhou', 44),
(745, 'Hainan', 44),
(746, 'Hebei', 44),
(747, 'Heilongjiang', 44),
(748, 'Henan', 44),
(749, 'Hubei', 44),
(750, 'Hunan', 44),
(751, 'Jiangsu', 44),
(752, 'Jiangsu Sheng', 44),
(753, 'Jiangxi', 44),
(754, 'Jilin', 44),
(755, 'Liaoning', 44),
(756, 'Liaoning Sheng', 44),
(757, 'Nei Monggol', 44),
(758, 'Ningxia Hui', 44),
(759, 'Qinghai', 44),
(760, 'Shaanxi', 44),
(761, 'Shandong', 44),
(762, 'Shandong Sheng', 44),
(763, 'Shanghai', 44),
(764, 'Shanxi', 44),
(765, 'Sichuan', 44),
(766, 'Tianjin', 44),
(767, 'Xianggang', 44),
(768, 'Xinjiang', 44),
(769, 'Xizang', 44),
(770, 'Yunnan', 44),
(771, 'Zhejiang', 44),
(772, 'Zhejiang Sheng', 44),
(773, 'Christmas Island', 45),
(774, 'Cocos (Keeling) Islands', 46),
(775, 'Amazonas', 47),
(776, 'Antioquia', 47),
(777, 'Arauca', 47),
(778, 'Atlantico', 47),
(779, 'Bogota', 47),
(780, 'Bolivar', 47),
(781, 'Boyaca', 47),
(782, 'Caldas', 47),
(783, 'Caqueta', 47),
(784, 'Casanare', 47),
(785, 'Cauca', 47),
(786, 'Cesar', 47),
(787, 'Choco', 47),
(788, 'Cordoba', 47),
(789, 'Cundinamarca', 47),
(790, 'Guainia', 47),
(791, 'Guaviare', 47),
(792, 'Huila', 47),
(793, 'La Guajira', 47),
(794, 'Magdalena', 47),
(795, 'Meta', 47),
(796, 'Narino', 47),
(797, 'Norte de Santander', 47),
(798, 'Putumayo', 47),
(799, 'Quindio', 47),
(800, 'Risaralda', 47),
(801, 'San Andres y Providencia', 47),
(802, 'Santander', 47),
(803, 'Sucre', 47),
(804, 'Tolima', 47),
(805, 'Valle del Cauca', 47),
(806, 'Vaupes', 47),
(807, 'Vichada', 47),
(808, 'Mwali', 48),
(809, 'Njazidja', 48),
(810, 'Nzwani', 48),
(811, 'Bouenza', 49),
(812, 'Brazzaville', 49),
(813, 'Cuvette', 49),
(814, 'Kouilou', 49),
(815, 'Lekoumou', 49),
(816, 'Likouala', 49),
(817, 'Niari', 49),
(818, 'Plateaux', 49),
(819, 'Pool', 49),
(820, 'Sangha', 49),
(821, 'Bandundu', 50),
(822, 'Bas-Congo', 50),
(823, 'Equateur', 50),
(824, 'Haut-Congo', 50),
(825, 'Kasai-Occidental', 50),
(826, 'Kasai-Oriental', 50),
(827, 'Katanga', 50),
(828, 'Kinshasa', 50),
(829, 'Maniema', 50),
(830, 'Nord-Kivu', 50),
(831, 'Sud-Kivu', 50),
(832, 'Aitutaki', 51),
(833, 'Atiu', 51),
(834, 'Mangaia', 51),
(835, 'Manihiki', 51),
(836, 'Mauke', 51),
(837, 'Mitiaro', 51),
(838, 'Nassau', 51),
(839, 'Pukapuka', 51),
(840, 'Rakahanga', 51),
(841, 'Rarotonga', 51),
(842, 'Tongareva', 51),
(843, 'Alajuela', 52),
(844, 'Cartago', 52),
(845, 'Guanacaste', 52),
(846, 'Heredia', 52),
(847, 'Limon', 52),
(848, 'Puntarenas', 52),
(849, 'San Jose', 52),
(850, 'Abidjan', 53),
(851, 'Agneby', 53),
(852, 'Bafing', 53),
(853, 'Denguele', 53),
(854, 'Dix-huit Montagnes', 53),
(855, 'Fromager', 53),
(856, 'Haut-Sassandra', 53),
(857, 'Lacs', 53),
(858, 'Lagunes', 53),
(859, 'Marahoue', 53),
(860, 'Moyen-Cavally', 53),
(861, 'Moyen-Comoe', 53),
(862, 'N\'zi-Comoe', 53),
(863, 'Sassandra', 53),
(864, 'Savanes', 53),
(865, 'Sud-Bandama', 53),
(866, 'Sud-Comoe', 53),
(867, 'Vallee du Bandama', 53),
(868, 'Worodougou', 53),
(869, 'Zanzan', 53),
(870, 'Bjelovar-Bilogora', 54),
(871, 'Dubrovnik-Neretva', 54),
(872, 'Grad Zagreb', 54),
(873, 'Istra', 54),
(874, 'Karlovac', 54),
(875, 'Koprivnica-Krizhevci', 54),
(876, 'Krapina-Zagorje', 54),
(877, 'Lika-Senj', 54),
(878, 'Medhimurje', 54),
(879, 'Medimurska Zupanija', 54),
(880, 'Osijek-Baranja', 54),
(881, 'Osjecko-Baranjska Zupanija', 54),
(882, 'Pozhega-Slavonija', 54),
(883, 'Primorje-Gorski Kotar', 54),
(884, 'Shibenik-Knin', 54),
(885, 'Sisak-Moslavina', 54),
(886, 'Slavonski Brod-Posavina', 54),
(887, 'Split-Dalmacija', 54),
(888, 'Varazhdin', 54),
(889, 'Virovitica-Podravina', 54),
(890, 'Vukovar-Srijem', 54),
(891, 'Zadar', 54),
(892, 'Zagreb', 54),
(893, 'Camaguey', 55),
(894, 'Ciego de Avila', 55),
(895, 'Cienfuegos', 55),
(896, 'Ciudad de la Habana', 55),
(897, 'Granma', 55),
(898, 'Guantanamo', 55),
(899, 'Habana', 55),
(900, 'Holguin', 55),
(901, 'Isla de la Juventud', 55),
(902, 'La Habana', 55),
(903, 'Las Tunas', 55),
(904, 'Matanzas', 55),
(905, 'Pinar del Rio', 55),
(906, 'Sancti Spiritus', 55),
(907, 'Santiago de Cuba', 55),
(908, 'Villa Clara', 55),
(909, 'Government controlled area', 56),
(910, 'Limassol', 56),
(911, 'Nicosia District', 56),
(912, 'Paphos', 56),
(913, 'Turkish controlled area', 56),
(914, 'Central Bohemian', 57),
(915, 'Frycovice', 57),
(916, 'Jihocesky Kraj', 57),
(917, 'Jihochesky', 57),
(918, 'Jihomoravsky', 57),
(919, 'Karlovarsky', 57),
(920, 'Klecany', 57),
(921, 'Kralovehradecky', 57),
(922, 'Liberecky', 57),
(923, 'Lipov', 57),
(924, 'Moravskoslezsky', 57),
(925, 'Olomoucky', 57),
(926, 'Olomoucky Kraj', 57),
(927, 'Pardubicky', 57),
(928, 'Plzensky', 57),
(929, 'Praha', 57),
(930, 'Rajhrad', 57),
(931, 'Smirice', 57),
(932, 'South Moravian', 57),
(933, 'Straz nad Nisou', 57),
(934, 'Stredochesky', 57),
(935, 'Unicov', 57),
(936, 'Ustecky', 57),
(937, 'Valletta', 57),
(938, 'Velesin', 57),
(939, 'Vysochina', 57),
(940, 'Zlinsky', 57),
(941, 'Arhus', 58),
(942, 'Bornholm', 58),
(943, 'Frederiksborg', 58),
(944, 'Fyn', 58),
(945, 'Hovedstaden', 58),
(946, 'Kobenhavn', 58),
(947, 'Kobenhavns Amt', 58),
(948, 'Kobenhavns Kommune', 58),
(949, 'Nordjylland', 58),
(950, 'Ribe', 58),
(951, 'Ringkobing', 58),
(952, 'Roervig', 58),
(953, 'Roskilde', 58),
(954, 'Roslev', 58),
(955, 'Sjaelland', 58),
(956, 'Soeborg', 58),
(957, 'Sonderjylland', 58),
(958, 'Storstrom', 58),
(959, 'Syddanmark', 58),
(960, 'Toelloese', 58),
(961, 'Vejle', 58),
(962, 'Vestsjalland', 58),
(963, 'Viborg', 58),
(964, '\'Ali Sabih', 59),
(965, 'Dikhil', 59),
(966, 'Jibuti', 59),
(967, 'Tajurah', 59),
(968, 'Ubuk', 59),
(969, 'Saint Andrew', 60),
(970, 'Saint David', 60),
(971, 'Saint George', 60),
(972, 'Saint John', 60),
(973, 'Saint Joseph', 60),
(974, 'Saint Luke', 60),
(975, 'Saint Mark', 60),
(976, 'Saint Patrick', 60),
(977, 'Saint Paul', 60),
(978, 'Saint Peter', 60),
(979, 'Azua', 61),
(980, 'Bahoruco', 61),
(981, 'Barahona', 61),
(982, 'Dajabon', 61),
(983, 'Distrito Nacional', 61),
(984, 'Duarte', 61),
(985, 'El Seybo', 61),
(986, 'Elias Pina', 61),
(987, 'Espaillat', 61),
(988, 'Hato Mayor', 61),
(989, 'Independencia', 61),
(990, 'La Altagracia', 61),
(991, 'La Romana', 61),
(992, 'La Vega', 61),
(993, 'Maria Trinidad Sanchez', 61),
(994, 'Monsenor Nouel', 61),
(995, 'Monte Cristi', 61),
(996, 'Monte Plata', 61),
(997, 'Pedernales', 61),
(998, 'Peravia', 61),
(999, 'Puerto Plata', 61),
(1000, 'Salcedo', 61),
(1001, 'Samana', 61),
(1002, 'San Cristobal', 61),
(1003, 'San Juan', 61),
(1004, 'San Pedro de Macoris', 61),
(1005, 'Sanchez Ramirez', 61),
(1006, 'Santiago', 61),
(1007, 'Santiago Rodriguez', 61),
(1008, 'Valverde', 61),
(1009, 'Aileu', 62),
(1010, 'Ainaro', 62),
(1011, 'Ambeno', 62),
(1012, 'Baucau', 62),
(1013, 'Bobonaro', 62),
(1014, 'Cova Lima', 62),
(1015, 'Dili', 62),
(1016, 'Ermera', 62),
(1017, 'Lautem', 62),
(1018, 'Liquica', 62),
(1019, 'Manatuto', 62),
(1020, 'Manufahi', 62),
(1021, 'Viqueque', 62),
(1022, 'Azuay', 63),
(1023, 'Bolivar', 63),
(1024, 'Canar', 63),
(1025, 'Carchi', 63),
(1026, 'Chimborazo', 63),
(1027, 'Cotopaxi', 63),
(1028, 'El Oro', 63),
(1029, 'Esmeraldas', 63),
(1030, 'Galapagos', 63),
(1031, 'Guayas', 63),
(1032, 'Imbabura', 63),
(1033, 'Loja', 63),
(1034, 'Los Rios', 63),
(1035, 'Manabi', 63),
(1036, 'Morona Santiago', 63),
(1037, 'Napo', 63),
(1038, 'Orellana', 63),
(1039, 'Pastaza', 63),
(1040, 'Pichincha', 63),
(1041, 'Sucumbios', 63),
(1042, 'Tungurahua', 63),
(1043, 'Zamora Chinchipe', 63),
(1044, 'Aswan', 64),
(1045, 'Asyut', 64),
(1046, 'Bani Suwayf', 64),
(1047, 'Bur Sa\'id', 64),
(1048, 'Cairo', 64),
(1049, 'Dumyat', 64),
(1050, 'Kafr-ash-Shaykh', 64),
(1051, 'Matruh', 64),
(1052, 'Muhafazat ad Daqahliyah', 64),
(1053, 'Muhafazat al Fayyum', 64),
(1054, 'Muhafazat al Gharbiyah', 64),
(1055, 'Muhafazat al Iskandariyah', 64),
(1056, 'Muhafazat al Qahirah', 64),
(1057, 'Qina', 64),
(1058, 'Sawhaj', 64),
(1059, 'Sina al-Janubiyah', 64),
(1060, 'Sina ash-Shamaliyah', 64),
(1061, 'ad-Daqahliyah', 64),
(1062, 'al-Bahr-al-Ahmar', 64),
(1063, 'al-Buhayrah', 64),
(1064, 'al-Fayyum', 64),
(1065, 'al-Gharbiyah', 64),
(1066, 'al-Iskandariyah', 64),
(1067, 'al-Ismailiyah', 64),
(1068, 'al-Jizah', 64),
(1069, 'al-Minufiyah', 64),
(1070, 'al-Minya', 64),
(1071, 'al-Qahira', 64),
(1072, 'al-Qalyubiyah', 64),
(1073, 'al-Uqsur', 64),
(1074, 'al-Wadi al-Jadid', 64),
(1075, 'as-Suways', 64),
(1076, 'ash-Sharqiyah', 64),
(1077, 'Ahuachapan', 65),
(1078, 'Cabanas', 65),
(1079, 'Chalatenango', 65),
(1080, 'Cuscatlan', 65),
(1081, 'La Libertad', 65),
(1082, 'La Paz', 65),
(1083, 'La Union', 65),
(1084, 'Morazan', 65),
(1085, 'San Miguel', 65),
(1086, 'San Salvador', 65),
(1087, 'San Vicente', 65),
(1088, 'Santa Ana', 65),
(1089, 'Sonsonate', 65),
(1090, 'Usulutan', 65),
(1091, 'Annobon', 66),
(1092, 'Bioko Norte', 66),
(1093, 'Bioko Sur', 66),
(1094, 'Centro Sur', 66),
(1095, 'Kie-Ntem', 66),
(1096, 'Litoral', 66),
(1097, 'Wele-Nzas', 66),
(1098, 'Anseba', 67),
(1099, 'Debub', 67),
(1100, 'Debub-Keih-Bahri', 67),
(1101, 'Gash-Barka', 67),
(1102, 'Maekel', 67),
(1103, 'Semien-Keih-Bahri', 67),
(1104, 'Harju', 68),
(1105, 'Hiiu', 68),
(1106, 'Ida-Viru', 68),
(1107, 'Jarva', 68),
(1108, 'Jogeva', 68),
(1109, 'Laane', 68),
(1110, 'Laane-Viru', 68),
(1111, 'Parnu', 68),
(1112, 'Polva', 68),
(1113, 'Rapla', 68),
(1114, 'Saare', 68),
(1115, 'Tartu', 68),
(1116, 'Valga', 68),
(1117, 'Viljandi', 68),
(1118, 'Voru', 68),
(1119, 'Addis Abeba', 69),
(1120, 'Afar', 69),
(1121, 'Amhara', 69),
(1122, 'Benishangul', 69),
(1123, 'Diredawa', 69),
(1124, 'Gambella', 69),
(1125, 'Harar', 69),
(1126, 'Jigjiga', 69),
(1127, 'Mekele', 69),
(1128, 'Oromia', 69),
(1129, 'Somali', 69),
(1130, 'Southern', 69),
(1131, 'Tigray', 69),
(1132, 'Christmas Island', 70),
(1133, 'Cocos Islands', 70),
(1134, 'Coral Sea Islands', 70),
(1135, 'Falkland Islands', 71),
(1136, 'South Georgia', 71),
(1137, 'Klaksvik', 72),
(1138, 'Nor ara Eysturoy', 72),
(1139, 'Nor oy', 72),
(1140, 'Sandoy', 72),
(1141, 'Streymoy', 72),
(1142, 'Su uroy', 72),
(1143, 'Sy ra Eysturoy', 72),
(1144, 'Torshavn', 72),
(1145, 'Vaga', 72),
(1146, 'Central', 73),
(1147, 'Eastern', 73),
(1148, 'Northern', 73),
(1149, 'South Pacific', 73),
(1150, 'Western', 73),
(1151, 'Ahvenanmaa', 74),
(1152, 'Etela-Karjala', 74),
(1153, 'Etela-Pohjanmaa', 74),
(1154, 'Etela-Savo', 74),
(1155, 'Etela-Suomen Laani', 74),
(1156, 'Ita-Suomen Laani', 74),
(1157, 'Ita-Uusimaa', 74),
(1158, 'Kainuu', 74),
(1159, 'Kanta-Hame', 74),
(1160, 'Keski-Pohjanmaa', 74),
(1161, 'Keski-Suomi', 74),
(1162, 'Kymenlaakso', 74),
(1163, 'Lansi-Suomen Laani', 74),
(1164, 'Lappi', 74),
(1165, 'Northern Savonia', 74),
(1166, 'Ostrobothnia', 74),
(1167, 'Oulun Laani', 74),
(1168, 'Paijat-Hame', 74),
(1169, 'Pirkanmaa', 74),
(1170, 'Pohjanmaa', 74),
(1171, 'Pohjois-Karjala', 74),
(1172, 'Pohjois-Pohjanmaa', 74),
(1173, 'Pohjois-Savo', 74),
(1174, 'Saarijarvi', 74),
(1175, 'Satakunta', 74),
(1176, 'Southern Savonia', 74),
(1177, 'Tavastia Proper', 74),
(1178, 'Uleaborgs Lan', 74),
(1179, 'Uusimaa', 74),
(1180, 'Varsinais-Suomi', 74),
(1181, 'Ain', 75),
(1182, 'Aisne', 75),
(1183, 'Albi Le Sequestre', 75),
(1184, 'Allier', 75),
(1185, 'Alpes-Cote dAzur', 75),
(1186, 'Alpes-Maritimes', 75),
(1187, 'Alpes-de-Haute-Provence', 75),
(1188, 'Alsace', 75),
(1189, 'Aquitaine', 75),
(1190, 'Ardeche', 75),
(1191, 'Ardennes', 75),
(1192, 'Ariege', 75),
(1193, 'Aube', 75),
(1194, 'Aude', 75),
(1195, 'Auvergne', 75),
(1196, 'Aveyron', 75),
(1197, 'Bas-Rhin', 75),
(1198, 'Basse-Normandie', 75),
(1199, 'Bouches-du-Rhone', 75),
(1200, 'Bourgogne', 75),
(1201, 'Bretagne', 75),
(1202, 'Brittany', 75),
(1203, 'Burgundy', 75),
(1204, 'Calvados', 75),
(1205, 'Cantal', 75),
(1206, 'Cedex', 75),
(1207, 'Centre', 75),
(1208, 'Charente', 75),
(1209, 'Charente-Maritime', 75),
(1210, 'Cher', 75),
(1211, 'Correze', 75),
(1212, 'Corse-du-Sud', 75),
(1213, 'Cote-d\'Or', 75),
(1214, 'Cotes-d\'Armor', 75),
(1215, 'Creuse', 75),
(1216, 'Crolles', 75),
(1217, 'Deux-Sevres', 75),
(1218, 'Dordogne', 75),
(1219, 'Doubs', 75),
(1220, 'Drome', 75),
(1221, 'Essonne', 75),
(1222, 'Eure', 75),
(1223, 'Eure-et-Loir', 75),
(1224, 'Feucherolles', 75),
(1225, 'Finistere', 75),
(1226, 'Franche-Comte', 75),
(1227, 'Gard', 75),
(1228, 'Gers', 75),
(1229, 'Gironde', 75),
(1230, 'Haut-Rhin', 75),
(1231, 'Haute-Corse', 75),
(1232, 'Haute-Garonne', 75),
(1233, 'Haute-Loire', 75),
(1234, 'Haute-Marne', 75),
(1235, 'Haute-Saone', 75),
(1236, 'Haute-Savoie', 75),
(1237, 'Haute-Vienne', 75),
(1238, 'Hautes-Alpes', 75),
(1239, 'Hautes-Pyrenees', 75),
(1240, 'Hauts-de-Seine', 75),
(1241, 'Herault', 75),
(1242, 'Ile-de-France', 75),
(1243, 'Ille-et-Vilaine', 75),
(1244, 'Indre', 75),
(1245, 'Indre-et-Loire', 75),
(1246, 'Isere', 75),
(1247, 'Jura', 75),
(1248, 'Klagenfurt', 75),
(1249, 'Landes', 75),
(1250, 'Languedoc-Roussillon', 75),
(1251, 'Larcay', 75),
(1252, 'Le Castellet', 75),
(1253, 'Le Creusot', 75),
(1254, 'Limousin', 75),
(1255, 'Loir-et-Cher', 75),
(1256, 'Loire', 75),
(1257, 'Loire-Atlantique', 75),
(1258, 'Loiret', 75),
(1259, 'Lorraine', 75),
(1260, 'Lot', 75),
(1261, 'Lot-et-Garonne', 75),
(1262, 'Lower Normandy', 75),
(1263, 'Lozere', 75),
(1264, 'Maine-et-Loire', 75),
(1265, 'Manche', 75),
(1266, 'Marne', 75),
(1267, 'Mayenne', 75),
(1268, 'Meurthe-et-Moselle', 75),
(1269, 'Meuse', 75),
(1270, 'Midi-Pyrenees', 75),
(1271, 'Morbihan', 75),
(1272, 'Moselle', 75),
(1273, 'Nievre', 75),
(1274, 'Nord', 75),
(1275, 'Nord-Pas-de-Calais', 75),
(1276, 'Oise', 75),
(1277, 'Orne', 75),
(1278, 'Paris', 75),
(1279, 'Pas-de-Calais', 75),
(1280, 'Pays de la Loire', 75),
(1281, 'Pays-de-la-Loire', 75),
(1282, 'Picardy', 75),
(1283, 'Puy-de-Dome', 75),
(1284, 'Pyrenees-Atlantiques', 75),
(1285, 'Pyrenees-Orientales', 75),
(1286, 'Quelmes', 75),
(1287, 'Rhone', 75),
(1288, 'Rhone-Alpes', 75),
(1289, 'Saint Ouen', 75),
(1290, 'Saint Viatre', 75),
(1291, 'Saone-et-Loire', 75),
(1292, 'Sarthe', 75),
(1293, 'Savoie', 75),
(1294, 'Seine-Maritime', 75),
(1295, 'Seine-Saint-Denis', 75),
(1296, 'Seine-et-Marne', 75),
(1297, 'Somme', 75),
(1298, 'Sophia Antipolis', 75),
(1299, 'Souvans', 75),
(1300, 'Tarn', 75),
(1301, 'Tarn-et-Garonne', 75),
(1302, 'Territoire de Belfort', 75),
(1303, 'Treignac', 75),
(1304, 'Upper Normandy', 75),
(1305, 'Val-d\'Oise', 75),
(1306, 'Val-de-Marne', 75),
(1307, 'Var', 75),
(1308, 'Vaucluse', 75),
(1309, 'Vellise', 75),
(1310, 'Vendee', 75),
(1311, 'Vienne', 75),
(1312, 'Vosges', 75),
(1313, 'Yonne', 75),
(1314, 'Yvelines', 75),
(1315, 'Cayenne', 76),
(1316, 'Saint-Laurent-du-Maroni', 76),
(1317, 'Iles du Vent', 77),
(1318, 'Iles sous le Vent', 77),
(1319, 'Marquesas', 77),
(1320, 'Tuamotu', 77),
(1321, 'Tubuai', 77),
(1322, 'Amsterdam', 78),
(1323, 'Crozet Islands', 78),
(1324, 'Kerguelen', 78),
(1325, 'Estuaire', 79),
(1326, 'Haut-Ogooue', 79),
(1327, 'Moyen-Ogooue', 79),
(1328, 'Ngounie', 79),
(1329, 'Nyanga', 79),
(1330, 'Ogooue-Ivindo', 79),
(1331, 'Ogooue-Lolo', 79),
(1332, 'Ogooue-Maritime', 79),
(1333, 'Woleu-Ntem', 79),
(1334, 'Banjul', 80),
(1335, 'Basse', 80),
(1336, 'Brikama', 80),
(1337, 'Janjanbureh', 80),
(1338, 'Kanifing', 80),
(1339, 'Kerewan', 80),
(1340, 'Kuntaur', 80),
(1341, 'Mansakonko', 80),
(1342, 'Abhasia', 81),
(1343, 'Ajaria', 81),
(1344, 'Guria', 81),
(1345, 'Imereti', 81),
(1346, 'Kaheti', 81),
(1347, 'Kvemo Kartli', 81),
(1348, 'Mcheta-Mtianeti', 81),
(1349, 'Racha', 81),
(1350, 'Samagrelo-Zemo Svaneti', 81),
(1351, 'Samche-Zhavaheti', 81),
(1352, 'Shida Kartli', 81),
(1353, 'Tbilisi', 81),
(1354, 'Auvergne', 82),
(1355, 'Baden-Wurttemberg', 82),
(1356, 'Bavaria', 82),
(1357, 'Bayern', 82),
(1358, 'Beilstein Wurtt', 82),
(1359, 'Berlin', 82),
(1360, 'Brandenburg', 82),
(1361, 'Bremen', 82),
(1362, 'Dreisbach', 82),
(1363, 'Freistaat Bayern', 82),
(1364, 'Hamburg', 82),
(1365, 'Hannover', 82),
(1366, 'Heroldstatt', 82),
(1367, 'Hessen', 82),
(1368, 'Kortenberg', 82),
(1369, 'Laasdorf', 82),
(1370, 'Land Baden-Wurttemberg', 82),
(1371, 'Land Bayern', 82),
(1372, 'Land Brandenburg', 82),
(1373, 'Land Hessen', 82),
(1374, 'Land Mecklenburg-Vorpommern', 82),
(1375, 'Land Nordrhein-Westfalen', 82),
(1376, 'Land Rheinland-Pfalz', 82),
(1377, 'Land Sachsen', 82),
(1378, 'Land Sachsen-Anhalt', 82),
(1379, 'Land Thuringen', 82),
(1380, 'Lower Saxony', 82),
(1381, 'Mecklenburg-Vorpommern', 82),
(1382, 'Mulfingen', 82),
(1383, 'Munich', 82),
(1384, 'Neubeuern', 82),
(1385, 'Niedersachsen', 82),
(1386, 'Noord-Holland', 82),
(1387, 'Nordrhein-Westfalen', 82),
(1388, 'North Rhine-Westphalia', 82),
(1389, 'Osterode', 82),
(1390, 'Rheinland-Pfalz', 82),
(1391, 'Rhineland-Palatinate', 82),
(1392, 'Saarland', 82),
(1393, 'Sachsen', 82),
(1394, 'Sachsen-Anhalt', 82),
(1395, 'Saxony', 82),
(1396, 'Schleswig-Holstein', 82),
(1397, 'Thuringia', 82),
(1398, 'Webling', 82),
(1399, 'Weinstrabe', 82),
(1400, 'schlobborn', 82),
(1401, 'Ashanti', 83),
(1402, 'Brong-Ahafo', 83),
(1403, 'Central', 83),
(1404, 'Eastern', 83),
(1405, 'Greater Accra', 83),
(1406, 'Northern', 83),
(1407, 'Upper East', 83),
(1408, 'Upper West', 83),
(1409, 'Volta', 83),
(1410, 'Western', 83),
(1411, 'Gibraltar', 84),
(1412, 'Acharnes', 85),
(1413, 'Ahaia', 85),
(1414, 'Aitolia kai Akarnania', 85),
(1415, 'Argolis', 85),
(1416, 'Arkadia', 85),
(1417, 'Arta', 85),
(1418, 'Attica', 85),
(1419, 'Attiki', 85),
(1420, 'Ayion Oros', 85),
(1421, 'Crete', 85),
(1422, 'Dodekanisos', 85),
(1423, 'Drama', 85),
(1424, 'Evia', 85),
(1425, 'Evritania', 85),
(1426, 'Evros', 85),
(1427, 'Evvoia', 85),
(1428, 'Florina', 85),
(1429, 'Fokis', 85),
(1430, 'Fthiotis', 85),
(1431, 'Grevena', 85),
(1432, 'Halandri', 85),
(1433, 'Halkidiki', 85),
(1434, 'Hania', 85),
(1435, 'Heraklion', 85),
(1436, 'Hios', 85),
(1437, 'Ilia', 85),
(1438, 'Imathia', 85),
(1439, 'Ioannina', 85),
(1440, 'Iraklion', 85),
(1441, 'Karditsa', 85),
(1442, 'Kastoria', 85),
(1443, 'Kavala', 85),
(1444, 'Kefallinia', 85),
(1445, 'Kerkira', 85),
(1446, 'Kiklades', 85),
(1447, 'Kilkis', 85),
(1448, 'Korinthia', 85),
(1449, 'Kozani', 85),
(1450, 'Lakonia', 85),
(1451, 'Larisa', 85),
(1452, 'Lasithi', 85),
(1453, 'Lesvos', 85),
(1454, 'Levkas', 85),
(1455, 'Magnisia', 85),
(1456, 'Messinia', 85),
(1457, 'Nomos Attikis', 85),
(1458, 'Nomos Zakynthou', 85),
(1459, 'Pella', 85),
(1460, 'Pieria', 85),
(1461, 'Piraios', 85),
(1462, 'Preveza', 85),
(1463, 'Rethimni', 85),
(1464, 'Rodopi', 85),
(1465, 'Samos', 85),
(1466, 'Serrai', 85),
(1467, 'Thesprotia', 85),
(1468, 'Thessaloniki', 85),
(1469, 'Trikala', 85),
(1470, 'Voiotia', 85),
(1471, 'West Greece', 85),
(1472, 'Xanthi', 85),
(1473, 'Zakinthos', 85),
(1474, 'Aasiaat', 86),
(1475, 'Ammassalik', 86),
(1476, 'Illoqqortoormiut', 86),
(1477, 'Ilulissat', 86),
(1478, 'Ivittuut', 86),
(1479, 'Kangaatsiaq', 86),
(1480, 'Maniitsoq', 86),
(1481, 'Nanortalik', 86),
(1482, 'Narsaq', 86),
(1483, 'Nuuk', 86),
(1484, 'Paamiut', 86),
(1485, 'Qaanaaq', 86),
(1486, 'Qaqortoq', 86),
(1487, 'Qasigiannguit', 86),
(1488, 'Qeqertarsuaq', 86),
(1489, 'Sisimiut', 86),
(1490, 'Udenfor kommunal inddeling', 86),
(1491, 'Upernavik', 86),
(1492, 'Uummannaq', 86),
(1493, 'Carriacou-Petite Martinique', 87),
(1494, 'Saint Andrew', 87),
(1495, 'Saint Davids', 87),
(1496, 'Saint George\'s', 87),
(1497, 'Saint John', 87),
(1498, 'Saint Mark', 87),
(1499, 'Saint Patrick', 87),
(1500, 'Basse-Terre', 88),
(1501, 'Grande-Terre', 88),
(1502, 'Iles des Saintes', 88),
(1503, 'La Desirade', 88),
(1504, 'Marie-Galante', 88),
(1505, 'Saint Barthelemy', 88),
(1506, 'Saint Martin', 88),
(1507, 'Agana Heights', 89),
(1508, 'Agat', 89),
(1509, 'Barrigada', 89),
(1510, 'Chalan-Pago-Ordot', 89),
(1511, 'Dededo', 89),
(1512, 'Hagatna', 89),
(1513, 'Inarajan', 89),
(1514, 'Mangilao', 89),
(1515, 'Merizo', 89),
(1516, 'Mongmong-Toto-Maite', 89),
(1517, 'Santa Rita', 89),
(1518, 'Sinajana', 89),
(1519, 'Talofofo', 89),
(1520, 'Tamuning', 89),
(1521, 'Yigo', 89),
(1522, 'Yona', 89),
(1523, 'Alta Verapaz', 90),
(1524, 'Baja Verapaz', 90),
(1525, 'Chimaltenango', 90),
(1526, 'Chiquimula', 90),
(1527, 'El Progreso', 90),
(1528, 'Escuintla', 90),
(1529, 'Guatemala', 90),
(1530, 'Huehuetenango', 90),
(1531, 'Izabal', 90),
(1532, 'Jalapa', 90),
(1533, 'Jutiapa', 90),
(1534, 'Peten', 90),
(1535, 'Quezaltenango', 90),
(1536, 'Quiche', 90),
(1537, 'Retalhuleu', 90),
(1538, 'Sacatepequez', 90),
(1539, 'San Marcos', 90),
(1540, 'Santa Rosa', 90),
(1541, 'Solola', 90),
(1542, 'Suchitepequez', 90),
(1543, 'Totonicapan', 90),
(1544, 'Zacapa', 90),
(1545, 'Alderney', 91),
(1546, 'Castel', 91),
(1547, 'Forest', 91),
(1548, 'Saint Andrew', 91),
(1549, 'Saint Martin', 91),
(1550, 'Saint Peter Port', 91),
(1551, 'Saint Pierre du Bois', 91),
(1552, 'Saint Sampson', 91),
(1553, 'Saint Saviour', 91),
(1554, 'Sark', 91),
(1555, 'Torteval', 91),
(1556, 'Vale', 91),
(1557, 'Beyla', 92),
(1558, 'Boffa', 92),
(1559, 'Boke', 92),
(1560, 'Conakry', 92),
(1561, 'Coyah', 92),
(1562, 'Dabola', 92),
(1563, 'Dalaba', 92),
(1564, 'Dinguiraye', 92),
(1565, 'Faranah', 92),
(1566, 'Forecariah', 92),
(1567, 'Fria', 92),
(1568, 'Gaoual', 92),
(1569, 'Gueckedou', 92),
(1570, 'Kankan', 92),
(1571, 'Kerouane', 92),
(1572, 'Kindia', 92),
(1573, 'Kissidougou', 92),
(1574, 'Koubia', 92),
(1575, 'Koundara', 92),
(1576, 'Kouroussa', 92),
(1577, 'Labe', 92),
(1578, 'Lola', 92),
(1579, 'Macenta', 92),
(1580, 'Mali', 92),
(1581, 'Mamou', 92),
(1582, 'Mandiana', 92),
(1583, 'Nzerekore', 92),
(1584, 'Pita', 92),
(1585, 'Siguiri', 92),
(1586, 'Telimele', 92),
(1587, 'Tougue', 92),
(1588, 'Yomou', 92),
(1589, 'Bafata', 93),
(1590, 'Bissau', 93),
(1591, 'Bolama', 93),
(1592, 'Cacheu', 93),
(1593, 'Gabu', 93),
(1594, 'Oio', 93),
(1595, 'Quinara', 93),
(1596, 'Tombali', 93),
(1597, 'Barima-Waini', 94),
(1598, 'Cuyuni-Mazaruni', 94),
(1599, 'Demerara-Mahaica', 94),
(1600, 'East Berbice-Corentyne', 94),
(1601, 'Essequibo Islands-West Demerar', 94),
(1602, 'Mahaica-Berbice', 94),
(1603, 'Pomeroon-Supenaam', 94),
(1604, 'Potaro-Siparuni', 94),
(1605, 'Upper Demerara-Berbice', 94),
(1606, 'Upper Takutu-Upper Essequibo', 94),
(1607, 'Artibonite', 95),
(1608, 'Centre', 95),
(1609, 'Grand\'Anse', 95),
(1610, 'Nord', 95),
(1611, 'Nord-Est', 95),
(1612, 'Nord-Ouest', 95),
(1613, 'Ouest', 95),
(1614, 'Sud', 95),
(1615, 'Sud-Est', 95),
(1616, 'Heard and McDonald Islands', 96),
(1617, 'Atlantida', 97),
(1618, 'Choluteca', 97),
(1619, 'Colon', 97),
(1620, 'Comayagua', 97),
(1621, 'Copan', 97),
(1622, 'Cortes', 97),
(1623, 'Distrito Central', 97),
(1624, 'El Paraiso', 97),
(1625, 'Francisco Morazan', 97),
(1626, 'Gracias a Dios', 97),
(1627, 'Intibuca', 97),
(1628, 'Islas de la Bahia', 97),
(1629, 'La Paz', 97),
(1630, 'Lempira', 97),
(1631, 'Ocotepeque', 97),
(1632, 'Olancho', 97),
(1633, 'Santa Barbara', 97),
(1634, 'Valle', 97),
(1635, 'Yoro', 97),
(1636, 'Hong Kong', 98),
(1637, 'Bacs-Kiskun', 99),
(1638, 'Baranya', 99),
(1639, 'Bekes', 99),
(1640, 'Borsod-Abauj-Zemplen', 99),
(1641, 'Budapest', 99),
(1642, 'Csongrad', 99),
(1643, 'Fejer', 99),
(1644, 'Gyor-Moson-Sopron', 99),
(1645, 'Hajdu-Bihar', 99),
(1646, 'Heves', 99),
(1647, 'Jasz-Nagykun-Szolnok', 99),
(1648, 'Komarom-Esztergom', 99),
(1649, 'Nograd', 99),
(1650, 'Pest', 99),
(1651, 'Somogy', 99),
(1652, 'Szabolcs-Szatmar-Bereg', 99),
(1653, 'Tolna', 99),
(1654, 'Vas', 99),
(1655, 'Veszprem', 99),
(1656, 'Zala', 99),
(1657, 'Austurland', 100),
(1658, 'Gullbringusysla', 100),
(1659, 'Hofu borgarsva i', 100),
(1660, 'Nor urland eystra', 100),
(1661, 'Nor urland vestra', 100),
(1662, 'Su urland', 100),
(1663, 'Su urnes', 100),
(1664, 'Vestfir ir', 100),
(1665, 'Vesturland', 100),
(1666, 'Aceh', 102),
(1667, 'Bali', 102),
(1668, 'Bangka-Belitung', 102),
(1669, 'Banten', 102),
(1670, 'Bengkulu', 102),
(1671, 'Gandaria', 102),
(1672, 'Gorontalo', 102),
(1673, 'Jakarta', 102),
(1674, 'Jambi', 102),
(1675, 'Jawa Barat', 102),
(1676, 'Jawa Tengah', 102),
(1677, 'Jawa Timur', 102),
(1678, 'Kalimantan Barat', 102),
(1679, 'Kalimantan Selatan', 102),
(1680, 'Kalimantan Tengah', 102),
(1681, 'Kalimantan Timur', 102),
(1682, 'Kendal', 102),
(1683, 'Lampung', 102),
(1684, 'Maluku', 102),
(1685, 'Maluku Utara', 102),
(1686, 'Nusa Tenggara Barat', 102),
(1687, 'Nusa Tenggara Timur', 102),
(1688, 'Papua', 102),
(1689, 'Riau', 102),
(1690, 'Riau Kepulauan', 102),
(1691, 'Solo', 102),
(1692, 'Sulawesi Selatan', 102),
(1693, 'Sulawesi Tengah', 102),
(1694, 'Sulawesi Tenggara', 102),
(1695, 'Sulawesi Utara', 102),
(1696, 'Sumatera Barat', 102),
(1697, 'Sumatera Selatan', 102),
(1698, 'Sumatera Utara', 102),
(1699, 'Yogyakarta', 102),
(1700, 'Ardabil', 103),
(1701, 'Azarbayjan-e Bakhtari', 103),
(1702, 'Azarbayjan-e Khavari', 103),
(1703, 'Bushehr', 103),
(1704, 'Chahar Mahal-e Bakhtiari', 103),
(1705, 'Esfahan', 103),
(1706, 'Fars', 103),
(1707, 'Gilan', 103),
(1708, 'Golestan', 103),
(1709, 'Hamadan', 103),
(1710, 'Hormozgan', 103),
(1711, 'Ilam', 103),
(1712, 'Kerman', 103),
(1713, 'Kermanshah', 103),
(1714, 'Khorasan', 103),
(1715, 'Khuzestan', 103),
(1716, 'Kohgiluyeh-e Boyerahmad', 103),
(1717, 'Kordestan', 103),
(1718, 'Lorestan', 103),
(1719, 'Markazi', 103),
(1720, 'Mazandaran', 103),
(1721, 'Ostan-e Esfahan', 103),
(1722, 'Qazvin', 103),
(1723, 'Qom', 103),
(1724, 'Semnan', 103),
(1725, 'Sistan-e Baluchestan', 103),
(1726, 'Tehran', 103),
(1727, 'Yazd', 103),
(1728, 'Zanjan', 103),
(1729, 'Babil', 104),
(1730, 'Baghdad', 104),
(1731, 'Dahuk', 104),
(1732, 'Dhi Qar', 104),
(1733, 'Diyala', 104),
(1734, 'Erbil', 104),
(1735, 'Irbil', 104),
(1736, 'Karbala', 104),
(1737, 'Kurdistan', 104),
(1738, 'Maysan', 104),
(1739, 'Ninawa', 104),
(1740, 'Salah-ad-Din', 104),
(1741, 'Wasit', 104),
(1742, 'al-Anbar', 104),
(1743, 'al-Basrah', 104),
(1744, 'al-Muthanna', 104),
(1745, 'al-Qadisiyah', 104),
(1746, 'an-Najaf', 104),
(1747, 'as-Sulaymaniyah', 104),
(1748, 'at-Ta\'mim', 104),
(1749, 'Armagh', 105),
(1750, 'Carlow', 105),
(1751, 'Cavan', 105),
(1752, 'Clare', 105),
(1753, 'Cork', 105),
(1754, 'Donegal', 105),
(1755, 'Dublin', 105),
(1756, 'Galway', 105),
(1757, 'Kerry', 105),
(1758, 'Kildare', 105),
(1759, 'Kilkenny', 105),
(1760, 'Laois', 105),
(1761, 'Leinster', 105),
(1762, 'Leitrim', 105),
(1763, 'Limerick', 105),
(1764, 'Loch Garman', 105),
(1765, 'Longford', 105),
(1766, 'Louth', 105),
(1767, 'Mayo', 105),
(1768, 'Meath', 105),
(1769, 'Monaghan', 105),
(1770, 'Offaly', 105),
(1771, 'Roscommon', 105),
(1772, 'Sligo', 105),
(1773, 'Tipperary North Riding', 105),
(1774, 'Tipperary South Riding', 105),
(1775, 'Ulster', 105),
(1776, 'Waterford', 105),
(1777, 'Westmeath', 105),
(1778, 'Wexford', 105),
(1779, 'Wicklow', 105),
(1780, 'Beit Hanania', 106),
(1781, 'Ben Gurion Airport', 106),
(1782, 'Bethlehem', 106),
(1783, 'Caesarea', 106),
(1784, 'Centre', 106),
(1785, 'Gaza', 106),
(1786, 'Hadaron', 106),
(1787, 'Haifa District', 106),
(1788, 'Hamerkaz', 106),
(1789, 'Hazafon', 106),
(1790, 'Hebron', 106),
(1791, 'Jaffa', 106),
(1792, 'Jerusalem', 106),
(1793, 'Khefa', 106),
(1794, 'Kiryat Yam', 106),
(1795, 'Lower Galilee', 106),
(1796, 'Qalqilya', 106),
(1797, 'Talme Elazar', 106),
(1798, 'Tel Aviv', 106),
(1799, 'Tsafon', 106),
(1800, 'Umm El Fahem', 106),
(1801, 'Yerushalayim', 106),
(1802, 'Abruzzi', 107),
(1803, 'Abruzzo', 107),
(1804, 'Agrigento', 107),
(1805, 'Alessandria', 107),
(1806, 'Ancona', 107),
(1807, 'Arezzo', 107),
(1808, 'Ascoli Piceno', 107),
(1809, 'Asti', 107),
(1810, 'Avellino', 107),
(1811, 'Bari', 107),
(1812, 'Basilicata', 107),
(1813, 'Belluno', 107),
(1814, 'Benevento', 107),
(1815, 'Bergamo', 107),
(1816, 'Biella', 107),
(1817, 'Bologna', 107),
(1818, 'Bolzano', 107),
(1819, 'Brescia', 107),
(1820, 'Brindisi', 107),
(1821, 'Calabria', 107),
(1822, 'Campania', 107),
(1823, 'Cartoceto', 107),
(1824, 'Caserta', 107),
(1825, 'Catania', 107),
(1826, 'Chieti', 107),
(1827, 'Como', 107),
(1828, 'Cosenza', 107),
(1829, 'Cremona', 107),
(1830, 'Cuneo', 107),
(1831, 'Emilia-Romagna', 107),
(1832, 'Ferrara', 107),
(1833, 'Firenze', 107),
(1834, 'Florence', 107),
(1835, 'Forli-Cesena ', 107),
(1836, 'Friuli-Venezia Giulia', 107),
(1837, 'Frosinone', 107),
(1838, 'Genoa', 107),
(1839, 'Gorizia', 107),
(1840, 'L\'Aquila', 107),
(1841, 'Lazio', 107),
(1842, 'Lecce', 107),
(1843, 'Lecco', 107),
(1844, 'Lecco Province', 107),
(1845, 'Liguria', 107),
(1846, 'Lodi', 107),
(1847, 'Lombardia', 107),
(1848, 'Lombardy', 107),
(1849, 'Macerata', 107),
(1850, 'Mantova', 107),
(1851, 'Marche', 107),
(1852, 'Messina', 107),
(1853, 'Milan', 107),
(1854, 'Modena', 107),
(1855, 'Molise', 107),
(1856, 'Molteno', 107),
(1857, 'Montenegro', 107),
(1858, 'Monza and Brianza', 107),
(1859, 'Naples', 107),
(1860, 'Novara', 107),
(1861, 'Padova', 107),
(1862, 'Parma', 107),
(1863, 'Pavia', 107),
(1864, 'Perugia', 107),
(1865, 'Pesaro-Urbino', 107),
(1866, 'Piacenza', 107),
(1867, 'Piedmont', 107),
(1868, 'Piemonte', 107),
(1869, 'Pisa', 107),
(1870, 'Pordenone', 107),
(1871, 'Potenza', 107),
(1872, 'Puglia', 107),
(1873, 'Reggio Emilia', 107),
(1874, 'Rimini', 107),
(1875, 'Roma', 107),
(1876, 'Salerno', 107),
(1877, 'Sardegna', 107),
(1878, 'Sassari', 107),
(1879, 'Savona', 107),
(1880, 'Sicilia', 107),
(1881, 'Siena', 107),
(1882, 'Sondrio', 107),
(1883, 'South Tyrol', 107),
(1884, 'Taranto', 107),
(1885, 'Teramo', 107),
(1886, 'Torino', 107),
(1887, 'Toscana', 107),
(1888, 'Trapani', 107),
(1889, 'Trentino-Alto Adige', 107),
(1890, 'Trento', 107),
(1891, 'Treviso', 107),
(1892, 'Udine', 107),
(1893, 'Umbria', 107),
(1894, 'Valle d\'Aosta', 107),
(1895, 'Varese', 107),
(1896, 'Veneto', 107),
(1897, 'Venezia', 107),
(1898, 'Verbano-Cusio-Ossola', 107),
(1899, 'Vercelli', 107),
(1900, 'Verona', 107),
(1901, 'Vicenza', 107),
(1902, 'Viterbo', 107),
(1903, 'Buxoro Viloyati', 108),
(1904, 'Clarendon', 108),
(1905, 'Hanover', 108),
(1906, 'Kingston', 108),
(1907, 'Manchester', 108),
(1908, 'Portland', 108),
(1909, 'Saint Andrews', 108),
(1910, 'Saint Ann', 108),
(1911, 'Saint Catherine', 108),
(1912, 'Saint Elizabeth', 108),
(1913, 'Saint James', 108),
(1914, 'Saint Mary', 108),
(1915, 'Saint Thomas', 108),
(1916, 'Trelawney', 108),
(1917, 'Westmoreland', 108),
(1918, 'Aichi', 109),
(1919, 'Akita', 109),
(1920, 'Aomori', 109),
(1921, 'Chiba', 109),
(1922, 'Ehime', 109),
(1923, 'Fukui', 109),
(1924, 'Fukuoka', 109),
(1925, 'Fukushima', 109),
(1926, 'Gifu', 109),
(1927, 'Gumma', 109),
(1928, 'Hiroshima', 109),
(1929, 'Hokkaido', 109),
(1930, 'Hyogo', 109),
(1931, 'Ibaraki', 109),
(1932, 'Ishikawa', 109),
(1933, 'Iwate', 109),
(1934, 'Kagawa', 109),
(1935, 'Kagoshima', 109),
(1936, 'Kanagawa', 109),
(1937, 'Kanto', 109),
(1938, 'Kochi', 109),
(1939, 'Kumamoto', 109),
(1940, 'Kyoto', 109),
(1941, 'Mie', 109),
(1942, 'Miyagi', 109),
(1943, 'Miyazaki', 109),
(1944, 'Nagano', 109),
(1945, 'Nagasaki', 109),
(1946, 'Nara', 109),
(1947, 'Niigata', 109),
(1948, 'Oita', 109),
(1949, 'Okayama', 109),
(1950, 'Okinawa', 109),
(1951, 'Osaka', 109),
(1952, 'Saga', 109),
(1953, 'Saitama', 109),
(1954, 'Shiga', 109),
(1955, 'Shimane', 109),
(1956, 'Shizuoka', 109),
(1957, 'Tochigi', 109),
(1958, 'Tokushima', 109),
(1959, 'Tokyo', 109),
(1960, 'Tottori', 109),
(1961, 'Toyama', 109),
(1962, 'Wakayama', 109),
(1963, 'Yamagata', 109),
(1964, 'Yamaguchi', 109),
(1965, 'Yamanashi', 109),
(1966, 'Grouville', 110),
(1967, 'Saint Brelade', 110),
(1968, 'Saint Clement', 110),
(1969, 'Saint Helier', 110),
(1970, 'Saint John', 110),
(1971, 'Saint Lawrence', 110),
(1972, 'Saint Martin', 110),
(1973, 'Saint Mary', 110),
(1974, 'Saint Peter', 110),
(1975, 'Saint Saviour', 110),
(1976, 'Trinity', 110),
(1977, '\'Ajlun', 111),
(1978, 'Amman', 111),
(1979, 'Irbid', 111),
(1980, 'Jarash', 111),
(1981, 'Ma\'an', 111),
(1982, 'Madaba', 111),
(1983, 'al-\'Aqabah', 111),
(1984, 'al-Balqa\'', 111),
(1985, 'al-Karak', 111),
(1986, 'al-Mafraq', 111),
(1987, 'at-Tafilah', 111),
(1988, 'az-Zarqa\'', 111),
(1989, 'Akmecet', 112),
(1990, 'Akmola', 112),
(1991, 'Aktobe', 112),
(1992, 'Almati', 112),
(1993, 'Atirau', 112),
(1994, 'Batis Kazakstan', 112),
(1995, 'Burlinsky Region', 112),
(1996, 'Karagandi', 112),
(1997, 'Kostanay', 112),
(1998, 'Mankistau', 112),
(1999, 'Ontustik Kazakstan', 112),
(2000, 'Pavlodar', 112),
(2001, 'Sigis Kazakstan', 112),
(2002, 'Soltustik Kazakstan', 112),
(2003, 'Taraz', 112),
(2004, 'Central', 113),
(2005, 'Coast', 113),
(2006, 'Eastern', 113),
(2007, 'Nairobi', 113),
(2008, 'North Eastern', 113),
(2009, 'Nyanza', 113),
(2010, 'Rift Valley', 113),
(2011, 'Western', 113),
(2012, 'Abaiang', 114),
(2013, 'Abemana', 114),
(2014, 'Aranuka', 114),
(2015, 'Arorae', 114),
(2016, 'Banaba', 114),
(2017, 'Beru', 114),
(2018, 'Butaritari', 114),
(2019, 'Kiritimati', 114),
(2020, 'Kuria', 114),
(2021, 'Maiana', 114),
(2022, 'Makin', 114),
(2023, 'Marakei', 114),
(2024, 'Nikunau', 114),
(2025, 'Nonouti', 114),
(2026, 'Onotoa', 114),
(2027, 'Phoenix Islands', 114),
(2028, 'Tabiteuea North', 114),
(2029, 'Tabiteuea South', 114),
(2030, 'Tabuaeran', 114),
(2031, 'Tamana', 114),
(2032, 'Tarawa North', 114),
(2033, 'Tarawa South', 114),
(2034, 'Teraina', 114),
(2035, 'Chagangdo', 115),
(2036, 'Hamgyeongbukto', 115),
(2037, 'Hamgyeongnamdo', 115),
(2038, 'Hwanghaebukto', 115),
(2039, 'Hwanghaenamdo', 115),
(2040, 'Kaeseong', 115),
(2041, 'Kangweon', 115),
(2042, 'Nampo', 115),
(2043, 'Pyeonganbukto', 115),
(2044, 'Pyeongannamdo', 115),
(2045, 'Pyeongyang', 115),
(2046, 'Yanggang', 115),
(2047, 'Busan', 116),
(2048, 'Cheju', 116),
(2049, 'Chollabuk', 116),
(2050, 'Chollanam', 116),
(2051, 'Chungbuk', 116),
(2052, 'Chungcheongbuk', 116),
(2053, 'Chungcheongnam', 116),
(2054, 'Chungnam', 116),
(2055, 'Daegu', 116),
(2056, 'Gangwon-do', 116),
(2057, 'Goyang-si', 116),
(2058, 'Gyeonggi-do', 116),
(2059, 'Gyeongsang ', 116),
(2060, 'Gyeongsangnam-do', 116),
(2061, 'Incheon', 116),
(2062, 'Jeju-Si', 116),
(2063, 'Jeonbuk', 116),
(2064, 'Kangweon', 116),
(2065, 'Kwangju', 116),
(2066, 'Kyeonggi', 116),
(2067, 'Kyeongsangbuk', 116),
(2068, 'Kyeongsangnam', 116),
(2069, 'Kyonggi-do', 116),
(2070, 'Kyungbuk-Do', 116),
(2071, 'Kyunggi-Do', 116),
(2072, 'Kyunggi-do', 116),
(2073, 'Pusan', 116),
(2074, 'Seoul', 116),
(2075, 'Sudogwon', 116),
(2076, 'Taegu', 116),
(2077, 'Taejeon', 116),
(2078, 'Taejon-gwangyoksi', 116),
(2079, 'Ulsan', 116),
(2080, 'Wonju', 116),
(2081, 'gwangyoksi', 116),
(2082, 'Al Asimah', 117),
(2083, 'Hawalli', 117),
(2084, 'Mishref', 117),
(2085, 'Qadesiya', 117),
(2086, 'Safat', 117),
(2087, 'Salmiya', 117),
(2088, 'al-Ahmadi', 117),
(2089, 'al-Farwaniyah', 117),
(2090, 'al-Jahra', 117),
(2091, 'al-Kuwayt', 117),
(2092, 'Batken', 118),
(2093, 'Bishkek', 118),
(2094, 'Chui', 118),
(2095, 'Issyk-Kul', 118),
(2096, 'Jalal-Abad', 118),
(2097, 'Naryn', 118),
(2098, 'Osh', 118),
(2099, 'Talas', 118),
(2100, 'Attopu', 119),
(2101, 'Bokeo', 119),
(2102, 'Bolikhamsay', 119),
(2103, 'Champasak', 119),
(2104, 'Houaphanh', 119),
(2105, 'Khammouane', 119),
(2106, 'Luang Nam Tha', 119),
(2107, 'Luang Prabang', 119),
(2108, 'Oudomxay', 119),
(2109, 'Phongsaly', 119),
(2110, 'Saravan', 119),
(2111, 'Savannakhet', 119),
(2112, 'Sekong', 119),
(2113, 'Viangchan Prefecture', 119),
(2114, 'Viangchan Province', 119),
(2115, 'Xaignabury', 119),
(2116, 'Xiang Khuang', 119),
(2117, 'Aizkraukles', 120),
(2118, 'Aluksnes', 120),
(2119, 'Balvu', 120),
(2120, 'Bauskas', 120),
(2121, 'Cesu', 120),
(2122, 'Daugavpils', 120),
(2123, 'Daugavpils City', 120),
(2124, 'Dobeles', 120),
(2125, 'Gulbenes', 120),
(2126, 'Jekabspils', 120),
(2127, 'Jelgava', 120),
(2128, 'Jelgavas', 120),
(2129, 'Jurmala City', 120),
(2130, 'Kraslavas', 120),
(2131, 'Kuldigas', 120),
(2132, 'Liepaja', 120),
(2133, 'Liepajas', 120),
(2134, 'Limbazhu', 120),
(2135, 'Ludzas', 120),
(2136, 'Madonas', 120),
(2137, 'Ogres', 120),
(2138, 'Preilu', 120),
(2139, 'Rezekne', 120),
(2140, 'Rezeknes', 120),
(2141, 'Riga', 120),
(2142, 'Rigas', 120),
(2143, 'Saldus', 120),
(2144, 'Talsu', 120),
(2145, 'Tukuma', 120),
(2146, 'Valkas', 120),
(2147, 'Valmieras', 120),
(2148, 'Ventspils', 120),
(2149, 'Ventspils City', 120),
(2150, 'Beirut', 121),
(2151, 'Jabal Lubnan', 121),
(2152, 'Mohafazat Liban-Nord', 121),
(2153, 'Mohafazat Mont-Liban', 121),
(2154, 'Sidon', 121),
(2155, 'al-Biqa', 121),
(2156, 'al-Janub', 121),
(2157, 'an-Nabatiyah', 121),
(2158, 'ash-Shamal', 121),
(2159, 'Berea', 122),
(2160, 'Butha-Buthe', 122),
(2161, 'Leribe', 122),
(2162, 'Mafeteng', 122),
(2163, 'Maseru', 122),
(2164, 'Mohale\'s Hoek', 122),
(2165, 'Mokhotlong', 122),
(2166, 'Qacha\'s Nek', 122),
(2167, 'Quthing', 122),
(2168, 'Thaba-Tseka', 122),
(2169, 'Bomi', 123),
(2170, 'Bong', 123),
(2171, 'Grand Bassa', 123),
(2172, 'Grand Cape Mount', 123),
(2173, 'Grand Gedeh', 123),
(2174, 'Loffa', 123),
(2175, 'Margibi', 123),
(2176, 'Maryland and Grand Kru', 123),
(2177, 'Montserrado', 123),
(2178, 'Nimba', 123),
(2179, 'Rivercess', 123),
(2180, 'Sinoe', 123),
(2181, 'Ajdabiya', 124);
INSERT INTO `ciudades` (`id`, `name`, `country_id`) VALUES
(2182, 'Fezzan', 124),
(2183, 'Banghazi', 124),
(2184, 'Darnah', 124),
(2185, 'Ghadamis', 124),
(2186, 'Gharyan', 124),
(2187, 'Misratah', 124),
(2188, 'Murzuq', 124),
(2189, 'Sabha', 124),
(2190, 'Sawfajjin', 124),
(2191, 'Surt', 124),
(2192, 'Tarabulus', 124),
(2193, 'Tarhunah', 124),
(2194, 'Tripolitania', 124),
(2195, 'Tubruq', 124),
(2196, 'Yafran', 124),
(2197, 'Zlitan', 124),
(2198, 'al-\'Aziziyah', 124),
(2199, 'al-Fatih', 124),
(2200, 'al-Jabal al Akhdar', 124),
(2201, 'al-Jufrah', 124),
(2202, 'al-Khums', 124),
(2203, 'al-Kufrah', 124),
(2204, 'an-Nuqat al-Khams', 124),
(2205, 'ash-Shati\'', 124),
(2206, 'az-Zawiyah', 124),
(2207, 'Balzers', 125),
(2208, 'Eschen', 125),
(2209, 'Gamprin', 125),
(2210, 'Mauren', 125),
(2211, 'Planken', 125),
(2212, 'Ruggell', 125),
(2213, 'Schaan', 125),
(2214, 'Schellenberg', 125),
(2215, 'Triesen', 125),
(2216, 'Triesenberg', 125),
(2217, 'Vaduz', 125),
(2218, 'Alytaus', 126),
(2219, 'Anyksciai', 126),
(2220, 'Kauno', 126),
(2221, 'Klaipedos', 126),
(2222, 'Marijampoles', 126),
(2223, 'Panevezhio', 126),
(2224, 'Panevezys', 126),
(2225, 'Shiauliu', 126),
(2226, 'Taurages', 126),
(2227, 'Telshiu', 126),
(2228, 'Telsiai', 126),
(2229, 'Utenos', 126),
(2230, 'Vilniaus', 126),
(2231, 'Capellen', 127),
(2232, 'Clervaux', 127),
(2233, 'Diekirch', 127),
(2234, 'Echternach', 127),
(2235, 'Esch-sur-Alzette', 127),
(2236, 'Grevenmacher', 127),
(2237, 'Luxembourg', 127),
(2238, 'Mersch', 127),
(2239, 'Redange', 127),
(2240, 'Remich', 127),
(2241, 'Vianden', 127),
(2242, 'Wiltz', 127),
(2243, 'Macau', 128),
(2244, 'Berovo', 129),
(2245, 'Bitola', 129),
(2246, 'Brod', 129),
(2247, 'Debar', 129),
(2248, 'Delchevo', 129),
(2249, 'Demir Hisar', 129),
(2250, 'Gevgelija', 129),
(2251, 'Gostivar', 129),
(2252, 'Kavadarci', 129),
(2253, 'Kichevo', 129),
(2254, 'Kochani', 129),
(2255, 'Kratovo', 129),
(2256, 'Kriva Palanka', 129),
(2257, 'Krushevo', 129),
(2258, 'Kumanovo', 129),
(2259, 'Negotino', 129),
(2260, 'Ohrid', 129),
(2261, 'Prilep', 129),
(2262, 'Probishtip', 129),
(2263, 'Radovish', 129),
(2264, 'Resen', 129),
(2265, 'Shtip', 129),
(2266, 'Skopje', 129),
(2267, 'Struga', 129),
(2268, 'Strumica', 129),
(2269, 'Sveti Nikole', 129),
(2270, 'Tetovo', 129),
(2271, 'Valandovo', 129),
(2272, 'Veles', 129),
(2273, 'Vinica', 129),
(2274, 'Antananarivo', 130),
(2275, 'Antsiranana', 130),
(2276, 'Fianarantsoa', 130),
(2277, 'Mahajanga', 130),
(2278, 'Toamasina', 130),
(2279, 'Toliary', 130),
(2280, 'Balaka', 131),
(2281, 'Blantyre City', 131),
(2282, 'Chikwawa', 131),
(2283, 'Chiradzulu', 131),
(2284, 'Chitipa', 131),
(2285, 'Dedza', 131),
(2286, 'Dowa', 131),
(2287, 'Karonga', 131),
(2288, 'Kasungu', 131),
(2289, 'Lilongwe City', 131),
(2290, 'Machinga', 131),
(2291, 'Mangochi', 131),
(2292, 'Mchinji', 131),
(2293, 'Mulanje', 131),
(2294, 'Mwanza', 131),
(2295, 'Mzimba', 131),
(2296, 'Mzuzu City', 131),
(2297, 'Nkhata Bay', 131),
(2298, 'Nkhotakota', 131),
(2299, 'Nsanje', 131),
(2300, 'Ntcheu', 131),
(2301, 'Ntchisi', 131),
(2302, 'Phalombe', 131),
(2303, 'Rumphi', 131),
(2304, 'Salima', 131),
(2305, 'Thyolo', 131),
(2306, 'Zomba Municipality', 131),
(2307, 'Johor', 132),
(2308, 'Kedah', 132),
(2309, 'Kelantan', 132),
(2310, 'Kuala Lumpur', 132),
(2311, 'Labuan', 132),
(2312, 'Melaka', 132),
(2313, 'Negeri Johor', 132),
(2314, 'Negeri Sembilan', 132),
(2315, 'Pahang', 132),
(2316, 'Penang', 132),
(2317, 'Perak', 132),
(2318, 'Perlis', 132),
(2319, 'Pulau Pinang', 132),
(2320, 'Sabah', 132),
(2321, 'Sarawak', 132),
(2322, 'Selangor', 132),
(2323, 'Sembilan', 132),
(2324, 'Terengganu', 132),
(2325, 'Alif Alif', 133),
(2326, 'Alif Dhaal', 133),
(2327, 'Baa', 133),
(2328, 'Dhaal', 133),
(2329, 'Faaf', 133),
(2330, 'Gaaf Alif', 133),
(2331, 'Gaaf Dhaal', 133),
(2332, 'Ghaviyani', 133),
(2333, 'Haa Alif', 133),
(2334, 'Haa Dhaal', 133),
(2335, 'Kaaf', 133),
(2336, 'Laam', 133),
(2337, 'Lhaviyani', 133),
(2338, 'Male', 133),
(2339, 'Miim', 133),
(2340, 'Nuun', 133),
(2341, 'Raa', 133),
(2342, 'Shaviyani', 133),
(2343, 'Siin', 133),
(2344, 'Thaa', 133),
(2345, 'Vaav', 133),
(2346, 'Bamako', 134),
(2347, 'Gao', 134),
(2348, 'Kayes', 134),
(2349, 'Kidal', 134),
(2350, 'Koulikoro', 134),
(2351, 'Mopti', 134),
(2352, 'Segou', 134),
(2353, 'Sikasso', 134),
(2354, 'Tombouctou', 134),
(2355, 'Gozo and Comino', 135),
(2356, 'Inner Harbour', 135),
(2357, 'Northern', 135),
(2358, 'Outer Harbour', 135),
(2359, 'South Eastern', 135),
(2360, 'Valletta', 135),
(2361, 'Western', 135),
(2362, 'Castletown', 136),
(2363, 'Douglas', 136),
(2364, 'Laxey', 136),
(2365, 'Onchan', 136),
(2366, 'Peel', 136),
(2367, 'Port Erin', 136),
(2368, 'Port Saint Mary', 136),
(2369, 'Ramsey', 136),
(2370, 'Ailinlaplap', 137),
(2371, 'Ailuk', 137),
(2372, 'Arno', 137),
(2373, 'Aur', 137),
(2374, 'Bikini', 137),
(2375, 'Ebon', 137),
(2376, 'Enewetak', 137),
(2377, 'Jabat', 137),
(2378, 'Jaluit', 137),
(2379, 'Kili', 137),
(2380, 'Kwajalein', 137),
(2381, 'Lae', 137),
(2382, 'Lib', 137),
(2383, 'Likiep', 137),
(2384, 'Majuro', 137),
(2385, 'Maloelap', 137),
(2386, 'Mejit', 137),
(2387, 'Mili', 137),
(2388, 'Namorik', 137),
(2389, 'Namu', 137),
(2390, 'Rongelap', 137),
(2391, 'Ujae', 137),
(2392, 'Utrik', 137),
(2393, 'Wotho', 137),
(2394, 'Wotje', 137),
(2395, 'Fort-de-France', 138),
(2396, 'La Trinite', 138),
(2397, 'Le Marin', 138),
(2398, 'Saint-Pierre', 138),
(2399, 'Adrar', 139),
(2400, 'Assaba', 139),
(2401, 'Brakna', 139),
(2402, 'Dhakhlat Nawadibu', 139),
(2403, 'Hudh-al-Gharbi', 139),
(2404, 'Hudh-ash-Sharqi', 139),
(2405, 'Inshiri', 139),
(2406, 'Nawakshut', 139),
(2407, 'Qidimagha', 139),
(2408, 'Qurqul', 139),
(2409, 'Taqant', 139),
(2410, 'Tiris Zammur', 139),
(2411, 'Trarza', 139),
(2412, 'Black River', 140),
(2413, 'Eau Coulee', 140),
(2414, 'Flacq', 140),
(2415, 'Floreal', 140),
(2416, 'Grand Port', 140),
(2417, 'Moka', 140),
(2418, 'Pamplempousses', 140),
(2419, 'Plaines Wilhelm', 140),
(2420, 'Port Louis', 140),
(2421, 'Riviere du Rempart', 140),
(2422, 'Rodrigues', 140),
(2423, 'Rose Hill', 140),
(2424, 'Savanne', 140),
(2425, 'Mayotte', 141),
(2426, 'Pamanzi', 141),
(2427, 'Aguascalientes', 142),
(2428, 'Baja California', 142),
(2429, 'Baja California Sur', 142),
(2430, 'Campeche', 142),
(2431, 'Chiapas', 142),
(2432, 'Chihuahua', 142),
(2433, 'Coahuila', 142),
(2434, 'Colima', 142),
(2435, 'Distrito Federal', 142),
(2436, 'Durango', 142),
(2437, 'Estado de Mexico', 142),
(2438, 'Guanajuato', 142),
(2439, 'Guerrero', 142),
(2440, 'Hidalgo', 142),
(2441, 'Jalisco', 142),
(2442, 'Mexico', 142),
(2443, 'Michoacan', 142),
(2444, 'Morelos', 142),
(2445, 'Nayarit', 142),
(2446, 'Nuevo Leon', 142),
(2447, 'Oaxaca', 142),
(2448, 'Puebla', 142),
(2449, 'Queretaro', 142),
(2450, 'Quintana Roo', 142),
(2451, 'San Luis Potosi', 142),
(2452, 'Sinaloa', 142),
(2453, 'Sonora', 142),
(2454, 'Tabasco', 142),
(2455, 'Tamaulipas', 142),
(2456, 'Tlaxcala', 142),
(2457, 'Veracruz', 142),
(2458, 'Yucatan', 142),
(2459, 'Zacatecas', 142),
(2460, 'Chuuk', 143),
(2461, 'Kusaie', 143),
(2462, 'Pohnpei', 143),
(2463, 'Yap', 143),
(2464, 'Balti', 144),
(2465, 'Cahul', 144),
(2466, 'Chisinau', 144),
(2467, 'Chisinau Oras', 144),
(2468, 'Edinet', 144),
(2469, 'Gagauzia', 144),
(2470, 'Lapusna', 144),
(2471, 'Orhei', 144),
(2472, 'Soroca', 144),
(2473, 'Taraclia', 144),
(2474, 'Tighina', 144),
(2475, 'Transnistria', 144),
(2476, 'Ungheni', 144),
(2477, 'Fontvieille', 145),
(2478, 'La Condamine', 145),
(2479, 'Monaco-Ville', 145),
(2480, 'Monte Carlo', 145),
(2481, 'Arhangaj', 146),
(2482, 'Bajan-Olgij', 146),
(2483, 'Bajanhongor', 146),
(2484, 'Bulgan', 146),
(2485, 'Darhan-Uul', 146),
(2486, 'Dornod', 146),
(2487, 'Dornogovi', 146),
(2488, 'Dundgovi', 146),
(2489, 'Govi-Altaj', 146),
(2490, 'Govisumber', 146),
(2491, 'Hentij', 146),
(2492, 'Hovd', 146),
(2493, 'Hovsgol', 146),
(2494, 'Omnogovi', 146),
(2495, 'Orhon', 146),
(2496, 'Ovorhangaj', 146),
(2497, 'Selenge', 146),
(2498, 'Suhbaatar', 146),
(2499, 'Tov', 146),
(2500, 'Ulaanbaatar', 146),
(2501, 'Uvs', 146),
(2502, 'Zavhan', 146),
(2503, 'Montserrat', 147),
(2504, 'Agadir', 148),
(2505, 'Casablanca', 148),
(2506, 'Chaouia-Ouardigha', 148),
(2507, 'Doukkala-Abda', 148),
(2508, 'Fes-Boulemane', 148),
(2509, 'Gharb-Chrarda-Beni Hssen', 148),
(2510, 'Guelmim', 148),
(2511, 'Kenitra', 148),
(2512, 'Marrakech-Tensift-Al Haouz', 148),
(2513, 'Meknes-Tafilalet', 148),
(2514, 'Oriental', 148),
(2515, 'Oujda', 148),
(2516, 'Province de Tanger', 148),
(2517, 'Rabat-Sale-Zammour-Zaer', 148),
(2518, 'Sala Al Jadida', 148),
(2519, 'Settat', 148),
(2520, 'Souss Massa-Draa', 148),
(2521, 'Tadla-Azilal', 148),
(2522, 'Tangier-Tetouan', 148),
(2523, 'Taza-Al Hoceima-Taounate', 148),
(2524, 'Wilaya de Casablanca', 148),
(2525, 'Wilaya de Rabat-Sale', 148),
(2526, 'Cabo Delgado', 149),
(2527, 'Gaza', 149),
(2528, 'Inhambane', 149),
(2529, 'Manica', 149),
(2530, 'Maputo', 149),
(2531, 'Maputo Provincia', 149),
(2532, 'Nampula', 149),
(2533, 'Niassa', 149),
(2534, 'Sofala', 149),
(2535, 'Tete', 149),
(2536, 'Zambezia', 149),
(2537, 'Ayeyarwady', 150),
(2538, 'Bago', 150),
(2539, 'Chin', 150),
(2540, 'Kachin', 150),
(2541, 'Kayah', 150),
(2542, 'Kayin', 150),
(2543, 'Magway', 150),
(2544, 'Mandalay', 150),
(2545, 'Mon', 150),
(2546, 'Nay Pyi Taw', 150),
(2547, 'Rakhine', 150),
(2548, 'Sagaing', 150),
(2549, 'Shan', 150),
(2550, 'Tanintharyi', 150),
(2551, 'Yangon', 150),
(2552, 'Caprivi', 151),
(2553, 'Erongo', 151),
(2554, 'Hardap', 151),
(2555, 'Karas', 151),
(2556, 'Kavango', 151),
(2557, 'Khomas', 151),
(2558, 'Kunene', 151),
(2559, 'Ohangwena', 151),
(2560, 'Omaheke', 151),
(2561, 'Omusati', 151),
(2562, 'Oshana', 151),
(2563, 'Oshikoto', 151),
(2564, 'Otjozondjupa', 151),
(2565, 'Yaren', 152),
(2566, 'Bagmati', 153),
(2567, 'Bheri', 153),
(2568, 'Dhawalagiri', 153),
(2569, 'Gandaki', 153),
(2570, 'Janakpur', 153),
(2571, 'Karnali', 153),
(2572, 'Koshi', 153),
(2573, 'Lumbini', 153),
(2574, 'Mahakali', 153),
(2575, 'Mechi', 153),
(2576, 'Narayani', 153),
(2577, 'Rapti', 153),
(2578, 'Sagarmatha', 153),
(2579, 'Seti', 153),
(2580, 'Bonaire', 154),
(2581, 'Curacao', 154),
(2582, 'Saba', 154),
(2583, 'Sint Eustatius', 154),
(2584, 'Sint Maarten', 154),
(2585, 'Amsterdam', 155),
(2586, 'Benelux', 155),
(2587, 'Drenthe', 155),
(2588, 'Flevoland', 155),
(2589, 'Friesland', 155),
(2590, 'Gelderland', 155),
(2591, 'Groningen', 155),
(2592, 'Limburg', 155),
(2593, 'Noord-Brabant', 155),
(2594, 'Noord-Holland', 155),
(2595, 'Overijssel', 155),
(2596, 'South Holland', 155),
(2597, 'Utrecht', 155),
(2598, 'Zeeland', 155),
(2599, 'Zuid-Holland', 155),
(2600, 'Iles', 156),
(2601, 'Nord', 156),
(2602, 'Sud', 156),
(2603, 'Area Outside Region', 157),
(2604, 'Auckland', 157),
(2605, 'Bay of Plenty', 157),
(2606, 'Canterbury', 157),
(2607, 'Christchurch', 157),
(2608, 'Gisborne', 157),
(2609, 'Hawke\'s Bay', 157),
(2610, 'Manawatu-Wanganui', 157),
(2611, 'Marlborough', 157),
(2612, 'Nelson', 157),
(2613, 'Northland', 157),
(2614, 'Otago', 157),
(2615, 'Rodney', 157),
(2616, 'Southland', 157),
(2617, 'Taranaki', 157),
(2618, 'Tasman', 157),
(2619, 'Waikato', 157),
(2620, 'Wellington', 157),
(2621, 'West Coast', 157),
(2622, 'Atlantico Norte', 158),
(2623, 'Atlantico Sur', 158),
(2624, 'Boaco', 158),
(2625, 'Carazo', 158),
(2626, 'Chinandega', 158),
(2627, 'Chontales', 158),
(2628, 'Esteli', 158),
(2629, 'Granada', 158),
(2630, 'Jinotega', 158),
(2631, 'Leon', 158),
(2632, 'Madriz', 158),
(2633, 'Managua', 158),
(2634, 'Masaya', 158),
(2635, 'Matagalpa', 158),
(2636, 'Nueva Segovia', 158),
(2637, 'Rio San Juan', 158),
(2638, 'Rivas', 158),
(2639, 'Agadez', 159),
(2640, 'Diffa', 159),
(2641, 'Dosso', 159),
(2642, 'Maradi', 159),
(2643, 'Niamey', 159),
(2644, 'Tahoua', 159),
(2645, 'Tillabery', 159),
(2646, 'Zinder', 159),
(2647, 'Abia', 160),
(2648, 'Abuja Federal Capital Territor', 160),
(2649, 'Adamawa', 160),
(2650, 'Akwa Ibom', 160),
(2651, 'Anambra', 160),
(2652, 'Bauchi', 160),
(2653, 'Bayelsa', 160),
(2654, 'Benue', 160),
(2655, 'Borno', 160),
(2656, 'Cross River', 160),
(2657, 'Delta', 160),
(2658, 'Ebonyi', 160),
(2659, 'Edo', 160),
(2660, 'Ekiti', 160),
(2661, 'Enugu', 160),
(2662, 'Gombe', 160),
(2663, 'Imo', 160),
(2664, 'Jigawa', 160),
(2665, 'Kaduna', 160),
(2666, 'Kano', 160),
(2667, 'Katsina', 160),
(2668, 'Kebbi', 160),
(2669, 'Kogi', 160),
(2670, 'Kwara', 160),
(2671, 'Lagos', 160),
(2672, 'Nassarawa', 160),
(2673, 'Niger', 160),
(2674, 'Ogun', 160),
(2675, 'Ondo', 160),
(2676, 'Osun', 160),
(2677, 'Oyo', 160),
(2678, 'Plateau', 160),
(2679, 'Rivers', 160),
(2680, 'Sokoto', 160),
(2681, 'Taraba', 160),
(2682, 'Yobe', 160),
(2683, 'Zamfara', 160),
(2684, 'Niue', 161),
(2685, 'Norfolk Island', 162),
(2686, 'Northern Islands', 163),
(2687, 'Rota', 163),
(2688, 'Saipan', 163),
(2689, 'Tinian', 163),
(2690, 'Akershus', 164),
(2691, 'Aust Agder', 164),
(2692, 'Bergen', 164),
(2693, 'Buskerud', 164),
(2694, 'Finnmark', 164),
(2695, 'Hedmark', 164),
(2696, 'Hordaland', 164),
(2697, 'Moere og Romsdal', 164),
(2698, 'Nord Trondelag', 164),
(2699, 'Nordland', 164),
(2700, 'Oestfold', 164),
(2701, 'Oppland', 164),
(2702, 'Oslo', 164),
(2703, 'Rogaland', 164),
(2704, 'Soer Troendelag', 164),
(2705, 'Sogn og Fjordane', 164),
(2706, 'Stavern', 164),
(2707, 'Sykkylven', 164),
(2708, 'Telemark', 164),
(2709, 'Troms', 164),
(2710, 'Vest Agder', 164),
(2711, 'Vestfold', 164),
(2712, 'ÃƒÂ˜stfold', 164),
(2713, 'Al Buraimi', 165),
(2714, 'Dhufar', 165),
(2715, 'Masqat', 165),
(2716, 'Musandam', 165),
(2717, 'Rusayl', 165),
(2718, 'Wadi Kabir', 165),
(2719, 'ad-Dakhiliyah', 165),
(2720, 'adh-Dhahirah', 165),
(2721, 'al-Batinah', 165),
(2722, 'ash-Sharqiyah', 165),
(2723, 'Azad kashmir', 166),
(2724, 'Balochistan', 166),
(2725, 'Fata', 166),
(2726, 'Gilgit–baltistan', 166),
(2727, 'Islamabad capital territory', 166),
(2728, 'Khyber Pakhtunkhwa', 166),
(2729, 'Punjab', 166),
(2730, 'Sindh', 166),
(2731, 'Aimeliik', 167),
(2732, 'Airai', 167),
(2733, 'Angaur', 167),
(2734, 'Hatobohei', 167),
(2735, 'Kayangel', 167),
(2736, 'Koror', 167),
(2737, 'Melekeok', 167),
(2738, 'Ngaraard', 167),
(2739, 'Ngardmau', 167),
(2740, 'Ngaremlengui', 167),
(2741, 'Ngatpang', 167),
(2742, 'Ngchesar', 167),
(2743, 'Ngerchelong', 167),
(2744, 'Ngiwal', 167),
(2745, 'Peleliu', 167),
(2746, 'Sonsorol', 167),
(2747, 'Ariha', 168),
(2748, 'Bayt Lahm', 168),
(2749, 'Bethlehem', 168),
(2750, 'Dayr-al-Balah', 168),
(2751, 'Ghazzah', 168),
(2752, 'Ghazzah ash-Shamaliyah', 168),
(2753, 'Janin', 168),
(2754, 'Khan Yunis', 168),
(2755, 'Nabulus', 168),
(2756, 'Qalqilyah', 168),
(2757, 'Rafah', 168),
(2758, 'Ram Allah wal-Birah', 168),
(2759, 'Salfit', 168),
(2760, 'Tubas', 168),
(2761, 'Tulkarm', 168),
(2762, 'al-Khalil', 168),
(2763, 'al-Quds', 168),
(2764, 'Bocas del Toro', 169),
(2765, 'Chiriqui', 169),
(2766, 'Cocle', 169),
(2767, 'Colon', 169),
(2768, 'Darien', 169),
(2769, 'Embera', 169),
(2770, 'Herrera', 169),
(2771, 'Kuna Yala', 169),
(2772, 'Los Santos', 169),
(2773, 'Ngobe Bugle', 169),
(2774, 'Panama', 169),
(2775, 'Veraguas', 169),
(2776, 'East New Britain', 170),
(2777, 'East Sepik', 170),
(2778, 'Eastern Highlands', 170),
(2779, 'Enga', 170),
(2780, 'Fly River', 170),
(2781, 'Gulf', 170),
(2782, 'Madang', 170),
(2783, 'Manus', 170),
(2784, 'Milne Bay', 170),
(2785, 'Morobe', 170),
(2786, 'National Capital District', 170),
(2787, 'New Ireland', 170),
(2788, 'North Solomons', 170),
(2789, 'Oro', 170),
(2790, 'Sandaun', 170),
(2791, 'Simbu', 170),
(2792, 'Southern Highlands', 170),
(2793, 'West New Britain', 170),
(2794, 'Western Highlands', 170),
(2795, 'Alto Paraguay', 171),
(2796, 'Alto Parana', 171),
(2797, 'Amambay', 171),
(2798, 'Asuncion', 171),
(2799, 'Boqueron', 171),
(2800, 'Caaguazu', 171),
(2801, 'Caazapa', 171),
(2802, 'Canendiyu', 171),
(2803, 'Central', 171),
(2804, 'Concepcion', 171),
(2805, 'Cordillera', 171),
(2806, 'Guaira', 171),
(2807, 'Itapua', 171),
(2808, 'Misiones', 171),
(2809, 'Neembucu', 171),
(2810, 'Paraguari', 171),
(2811, 'Presidente Hayes', 171),
(2812, 'San Pedro', 171),
(2813, 'Amazonas', 172),
(2814, 'Ancash', 172),
(2815, 'Apurimac', 172),
(2816, 'Arequipa', 172),
(2817, 'Ayacucho', 172),
(2818, 'Cajamarca', 172),
(2819, 'Cusco', 172),
(2820, 'Huancavelica', 172),
(2821, 'Huanuco', 172),
(2822, 'Ica', 172),
(2823, 'Junin', 172),
(2824, 'La Libertad', 172),
(2825, 'Lambayeque', 172),
(2826, 'Lima y Callao', 172),
(2827, 'Loreto', 172),
(2828, 'Madre de Dios', 172),
(2829, 'Moquegua', 172),
(2830, 'Pasco', 172),
(2831, 'Piura', 172),
(2832, 'Puno', 172),
(2833, 'San Martin', 172),
(2834, 'Tacna', 172),
(2835, 'Tumbes', 172),
(2836, 'Ucayali', 172),
(2837, 'Batangas', 173),
(2838, 'Bicol', 173),
(2839, 'Bulacan', 173),
(2840, 'Cagayan', 173),
(2841, 'Caraga', 173),
(2842, 'Central Luzon', 173),
(2843, 'Central Mindanao', 173),
(2844, 'Central Visayas', 173),
(2845, 'Cordillera', 173),
(2846, 'Davao', 173),
(2847, 'Eastern Visayas', 173),
(2848, 'Greater Metropolitan Area', 173),
(2849, 'Ilocos', 173),
(2850, 'Laguna', 173),
(2851, 'Luzon', 173),
(2852, 'Mactan', 173),
(2853, 'Metropolitan Manila Area', 173),
(2854, 'Muslim Mindanao', 173),
(2855, 'Northern Mindanao', 173),
(2856, 'Southern Mindanao', 173),
(2857, 'Southern Tagalog', 173),
(2858, 'Western Mindanao', 173),
(2859, 'Western Visayas', 173),
(2860, 'Pitcairn Island', 174),
(2861, 'Biale Blota', 175),
(2862, 'Dobroszyce', 175),
(2863, 'Dolnoslaskie', 175),
(2864, 'Dziekanow Lesny', 175),
(2865, 'Hopowo', 175),
(2866, 'Kartuzy', 175),
(2867, 'Koscian', 175),
(2868, 'Krakow', 175),
(2869, 'Kujawsko-Pomorskie', 175),
(2870, 'Lodzkie', 175),
(2871, 'Lubelskie', 175),
(2872, 'Lubuskie', 175),
(2873, 'Malomice', 175),
(2874, 'Malopolskie', 175),
(2875, 'Mazowieckie', 175),
(2876, 'Mirkow', 175),
(2877, 'Opolskie', 175),
(2878, 'Ostrowiec', 175),
(2879, 'Podkarpackie', 175),
(2880, 'Podlaskie', 175),
(2881, 'Polska', 175),
(2882, 'Pomorskie', 175),
(2883, 'Poznan', 175),
(2884, 'Pruszkow', 175),
(2885, 'Rymanowska', 175),
(2886, 'Rzeszow', 175),
(2887, 'Slaskie', 175),
(2888, 'Stare Pole', 175),
(2889, 'Swietokrzyskie', 175),
(2890, 'Warminsko-Mazurskie', 175),
(2891, 'Warsaw', 175),
(2892, 'Wejherowo', 175),
(2893, 'Wielkopolskie', 175),
(2894, 'Wroclaw', 175),
(2895, 'Zachodnio-Pomorskie', 175),
(2896, 'Zukowo', 175),
(2897, 'Abrantes', 176),
(2898, 'Acores', 176),
(2899, 'Alentejo', 176),
(2900, 'Algarve', 176),
(2901, 'Braga', 176),
(2902, 'Centro', 176),
(2903, 'Distrito de Leiria', 176),
(2904, 'Distrito de Viana do Castelo', 176),
(2905, 'Distrito de Vila Real', 176),
(2906, 'Distrito do Porto', 176),
(2907, 'Lisboa e Vale do Tejo', 176),
(2908, 'Madeira', 176),
(2909, 'Norte', 176),
(2910, 'Paivas', 176),
(2911, 'Arecibo', 177),
(2912, 'Bayamon', 177),
(2913, 'Carolina', 177),
(2914, 'Florida', 177),
(2915, 'Guayama', 177),
(2916, 'Humacao', 177),
(2917, 'Mayaguez-Aguadilla', 177),
(2918, 'Ponce', 177),
(2919, 'Salinas', 177),
(2920, 'San Juan', 177),
(2921, 'Doha', 178),
(2922, 'Jarian-al-Batnah', 178),
(2923, 'Umm Salal', 178),
(2924, 'ad-Dawhah', 178),
(2925, 'al-Ghuwayriyah', 178),
(2926, 'al-Jumayliyah', 178),
(2927, 'al-Khawr', 178),
(2928, 'al-Wakrah', 178),
(2929, 'ar-Rayyan', 178),
(2930, 'ash-Shamal', 178),
(2931, 'Saint-Benoit', 179),
(2932, 'Saint-Denis', 179),
(2933, 'Saint-Paul', 179),
(2934, 'Saint-Pierre', 179),
(2935, 'Alba', 180),
(2936, 'Arad', 180),
(2937, 'Arges', 180),
(2938, 'Bacau', 180),
(2939, 'Bihor', 180),
(2940, 'Bistrita-Nasaud', 180),
(2941, 'Botosani', 180),
(2942, 'Braila', 180),
(2943, 'Brasov', 180),
(2944, 'Bucuresti', 180),
(2945, 'Buzau', 180),
(2946, 'Calarasi', 180),
(2947, 'Caras-Severin', 180),
(2948, 'Cluj', 180),
(2949, 'Constanta', 180),
(2950, 'Covasna', 180),
(2951, 'Dambovita', 180),
(2952, 'Dolj', 180),
(2953, 'Galati', 180),
(2954, 'Giurgiu', 180),
(2955, 'Gorj', 180),
(2956, 'Harghita', 180),
(2957, 'Hunedoara', 180),
(2958, 'Ialomita', 180),
(2959, 'Iasi', 180),
(2960, 'Ilfov', 180),
(2961, 'Maramures', 180),
(2962, 'Mehedinti', 180),
(2963, 'Mures', 180),
(2964, 'Neamt', 180),
(2965, 'Olt', 180),
(2966, 'Prahova', 180),
(2967, 'Salaj', 180),
(2968, 'Satu Mare', 180),
(2969, 'Sibiu', 180),
(2970, 'Sondelor', 180),
(2971, 'Suceava', 180),
(2972, 'Teleorman', 180),
(2973, 'Timis', 180),
(2974, 'Tulcea', 180),
(2975, 'Valcea', 180),
(2976, 'Vaslui', 180),
(2977, 'Vrancea', 180),
(2978, 'Adygeja', 181),
(2979, 'Aga', 181),
(2980, 'Alanija', 181),
(2981, 'Altaj', 181),
(2982, 'Amur', 181),
(2983, 'Arhangelsk', 181),
(2984, 'Astrahan', 181),
(2985, 'Bashkortostan', 181),
(2986, 'Belgorod', 181),
(2987, 'Brjansk', 181),
(2988, 'Burjatija', 181),
(2989, 'Chechenija', 181),
(2990, 'Cheljabinsk', 181),
(2991, 'Chita', 181),
(2992, 'Chukotka', 181),
(2993, 'Chuvashija', 181),
(2994, 'Dagestan', 181),
(2995, 'Evenkija', 181),
(2996, 'Gorno-Altaj', 181),
(2997, 'Habarovsk', 181),
(2998, 'Hakasija', 181),
(2999, 'Hanty-Mansija', 181),
(3000, 'Ingusetija', 181),
(3001, 'Irkutsk', 181),
(3002, 'Ivanovo', 181),
(3003, 'Jamalo-Nenets', 181),
(3004, 'Jaroslavl', 181),
(3005, 'Jevrej', 181),
(3006, 'Kabardino-Balkarija', 181),
(3007, 'Kaliningrad', 181),
(3008, 'Kalmykija', 181),
(3009, 'Kaluga', 181),
(3010, 'Kamchatka', 181),
(3011, 'Karachaj-Cherkessija', 181),
(3012, 'Karelija', 181),
(3013, 'Kemerovo', 181),
(3014, 'Khabarovskiy Kray', 181),
(3015, 'Kirov', 181),
(3016, 'Komi', 181),
(3017, 'Komi-Permjakija', 181),
(3018, 'Korjakija', 181),
(3019, 'Kostroma', 181),
(3020, 'Krasnodar', 181),
(3021, 'Krasnojarsk', 181),
(3022, 'Krasnoyarskiy Kray', 181),
(3023, 'Kurgan', 181),
(3024, 'Kursk', 181),
(3025, 'Leningrad', 181),
(3026, 'Lipeck', 181),
(3027, 'Magadan', 181),
(3028, 'Marij El', 181),
(3029, 'Mordovija', 181),
(3030, 'Moscow', 181),
(3031, 'Moskovskaja Oblast', 181),
(3032, 'Moskovskaya Oblast', 181),
(3033, 'Moskva', 181),
(3034, 'Murmansk', 181),
(3035, 'Nenets', 181),
(3036, 'Nizhnij Novgorod', 181),
(3037, 'Novgorod', 181),
(3038, 'Novokusnezk', 181),
(3039, 'Novosibirsk', 181),
(3040, 'Omsk', 181),
(3041, 'Orenburg', 181),
(3042, 'Orjol', 181),
(3043, 'Penza', 181),
(3044, 'Perm', 181),
(3045, 'Primorje', 181),
(3046, 'Pskov', 181),
(3047, 'Pskovskaya Oblast', 181),
(3048, 'Rjazan', 181),
(3049, 'Rostov', 181),
(3050, 'Saha', 181),
(3051, 'Sahalin', 181),
(3052, 'Samara', 181),
(3053, 'Samarskaya', 181),
(3054, 'Sankt-Peterburg', 181),
(3055, 'Saratov', 181),
(3056, 'Smolensk', 181),
(3057, 'Stavropol', 181),
(3058, 'Sverdlovsk', 181),
(3059, 'Tajmyrija', 181),
(3060, 'Tambov', 181),
(3061, 'Tatarstan', 181),
(3062, 'Tjumen', 181),
(3063, 'Tomsk', 181),
(3064, 'Tula', 181),
(3065, 'Tver', 181),
(3066, 'Tyva', 181),
(3067, 'Udmurtija', 181),
(3068, 'Uljanovsk', 181),
(3069, 'Ulyanovskaya Oblast', 181),
(3070, 'Ust-Orda', 181),
(3071, 'Vladimir', 181),
(3072, 'Volgograd', 181),
(3073, 'Vologda', 181),
(3074, 'Voronezh', 181),
(3075, 'Butare', 182),
(3076, 'Byumba', 182),
(3077, 'Cyangugu', 182),
(3078, 'Gikongoro', 182),
(3079, 'Gisenyi', 182),
(3080, 'Gitarama', 182),
(3081, 'Kibungo', 182),
(3082, 'Kibuye', 182),
(3083, 'Kigali-ngali', 182),
(3084, 'Ruhengeri', 182),
(3085, 'Ascension', 183),
(3086, 'Gough Island', 183),
(3087, 'Saint Helena', 183),
(3088, 'Tristan da Cunha', 183),
(3089, 'Christ Church Nichola Town', 184),
(3090, 'Saint Anne Sandy Point', 184),
(3091, 'Saint George Basseterre', 184),
(3092, 'Saint George Gingerland', 184),
(3093, 'Saint James Windward', 184),
(3094, 'Saint John Capesterre', 184),
(3095, 'Saint John Figtree', 184),
(3096, 'Saint Mary Cayon', 184),
(3097, 'Saint Paul Capesterre', 184),
(3098, 'Saint Paul Charlestown', 184),
(3099, 'Saint Peter Basseterre', 184),
(3100, 'Saint Thomas Lowland', 184),
(3101, 'Saint Thomas Middle Island', 184),
(3102, 'Trinity Palmetto Point', 184),
(3103, 'Anse-la-Raye', 185),
(3104, 'Canaries', 185),
(3105, 'Castries', 185),
(3106, 'Choiseul', 185),
(3107, 'Dennery', 185),
(3108, 'Gros Inlet', 185),
(3109, 'Laborie', 185),
(3110, 'Micoud', 185),
(3111, 'Soufriere', 185),
(3112, 'Vieux Fort', 185),
(3113, 'Miquelon-Langlade', 186),
(3114, 'Saint-Pierre', 186),
(3115, 'Charlotte', 187),
(3116, 'Grenadines', 187),
(3117, 'Saint Andrew', 187),
(3118, 'Saint David', 187),
(3119, 'Saint George', 187),
(3120, 'Saint Patrick', 187),
(3121, 'A\'ana', 188),
(3122, 'Aiga-i-le-Tai', 188),
(3123, 'Atua', 188),
(3124, 'Fa\'asaleleaga', 188),
(3125, 'Gaga\'emauga', 188),
(3126, 'Gagaifomauga', 188),
(3127, 'Palauli', 188),
(3128, 'Satupa\'itea', 188),
(3129, 'Tuamasaga', 188),
(3130, 'Va\'a-o-Fonoti', 188),
(3131, 'Vaisigano', 188),
(3132, 'Acquaviva', 189),
(3133, 'Borgo Maggiore', 189),
(3134, 'Chiesanuova', 189),
(3135, 'Domagnano', 189),
(3136, 'Faetano', 189),
(3137, 'Fiorentino', 189),
(3138, 'Montegiardino', 189),
(3139, 'San Marino', 189),
(3140, 'Serravalle', 189),
(3141, 'Agua Grande', 190),
(3142, 'Cantagalo', 190),
(3143, 'Lemba', 190),
(3144, 'Lobata', 190),
(3145, 'Me-Zochi', 190),
(3146, 'Pague', 190),
(3147, 'Al Khobar', 191),
(3148, 'Aseer', 191),
(3149, 'Ash Sharqiyah', 191),
(3150, 'Asir', 191),
(3151, 'Central Province', 191),
(3152, 'Eastern Province', 191),
(3153, 'Ha\'il', 191),
(3154, 'Jawf', 191),
(3155, 'Jizan', 191),
(3156, 'Makkah', 191),
(3157, 'Najran', 191),
(3158, 'Qasim', 191),
(3159, 'Tabuk', 191),
(3160, 'Western Province', 191),
(3161, 'al-Bahah', 191),
(3162, 'al-Hudud-ash-Shamaliyah', 191),
(3163, 'al-Madinah', 191),
(3164, 'ar-Riyad', 191),
(3165, 'Dakar', 192),
(3166, 'Diourbel', 192),
(3167, 'Fatick', 192),
(3168, 'Kaolack', 192),
(3169, 'Kolda', 192),
(3170, 'Louga', 192),
(3171, 'Saint-Louis', 192),
(3172, 'Tambacounda', 192),
(3173, 'Thies', 192),
(3174, 'Ziguinchor', 192),
(3175, 'Central Serbia', 193),
(3176, 'Kosovo and Metohija', 193),
(3177, 'Vojvodina', 193),
(3178, 'Anse Boileau', 194),
(3179, 'Anse Royale', 194),
(3180, 'Cascade', 194),
(3181, 'Takamaka', 194),
(3182, 'Victoria', 194),
(3183, 'Eastern', 195),
(3184, 'Northern', 195),
(3185, 'Southern', 195),
(3186, 'Western', 195),
(3187, 'Singapore', 196),
(3188, 'Banskobystricky', 197),
(3189, 'Bratislavsky', 197),
(3190, 'Kosicky', 197),
(3191, 'Nitriansky', 197),
(3192, 'Presovsky', 197),
(3193, 'Trenciansky', 197),
(3194, 'Trnavsky', 197),
(3195, 'Zilinsky', 197),
(3196, 'Benedikt', 198),
(3197, 'Gorenjska', 198),
(3198, 'Gorishka', 198),
(3199, 'Jugovzhodna Slovenija', 198),
(3200, 'Koroshka', 198),
(3201, 'Notranjsko-krashka', 198),
(3202, 'Obalno-krashka', 198),
(3203, 'Obcina Domzale', 198),
(3204, 'Obcina Vitanje', 198),
(3205, 'Osrednjeslovenska', 198),
(3206, 'Podravska', 198),
(3207, 'Pomurska', 198),
(3208, 'Savinjska', 198),
(3209, 'Slovenian Littoral', 198),
(3210, 'Spodnjeposavska', 198),
(3211, 'Zasavska', 198),
(3212, 'Pitcairn', 199),
(3213, 'Central', 200),
(3214, 'Choiseul', 200),
(3215, 'Guadalcanal', 200),
(3216, 'Isabel', 200),
(3217, 'Makira and Ulawa', 200),
(3218, 'Malaita', 200),
(3219, 'Rennell and Bellona', 200),
(3220, 'Temotu', 200),
(3221, 'Western', 200),
(3222, 'Awdal', 201),
(3223, 'Bakol', 201),
(3224, 'Banadir', 201),
(3225, 'Bari', 201),
(3226, 'Bay', 201),
(3227, 'Galgudug', 201),
(3228, 'Gedo', 201),
(3229, 'Hiran', 201),
(3230, 'Jubbada Hose', 201),
(3231, 'Jubbadha Dexe', 201),
(3232, 'Mudug', 201),
(3233, 'Nugal', 201),
(3234, 'Sanag', 201),
(3235, 'Shabellaha Dhexe', 201),
(3236, 'Shabellaha Hose', 201),
(3237, 'Togdher', 201),
(3238, 'Woqoyi Galbed', 201),
(3239, 'Eastern Cape', 202),
(3240, 'Free State', 202),
(3241, 'Gauteng', 202),
(3242, 'Kempton Park', 202),
(3243, 'Kramerville', 202),
(3244, 'KwaZulu Natal', 202),
(3245, 'Limpopo', 202),
(3246, 'Mpumalanga', 202),
(3247, 'North West', 202),
(3248, 'Northern Cape', 202),
(3249, 'Parow', 202),
(3250, 'Table View', 202),
(3251, 'Umtentweni', 202),
(3252, 'Western Cape', 202),
(3253, 'South Georgia', 203),
(3254, 'Central Equatoria', 204),
(3255, 'A Coruna', 205),
(3256, 'Alacant', 205),
(3257, 'Alava', 205),
(3258, 'Albacete', 205),
(3259, 'Almeria', 205),
(3260, 'Andalucia', 205),
(3261, 'Asturias', 205),
(3262, 'Avila', 205),
(3263, 'Badajoz', 205),
(3264, 'Balears', 205),
(3265, 'Barcelona', 205),
(3266, 'Bertamirans', 205),
(3267, 'Biscay', 205),
(3268, 'Burgos', 205),
(3269, 'Caceres', 205),
(3270, 'Cadiz', 205),
(3271, 'Cantabria', 205),
(3272, 'Castello', 205),
(3273, 'Catalunya', 205),
(3274, 'Ceuta', 205),
(3275, 'Ciudad Real', 205),
(3276, 'Comunidad Autonoma de Canarias', 205),
(3277, 'Comunidad Autonoma de Cataluna', 205),
(3278, 'Comunidad Autonoma de Galicia', 205),
(3279, 'Comunidad Autonoma de las Isla', 205),
(3280, 'Comunidad Autonoma del Princip', 205),
(3281, 'Comunidad Valenciana', 205),
(3282, 'Cordoba', 205),
(3283, 'Cuenca', 205),
(3284, 'Gipuzkoa', 205),
(3285, 'Girona', 205),
(3286, 'Granada', 205),
(3287, 'Guadalajara', 205),
(3288, 'Guipuzcoa', 205),
(3289, 'Huelva', 205),
(3290, 'Huesca', 205),
(3291, 'Jaen', 205),
(3292, 'La Rioja', 205),
(3293, 'Las Palmas', 205),
(3294, 'Leon', 205),
(3295, 'Lerida', 205),
(3296, 'Lleida', 205),
(3297, 'Lugo', 205),
(3298, 'Madrid', 205),
(3299, 'Malaga', 205),
(3300, 'Melilla', 205),
(3301, 'Murcia', 205),
(3302, 'Navarra', 205),
(3303, 'Ourense', 205),
(3304, 'Pais Vasco', 205),
(3305, 'Palencia', 205),
(3306, 'Pontevedra', 205),
(3307, 'Salamanca', 205),
(3308, 'Santa Cruz de Tenerife', 205),
(3309, 'Segovia', 205),
(3310, 'Sevilla', 205),
(3311, 'Soria', 205),
(3312, 'Tarragona', 205),
(3313, 'Tenerife', 205),
(3314, 'Teruel', 205),
(3315, 'Toledo', 205),
(3316, 'Valencia', 205),
(3317, 'Valladolid', 205),
(3318, 'Vizcaya', 205),
(3319, 'Zamora', 205),
(3320, 'Zaragoza', 205),
(3321, 'Amparai', 206),
(3322, 'Anuradhapuraya', 206),
(3323, 'Badulla', 206),
(3324, 'Boralesgamuwa', 206),
(3325, 'Colombo', 206),
(3326, 'Galla', 206),
(3327, 'Gampaha', 206),
(3328, 'Hambantota', 206),
(3329, 'Kalatura', 206),
(3330, 'Kegalla', 206),
(3331, 'Kilinochchi', 206),
(3332, 'Kurunegala', 206),
(3333, 'Madakalpuwa', 206),
(3334, 'Maha Nuwara', 206),
(3335, 'Malwana', 206),
(3336, 'Mannarama', 206),
(3337, 'Matale', 206),
(3338, 'Matara', 206),
(3339, 'Monaragala', 206),
(3340, 'Mullaitivu', 206),
(3341, 'North Eastern Province', 206),
(3342, 'North Western Province', 206),
(3343, 'Nuwara Eliya', 206),
(3344, 'Polonnaruwa', 206),
(3345, 'Puttalama', 206),
(3346, 'Ratnapuraya', 206),
(3347, 'Southern Province', 206),
(3348, 'Tirikunamalaya', 206),
(3349, 'Tuscany', 206),
(3350, 'Vavuniyawa', 206),
(3351, 'Western Province', 206),
(3352, 'Yapanaya', 206),
(3353, 'kadawatha', 206),
(3354, 'A\'ali-an-Nil', 207),
(3355, 'Bahr-al-Jabal', 207),
(3356, 'Central Equatoria', 207),
(3357, 'Gharb Bahr-al-Ghazal', 207),
(3358, 'Gharb Darfur', 207),
(3359, 'Gharb Kurdufan', 207),
(3360, 'Gharb-al-Istiwa\'iyah', 207),
(3361, 'Janub Darfur', 207),
(3362, 'Janub Kurdufan', 207),
(3363, 'Junqali', 207),
(3364, 'Kassala', 207),
(3365, 'Nahr-an-Nil', 207),
(3366, 'Shamal Bahr-al-Ghazal', 207),
(3367, 'Shamal Darfur', 207),
(3368, 'Shamal Kurdufan', 207),
(3369, 'Sharq-al-Istiwa\'iyah', 207),
(3370, 'Sinnar', 207),
(3371, 'Warab', 207),
(3372, 'Wilayat al Khartum', 207),
(3373, 'al-Bahr-al-Ahmar', 207),
(3374, 'al-Buhayrat', 207),
(3375, 'al-Jazirah', 207),
(3376, 'al-Khartum', 207),
(3377, 'al-Qadarif', 207),
(3378, 'al-Wahdah', 207),
(3379, 'an-Nil-al-Abyad', 207),
(3380, 'an-Nil-al-Azraq', 207),
(3381, 'ash-Shamaliyah', 207),
(3382, 'Brokopondo', 208),
(3383, 'Commewijne', 208),
(3384, 'Coronie', 208),
(3385, 'Marowijne', 208),
(3386, 'Nickerie', 208),
(3387, 'Para', 208),
(3388, 'Paramaribo', 208),
(3389, 'Saramacca', 208),
(3390, 'Wanica', 208),
(3391, 'Svalbard', 209),
(3392, 'Hhohho', 210),
(3393, 'Lubombo', 210),
(3394, 'Manzini', 210),
(3395, 'Shiselweni', 210),
(3396, 'Alvsborgs Lan', 211),
(3397, 'Angermanland', 211),
(3398, 'Blekinge', 211),
(3399, 'Bohuslan', 211),
(3400, 'Dalarna', 211),
(3401, 'Gavleborg', 211),
(3402, 'Gaza', 211),
(3403, 'Gotland', 211),
(3404, 'Halland', 211),
(3405, 'Jamtland', 211),
(3406, 'Jonkoping', 211),
(3407, 'Kalmar', 211),
(3408, 'Kristianstads', 211),
(3409, 'Kronoberg', 211),
(3410, 'Norrbotten', 211),
(3411, 'Orebro', 211),
(3412, 'Ostergotland', 211),
(3413, 'Saltsjo-Boo', 211),
(3414, 'Skane', 211),
(3415, 'Smaland', 211),
(3416, 'Sodermanland', 211),
(3417, 'Stockholm', 211),
(3418, 'Uppsala', 211),
(3419, 'Varmland', 211),
(3420, 'Vasterbotten', 211),
(3421, 'Vastergotland', 211),
(3422, 'Vasternorrland', 211),
(3423, 'Vastmanland', 211),
(3424, 'Vastra Gotaland', 211),
(3425, 'Aargau', 212),
(3426, 'Appenzell Inner-Rhoden', 212),
(3427, 'Appenzell-Ausser Rhoden', 212),
(3428, 'Basel-Landschaft', 212),
(3429, 'Basel-Stadt', 212),
(3430, 'Bern', 212),
(3431, 'Canton Ticino', 212),
(3432, 'Fribourg', 212),
(3433, 'Geneve', 212),
(3434, 'Glarus', 212),
(3435, 'Graubunden', 212),
(3436, 'Heerbrugg', 212),
(3437, 'Jura', 212),
(3438, 'Kanton Aargau', 212),
(3439, 'Luzern', 212),
(3440, 'Morbio Inferiore', 212),
(3441, 'Muhen', 212),
(3442, 'Neuchatel', 212),
(3443, 'Nidwalden', 212),
(3444, 'Obwalden', 212),
(3445, 'Sankt Gallen', 212),
(3446, 'Schaffhausen', 212),
(3447, 'Schwyz', 212),
(3448, 'Solothurn', 212),
(3449, 'Thurgau', 212),
(3450, 'Ticino', 212),
(3451, 'Uri', 212),
(3452, 'Valais', 212),
(3453, 'Vaud', 212),
(3454, 'Vauffelin', 212),
(3455, 'Zug', 212),
(3456, 'Zurich', 212),
(3457, 'Aleppo', 213),
(3458, 'Dar\'a', 213),
(3459, 'Dayr-az-Zawr', 213),
(3460, 'Dimashq', 213),
(3461, 'Halab', 213),
(3462, 'Hamah', 213),
(3463, 'Hims', 213),
(3464, 'Idlib', 213),
(3465, 'Madinat Dimashq', 213),
(3466, 'Tartus', 213),
(3467, 'al-Hasakah', 213),
(3468, 'al-Ladhiqiyah', 213),
(3469, 'al-Qunaytirah', 213),
(3470, 'ar-Raqqah', 213),
(3471, 'as-Suwayda', 213),
(3472, 'Changhwa', 214),
(3473, 'Chiayi Hsien', 214),
(3474, 'Chiayi Shih', 214),
(3475, 'Eastern Taipei', 214),
(3476, 'Hsinchu Hsien', 214),
(3477, 'Hsinchu Shih', 214),
(3478, 'Hualien', 214),
(3479, 'Ilan', 214),
(3480, 'Kaohsiung Hsien', 214),
(3481, 'Kaohsiung Shih', 214),
(3482, 'Keelung Shih', 214),
(3483, 'Kinmen', 214),
(3484, 'Miaoli', 214),
(3485, 'Nantou', 214),
(3486, 'Northern Taiwan', 214),
(3487, 'Penghu', 214),
(3488, 'Pingtung', 214),
(3489, 'Taichung', 214),
(3490, 'Taichung Hsien', 214),
(3491, 'Taichung Shih', 214),
(3492, 'Tainan Hsien', 214),
(3493, 'Tainan Shih', 214),
(3494, 'Taipei Hsien', 214),
(3495, 'Taipei Shih / Taipei Hsien', 214),
(3496, 'Taitung', 214),
(3497, 'Taoyuan', 214),
(3498, 'Yilan', 214),
(3499, 'Yun-Lin Hsien', 214),
(3500, 'Yunlin', 214),
(3501, 'Dushanbe', 215),
(3502, 'Gorno-Badakhshan', 215),
(3503, 'Karotegin', 215),
(3504, 'Khatlon', 215),
(3505, 'Sughd', 215),
(3506, 'Arusha', 216),
(3507, 'Dar es Salaam', 216),
(3508, 'Dodoma', 216),
(3509, 'Iringa', 216),
(3510, 'Kagera', 216),
(3511, 'Kigoma', 216),
(3512, 'Kilimanjaro', 216),
(3513, 'Lindi', 216),
(3514, 'Mara', 216),
(3515, 'Mbeya', 216),
(3516, 'Morogoro', 216),
(3517, 'Mtwara', 216),
(3518, 'Mwanza', 216),
(3519, 'Pwani', 216),
(3520, 'Rukwa', 216),
(3521, 'Ruvuma', 216),
(3522, 'Shinyanga', 216),
(3523, 'Singida', 216),
(3524, 'Tabora', 216),
(3525, 'Tanga', 216),
(3526, 'Zanzibar and Pemba', 216),
(3527, 'Amnat Charoen', 217),
(3528, 'Ang Thong', 217),
(3529, 'Bangkok', 217),
(3530, 'Buri Ram', 217),
(3531, 'Chachoengsao', 217),
(3532, 'Chai Nat', 217),
(3533, 'Chaiyaphum', 217),
(3534, 'Changwat Chaiyaphum', 217),
(3535, 'Chanthaburi', 217),
(3536, 'Chiang Mai', 217),
(3537, 'Chiang Rai', 217),
(3538, 'Chon Buri', 217),
(3539, 'Chumphon', 217),
(3540, 'Kalasin', 217),
(3541, 'Kamphaeng Phet', 217),
(3542, 'Kanchanaburi', 217),
(3543, 'Khon Kaen', 217),
(3544, 'Krabi', 217),
(3545, 'Krung Thep', 217),
(3546, 'Lampang', 217),
(3547, 'Lamphun', 217),
(3548, 'Loei', 217),
(3549, 'Lop Buri', 217),
(3550, 'Mae Hong Son', 217),
(3551, 'Maha Sarakham', 217),
(3552, 'Mukdahan', 217),
(3553, 'Nakhon Nayok', 217),
(3554, 'Nakhon Pathom', 217),
(3555, 'Nakhon Phanom', 217),
(3556, 'Nakhon Ratchasima', 217),
(3557, 'Nakhon Sawan', 217),
(3558, 'Nakhon Si Thammarat', 217),
(3559, 'Nan', 217),
(3560, 'Narathiwat', 217),
(3561, 'Nong Bua Lam Phu', 217),
(3562, 'Nong Khai', 217),
(3563, 'Nonthaburi', 217),
(3564, 'Pathum Thani', 217),
(3565, 'Pattani', 217),
(3566, 'Phangnga', 217),
(3567, 'Phatthalung', 217),
(3568, 'Phayao', 217),
(3569, 'Phetchabun', 217),
(3570, 'Phetchaburi', 217),
(3571, 'Phichit', 217),
(3572, 'Phitsanulok', 217),
(3573, 'Phra Nakhon Si Ayutthaya', 217),
(3574, 'Phrae', 217),
(3575, 'Phuket', 217),
(3576, 'Prachin Buri', 217),
(3577, 'Prachuap Khiri Khan', 217),
(3578, 'Ranong', 217),
(3579, 'Ratchaburi', 217),
(3580, 'Rayong', 217),
(3581, 'Roi Et', 217),
(3582, 'Sa Kaeo', 217),
(3583, 'Sakon Nakhon', 217),
(3584, 'Samut Prakan', 217),
(3585, 'Samut Sakhon', 217),
(3586, 'Samut Songkhran', 217),
(3587, 'Saraburi', 217),
(3588, 'Satun', 217),
(3589, 'Si Sa Ket', 217),
(3590, 'Sing Buri', 217),
(3591, 'Songkhla', 217),
(3592, 'Sukhothai', 217),
(3593, 'Suphan Buri', 217),
(3594, 'Surat Thani', 217),
(3595, 'Surin', 217),
(3596, 'Tak', 217),
(3597, 'Trang', 217),
(3598, 'Trat', 217),
(3599, 'Ubon Ratchathani', 217),
(3600, 'Udon Thani', 217),
(3601, 'Uthai Thani', 217),
(3602, 'Uttaradit', 217),
(3603, 'Yala', 217),
(3604, 'Yasothon', 217),
(3605, 'Centre', 218),
(3606, 'Kara', 218),
(3607, 'Maritime', 218),
(3608, 'Plateaux', 218),
(3609, 'Savanes', 218),
(3610, 'Atafu', 219),
(3611, 'Fakaofo', 219),
(3612, 'Nukunonu', 219),
(3613, 'Eua', 220),
(3614, 'Ha\'apai', 220),
(3615, 'Niuas', 220),
(3616, 'Tongatapu', 220),
(3617, 'Vava\'u', 220),
(3618, 'Arima-Tunapuna-Piarco', 221),
(3619, 'Caroni', 221),
(3620, 'Chaguanas', 221),
(3621, 'Couva-Tabaquite-Talparo', 221),
(3622, 'Diego Martin', 221),
(3623, 'Glencoe', 221),
(3624, 'Penal Debe', 221),
(3625, 'Point Fortin', 221),
(3626, 'Port of Spain', 221),
(3627, 'Princes Town', 221),
(3628, 'Saint George', 221),
(3629, 'San Fernando', 221),
(3630, 'San Juan', 221),
(3631, 'Sangre Grande', 221),
(3632, 'Siparia', 221),
(3633, 'Tobago', 221),
(3634, 'Aryanah', 222),
(3635, 'Bajah', 222),
(3636, 'Bin \'Arus', 222),
(3637, 'Binzart', 222),
(3638, 'Gouvernorat de Ariana', 222),
(3639, 'Gouvernorat de Nabeul', 222),
(3640, 'Gouvernorat de Sousse', 222),
(3641, 'Hammamet Yasmine', 222),
(3642, 'Jundubah', 222),
(3643, 'Madaniyin', 222),
(3644, 'Manubah', 222),
(3645, 'Monastir', 222),
(3646, 'Nabul', 222),
(3647, 'Qabis', 222),
(3648, 'Qafsah', 222),
(3649, 'Qibili', 222),
(3650, 'Safaqis', 222),
(3651, 'Sfax', 222),
(3652, 'Sidi Bu Zayd', 222),
(3653, 'Silyanah', 222),
(3654, 'Susah', 222),
(3655, 'Tatawin', 222),
(3656, 'Tawzar', 222),
(3657, 'Tunis', 222),
(3658, 'Zaghwan', 222),
(3659, 'al-Kaf', 222),
(3660, 'al-Mahdiyah', 222),
(3661, 'al-Munastir', 222),
(3662, 'al-Qasrayn', 222),
(3663, 'al-Qayrawan', 222),
(3664, 'Adana', 223),
(3665, 'Adiyaman', 223),
(3666, 'Afyon', 223),
(3667, 'Agri', 223),
(3668, 'Aksaray', 223),
(3669, 'Amasya', 223),
(3670, 'Ankara', 223),
(3671, 'Antalya', 223),
(3672, 'Ardahan', 223),
(3673, 'Artvin', 223),
(3674, 'Aydin', 223),
(3675, 'Balikesir', 223),
(3676, 'Bartin', 223),
(3677, 'Batman', 223),
(3678, 'Bayburt', 223),
(3679, 'Bilecik', 223),
(3680, 'Bingol', 223),
(3681, 'Bitlis', 223),
(3682, 'Bolu', 223),
(3683, 'Burdur', 223),
(3684, 'Bursa', 223),
(3685, 'Canakkale', 223),
(3686, 'Cankiri', 223),
(3687, 'Corum', 223),
(3688, 'Denizli', 223),
(3689, 'Diyarbakir', 223),
(3690, 'Duzce', 223),
(3691, 'Edirne', 223),
(3692, 'Elazig', 223),
(3693, 'Erzincan', 223),
(3694, 'Erzurum', 223),
(3695, 'Eskisehir', 223),
(3696, 'Gaziantep', 223),
(3697, 'Giresun', 223),
(3698, 'Gumushane', 223),
(3699, 'Hakkari', 223),
(3700, 'Hatay', 223),
(3701, 'Icel', 223),
(3702, 'Igdir', 223),
(3703, 'Isparta', 223),
(3704, 'Istanbul', 223),
(3705, 'Izmir', 223),
(3706, 'Kahramanmaras', 223),
(3707, 'Karabuk', 223),
(3708, 'Karaman', 223),
(3709, 'Kars', 223),
(3710, 'Karsiyaka', 223),
(3711, 'Kastamonu', 223),
(3712, 'Kayseri', 223),
(3713, 'Kilis', 223),
(3714, 'Kirikkale', 223),
(3715, 'Kirklareli', 223),
(3716, 'Kirsehir', 223),
(3717, 'Kocaeli', 223),
(3718, 'Konya', 223),
(3719, 'Kutahya', 223),
(3720, 'Lefkosa', 223),
(3721, 'Malatya', 223),
(3722, 'Manisa', 223),
(3723, 'Mardin', 223),
(3724, 'Mugla', 223),
(3725, 'Mus', 223),
(3726, 'Nevsehir', 223),
(3727, 'Nigde', 223),
(3728, 'Ordu', 223),
(3729, 'Osmaniye', 223),
(3730, 'Rize', 223),
(3731, 'Sakarya', 223),
(3732, 'Samsun', 223),
(3733, 'Sanliurfa', 223),
(3734, 'Siirt', 223),
(3735, 'Sinop', 223),
(3736, 'Sirnak', 223),
(3737, 'Sivas', 223),
(3738, 'Tekirdag', 223),
(3739, 'Tokat', 223),
(3740, 'Trabzon', 223),
(3741, 'Tunceli', 223),
(3742, 'Usak', 223),
(3743, 'Van', 223),
(3744, 'Yalova', 223),
(3745, 'Yozgat', 223),
(3746, 'Zonguldak', 223),
(3747, 'Ahal', 224),
(3748, 'Asgabat', 224),
(3749, 'Balkan', 224),
(3750, 'Dasoguz', 224),
(3751, 'Lebap', 224),
(3752, 'Mari', 224),
(3753, 'Grand Turk', 225),
(3754, 'South Caicos and East Caicos', 225),
(3755, 'Funafuti', 226),
(3756, 'Nanumanga', 226),
(3757, 'Nanumea', 226),
(3758, 'Niutao', 226),
(3759, 'Nui', 226),
(3760, 'Nukufetau', 226),
(3761, 'Nukulaelae', 226),
(3762, 'Vaitupu', 226),
(3763, 'Central', 227),
(3764, 'Eastern', 227),
(3765, 'Northern', 227),
(3766, 'Western', 227),
(3767, 'Cherkas\'ka', 228),
(3768, 'Chernihivs\'ka', 228),
(3769, 'Chernivets\'ka', 228),
(3770, 'Crimea', 228),
(3771, 'Dnipropetrovska', 228),
(3772, 'Donets\'ka', 228),
(3773, 'Ivano-Frankivs\'ka', 228),
(3774, 'Kharkiv', 228),
(3775, 'Kharkov', 228),
(3776, 'Khersonska', 228),
(3777, 'Khmel\'nyts\'ka', 228),
(3778, 'Kirovohrad', 228),
(3779, 'Krym', 228),
(3780, 'Kyyiv', 228),
(3781, 'Kyyivs\'ka', 228),
(3782, 'L\'vivs\'ka', 228),
(3783, 'Luhans\'ka', 228),
(3784, 'Mykolayivs\'ka', 228),
(3785, 'Odes\'ka', 228),
(3786, 'Odessa', 228),
(3787, 'Poltavs\'ka', 228),
(3788, 'Rivnens\'ka', 228),
(3789, 'Sevastopol\'', 228),
(3790, 'Sums\'ka', 228),
(3791, 'Ternopil\'s\'ka', 228),
(3792, 'Volyns\'ka', 228),
(3793, 'Vynnyts\'ka', 228),
(3794, 'Zakarpats\'ka', 228),
(3795, 'Zaporizhia', 228),
(3796, 'Zhytomyrs\'ka', 228),
(3797, 'Abu Zabi', 229),
(3798, 'Ajman', 229),
(3799, 'Dubai', 229),
(3800, 'Ras al-Khaymah', 229),
(3801, 'Sharjah', 229),
(3802, 'Sharjha', 229),
(3803, 'Umm al Qaywayn', 229),
(3804, 'al-Fujayrah', 229),
(3805, 'ash-Shariqah', 229),
(3806, 'Aberdeen', 230),
(3807, 'Aberdeenshire', 230),
(3808, 'Argyll', 230),
(3809, 'Armagh', 230),
(3810, 'Bedfordshire', 230),
(3811, 'Belfast', 230),
(3812, 'Berkshire', 230),
(3813, 'Birmingham', 230),
(3814, 'Brechin', 230),
(3815, 'Bridgnorth', 230),
(3816, 'Bristol', 230),
(3817, 'Buckinghamshire', 230),
(3818, 'Cambridge', 230),
(3819, 'Cambridgeshire', 230),
(3820, 'Channel Islands', 230),
(3821, 'Cheshire', 230),
(3822, 'Cleveland', 230),
(3823, 'Co Fermanagh', 230),
(3824, 'Conwy', 230),
(3825, 'Cornwall', 230),
(3826, 'Coventry', 230),
(3827, 'Craven Arms', 230),
(3828, 'Cumbria', 230),
(3829, 'Denbighshire', 230),
(3830, 'Derby', 230),
(3831, 'Derbyshire', 230),
(3832, 'Devon', 230),
(3833, 'Dial Code Dungannon', 230),
(3834, 'Didcot', 230),
(3835, 'Dorset', 230),
(3836, 'Dunbartonshire', 230),
(3837, 'Durham', 230),
(3838, 'East Dunbartonshire', 230),
(3839, 'East Lothian', 230),
(3840, 'East Midlands', 230),
(3841, 'East Sussex', 230),
(3842, 'East Yorkshire', 230),
(3843, 'England', 230),
(3844, 'Essex', 230),
(3845, 'Fermanagh', 230),
(3846, 'Fife', 230),
(3847, 'Flintshire', 230),
(3848, 'Fulham', 230),
(3849, 'Gainsborough', 230),
(3850, 'Glocestershire', 230),
(3851, 'Gwent', 230),
(3852, 'Hampshire', 230),
(3853, 'Hants', 230),
(3854, 'Herefordshire', 230),
(3855, 'Hertfordshire', 230),
(3856, 'Ireland', 230),
(3857, 'Isle Of Man', 230),
(3858, 'Isle of Wight', 230),
(3859, 'Kenford', 230),
(3860, 'Kent', 230),
(3861, 'Kilmarnock', 230),
(3862, 'Lanarkshire', 230),
(3863, 'Lancashire', 230),
(3864, 'Leicestershire', 230),
(3865, 'Lincolnshire', 230),
(3866, 'Llanymynech', 230),
(3867, 'London', 230),
(3868, 'Ludlow', 230),
(3869, 'Manchester', 230),
(3870, 'Mayfair', 230),
(3871, 'Merseyside', 230),
(3872, 'Mid Glamorgan', 230),
(3873, 'Middlesex', 230),
(3874, 'Mildenhall', 230),
(3875, 'Monmouthshire', 230),
(3876, 'Newton Stewart', 230),
(3877, 'Norfolk', 230),
(3878, 'North Humberside', 230),
(3879, 'North Yorkshire', 230),
(3880, 'Northamptonshire', 230),
(3881, 'Northants', 230),
(3882, 'Northern Ireland', 230),
(3883, 'Northumberland', 230),
(3884, 'Nottinghamshire', 230),
(3885, 'Oxford', 230),
(3886, 'Powys', 230),
(3887, 'Roos-shire', 230),
(3888, 'SUSSEX', 230),
(3889, 'Sark', 230),
(3890, 'Scotland', 230),
(3891, 'Scottish Borders', 230),
(3892, 'Shropshire', 230),
(3893, 'Somerset', 230),
(3894, 'South Glamorgan', 230),
(3895, 'South Wales', 230),
(3896, 'South Yorkshire', 230),
(3897, 'Southwell', 230),
(3898, 'Staffordshire', 230),
(3899, 'Strabane', 230),
(3900, 'Suffolk', 230),
(3901, 'Surrey', 230),
(3902, 'Sussex', 230),
(3903, 'Twickenham', 230),
(3904, 'Tyne and Wear', 230),
(3905, 'Tyrone', 230),
(3906, 'Utah', 230),
(3907, 'Wales', 230),
(3908, 'Warwickshire', 230),
(3909, 'West Lothian', 230),
(3910, 'West Midlands', 230),
(3911, 'West Sussex', 230),
(3912, 'West Yorkshire', 230),
(3913, 'Whissendine', 230),
(3914, 'Wiltshire', 230),
(3915, 'Wokingham', 230),
(3916, 'Worcestershire', 230),
(3917, 'Wrexham', 230),
(3918, 'Wurttemberg', 230),
(3919, 'Yorkshire', 230),
(3920, 'Alabama', 231),
(3921, 'Alaska', 231),
(3922, 'Arizona', 231),
(3923, 'Arkansas', 231),
(3924, 'Byram', 231),
(3925, 'California', 231),
(3926, 'Cokato', 231),
(3927, 'Colorado', 231),
(3928, 'Connecticut', 231),
(3929, 'Delaware', 231),
(3930, 'District of Columbia', 231),
(3931, 'Florida', 231),
(3932, 'Georgia', 231),
(3933, 'Hawaii', 231),
(3934, 'Idaho', 231),
(3935, 'Illinois', 231),
(3936, 'Indiana', 231),
(3937, 'Iowa', 231),
(3938, 'Kansas', 231),
(3939, 'Kentucky', 231),
(3940, 'Louisiana', 231),
(3941, 'Lowa', 231),
(3942, 'Maine', 231),
(3943, 'Maryland', 231),
(3944, 'Massachusetts', 231),
(3945, 'Medfield', 231),
(3946, 'Michigan', 231),
(3947, 'Minnesota', 231),
(3948, 'Mississippi', 231),
(3949, 'Missouri', 231),
(3950, 'Montana', 231),
(3951, 'Nebraska', 231),
(3952, 'Nevada', 231),
(3953, 'New Hampshire', 231),
(3954, 'New Jersey', 231),
(3955, 'New Jersy', 231),
(3956, 'New Mexico', 231),
(3957, 'New York', 231),
(3958, 'North Carolina', 231),
(3959, 'North Dakota', 231),
(3960, 'Ohio', 231),
(3961, 'Oklahoma', 231),
(3962, 'Ontario', 231),
(3963, 'Oregon', 231),
(3964, 'Pennsylvania', 231),
(3965, 'Ramey', 231),
(3966, 'Rhode Island', 231),
(3967, 'South Carolina', 231),
(3968, 'South Dakota', 231),
(3969, 'Sublimity', 231),
(3970, 'Tennessee', 231),
(3971, 'Texas', 231),
(3972, 'Trimble', 231),
(3973, 'Utah', 231),
(3974, 'Vermont', 231),
(3975, 'Virginia', 231),
(3976, 'Washington', 231),
(3977, 'West Virginia', 231),
(3978, 'Wisconsin', 231),
(3979, 'Wyoming', 231),
(3980, 'United States Minor Outlying I', 232),
(3981, 'Artigas', 233),
(3982, 'Canelones', 233),
(3983, 'Cerro Largo', 233),
(3984, 'Colonia', 233),
(3985, 'Durazno', 233),
(3986, 'FLorida', 233),
(3987, 'Flores', 233),
(3988, 'Lavalleja', 233),
(3989, 'Maldonado', 233),
(3990, 'Montevideo', 233),
(3991, 'Paysandu', 233),
(3992, 'Rio Negro', 233),
(3993, 'Rivera', 233),
(3994, 'Rocha', 233),
(3995, 'Salto', 233),
(3996, 'San Jose', 233),
(3997, 'Soriano', 233),
(3998, 'Tacuarembo', 233),
(3999, 'Treinta y Tres', 233),
(4000, 'Andijon', 234),
(4001, 'Buhoro', 234),
(4002, 'Buxoro Viloyati', 234),
(4003, 'Cizah', 234),
(4004, 'Fargona', 234),
(4005, 'Horazm', 234),
(4006, 'Kaskadar', 234),
(4007, 'Korakalpogiston', 234),
(4008, 'Namangan', 234),
(4009, 'Navoi', 234),
(4010, 'Samarkand', 234),
(4011, 'Sirdare', 234),
(4012, 'Surhondar', 234),
(4013, 'Toskent', 234),
(4014, 'Malampa', 235),
(4015, 'Penama', 235),
(4016, 'Sanma', 235),
(4017, 'Shefa', 235),
(4018, 'Tafea', 235),
(4019, 'Torba', 235),
(4020, 'Vatican City State (Holy See)', 236),
(4021, 'Amazonas', 237),
(4022, 'Anzoategui', 237),
(4023, 'Apure', 237),
(4024, 'Aragua', 237),
(4025, 'Barinas', 237),
(4026, 'Bolivar', 237),
(4027, 'Carabobo', 237),
(4028, 'Cojedes', 237),
(4029, 'Delta Amacuro', 237),
(4030, 'Distrito Federal', 237),
(4031, 'Falcon', 237),
(4032, 'Guarico', 237),
(4033, 'Lara', 237),
(4034, 'Merida', 237),
(4035, 'Miranda', 237),
(4036, 'Monagas', 237),
(4037, 'Nueva Esparta', 237),
(4038, 'Portuguesa', 237),
(4039, 'Sucre', 237),
(4040, 'Tachira', 237),
(4041, 'Trujillo', 237),
(4042, 'Vargas', 237),
(4043, 'Yaracuy', 237),
(4044, 'Zulia', 237),
(4045, 'Bac Giang', 238),
(4046, 'Binh Dinh', 238),
(4047, 'Binh Duong', 238),
(4048, 'Da Nang', 238),
(4049, 'Dong Bang Song Cuu Long', 238),
(4050, 'Dong Bang Song Hong', 238),
(4051, 'Dong Nai', 238),
(4052, 'Dong Nam Bo', 238),
(4053, 'Duyen Hai Mien Trung', 238),
(4054, 'Hanoi', 238),
(4055, 'Hung Yen', 238),
(4056, 'Khu Bon Cu', 238),
(4057, 'Long An', 238),
(4058, 'Mien Nui Va Trung Du', 238),
(4059, 'Thai Nguyen', 238),
(4060, 'Thanh Pho Ho Chi Minh', 238),
(4061, 'Thu Do Ha Noi', 238),
(4062, 'Tinh Can Tho', 238),
(4063, 'Tinh Da Nang', 238),
(4064, 'Tinh Gia Lai', 238),
(4065, 'Anegada', 239),
(4066, 'Jost van Dyke', 239),
(4067, 'Tortola', 239),
(4068, 'Saint Croix', 240),
(4069, 'Saint John', 240),
(4070, 'Saint Thomas', 240),
(4071, 'Alo', 241),
(4072, 'Singave', 241),
(4073, 'Wallis', 241),
(4074, 'Bu Jaydur', 242),
(4075, 'Wad-adh-Dhahab', 242),
(4076, 'al-\'Ayun', 242),
(4077, 'as-Samarah', 242),
(4078, '\'Adan', 243),
(4079, 'Abyan', 243),
(4080, 'Dhamar', 243),
(4081, 'Hadramaut', 243),
(4082, 'Hajjah', 243),
(4083, 'Hudaydah', 243),
(4084, 'Ibb', 243),
(4085, 'Lahij', 243),
(4086, 'Ma\'rib', 243),
(4087, 'Madinat San\'a', 243),
(4088, 'Sa\'dah', 243),
(4089, 'Sana', 243),
(4090, 'Shabwah', 243),
(4091, 'Ta\'izz', 243),
(4092, 'al-Bayda', 243),
(4093, 'al-Hudaydah', 243),
(4094, 'al-Jawf', 243),
(4095, 'al-Mahrah', 243),
(4096, 'al-Mahwit', 243),
(4097, 'Central Serbia', 244),
(4098, 'Kosovo and Metohija', 244),
(4099, 'Montenegro', 244),
(4100, 'Republic of Serbia', 244),
(4101, 'Serbia', 244),
(4102, 'Vojvodina', 244),
(4103, 'Central', 245),
(4104, 'Copperbelt', 245),
(4105, 'Eastern', 245),
(4106, 'Luapala', 245),
(4107, 'Lusaka', 245),
(4108, 'North-Western', 245),
(4109, 'Northern', 245),
(4110, 'Southern', 245),
(4111, 'Western', 245),
(4112, 'Bulawayo', 246),
(4113, 'Harare', 246),
(4114, 'Manicaland', 246),
(4115, 'Mashonaland Central', 246),
(4116, 'Mashonaland East', 246),
(4117, 'Mashonaland West', 246),
(4118, 'Masvingo', 246),
(4119, 'Matabeleland North', 246),
(4120, 'Matabeleland South', 246),
(4121, 'Midlands', 246);

-- --------------------------------------------------------

--
-- Estructura de tabla para la tabla `descripcion_talento`
--

CREATE TABLE `descripcion_talento` (
  `id` bigint(20) UNSIGNED NOT NULL,
  `talento_id` bigint(20) UNSIGNED DEFAULT NULL,
  `descripcion` text NOT NULL,
  `created_at` timestamp NULL DEFAULT NULL,
  `updated_at` timestamp NULL DEFAULT NULL
) ENGINE=InnoDB DEFAULT CHARSET=utf8;

--
-- Volcado de datos para la tabla `descripcion_talento`
--

INSERT INTO `descripcion_talento` (`id`, `talento_id`, `descripcion`, `created_at`, `updated_at`) VALUES
(1, 1, 'Eres afectuoso y cercano con las personas.', NULL, NULL),
(2, 1, 'Haces sentir cómoda a la gente que está a tu alrededor.', NULL, NULL),
(3, 1, 'Las personas se sienten bien cuando están contigo.', NULL, NULL),
(4, 1, 'Sabes encontrar cosas que sean de interés para ti y para otras personas, por lo que tienes facilidad para establecer una relación.', NULL, NULL),
(5, 1, 'Eres cordial y amable.', NULL, NULL),
(6, 2, 'Tienes valores fuertes y duraderos. Eres una persona altruista, responsable, ética y espiritual.', NULL, NULL),
(7, 2, 'Le das a la vida un significado especial y te brinda satisfacción lo que haces por el prójimo.', NULL, NULL),
(8, 2, 'Ayudar a las personas es la base de tus relaciones.', NULL, NULL),
(9, 2, 'Te gusta hacer más de lo que debes: sobrepasas, con frecuencia, las expectativas de las personas.', NULL, NULL),
(10, 2, 'Te preocupas por satisfacer las necesidades de las personas y cumplir con sus requerimientos; nada te resulta un gran problema.', NULL, NULL),
(11, 2, 'Necesitas un trabajo que concuerde con tus valores y que sea gratificante.', NULL, NULL),
(12, 3, 'Te dejas llevar por sentimientos de ternura, compasión y afecto.', NULL, NULL),
(13, 3, 'Te puedes sentir emocionado o herido con facilidad.', NULL, NULL),
(14, 3, 'Sientes emociones con facilidad.', NULL, NULL),
(15, 3, 'Te dejas llevar por las emociones y, en ocasiones, puedes sentirte vulnerable.', NULL, NULL),
(16, 4, 'Percibes los afectos de las personas que te rodean.', NULL, NULL),
(17, 4, 'Eres capaz de observar el mundo con los ojos de los demás y compartes su perspectiva, aunque no estés de acuerdo con esta. Comprendes al prójimo. No necesariamente significa que los disculpes, sino que los comprendes.', NULL, NULL),
(18, 4, 'Al \"ponerte en los zapatos\" de otro, anticipas sus necesidades: encuentras las palabras y tonos adecuados para comunicarte con él y lo ayudas a que exprese lo que siente.', NULL, NULL),
(19, 5, 'Expresas lo que piensas y sientes, con respeto a los demás y a ti mismo.', NULL, NULL),
(20, 5, 'Te sientes libre de expresarte de la manera que requiere cada situación.', NULL, NULL),
(21, 5, 'Mantienes una comunicación madura: no agredes ni te sometes a la voluntad de los demás. Expresas tus convicciones y defiendes tus derechos.', NULL, NULL),
(22, 5, 'Comunicas tus ideas y sentimientos; defiendes tus derechos sin intención de herir o perjudicar.', NULL, NULL),
(23, 5, 'Eres abierto a las opiniones de otros y les das la misma importancia que a las propias.', NULL, NULL),
(24, 5, 'Aceptas que la postura de los demás no tiene por qué coincidir con la tuya y, aunque evitas los conflictos, expresas lo que piensas de forma directa y honesta.', NULL, NULL),
(25, 6, 'Valoras la diversidad: acoges a las personas que son diferentes a ti mismo.', NULL, NULL),
(26, 6, 'Estás dispuesto a establecer relaciones interpersonales con personas diferentes a ti.', NULL, NULL),
(27, 6, 'Eres inclusivo a la hora de organizar tus reuniones: te preocupas por las personas que parecen aisladas o excluidas.', NULL, NULL),
(28, 6, 'Encuentras, en cada persona, una característica individual que la distingue y aprecias interactuar con ella.', NULL, NULL),
(29, 7, 'Buscas resolver y minimizar conflictos y discusiones: para ti, no se gana nada con ellos.', NULL, NULL),
(30, 7, 'Cuando las personas a tu alrededor tienen diferentes puntos de vista, procuras enlazar lo que tienen en común. Promueves la armo', NULL, NULL),
(31, 7, 'Te sorprende el tiempo que pierde la gente cuando trata de imponer su punto de vista a los demás. Tú, por el contrario, armoniza', NULL, NULL),
(32, 7, 'Cuando otros argumentan sus ideas, notas cómo todas pueden dirigirse a un punto común.', NULL, NULL),
(33, 8, 'Escuchas a otros con mucho interés y ganas de ayudar: no comienzas hablando de ti mismo.', NULL, NULL),
(34, 8, 'Muestras interés en lo que los otros tienen que decir y en la manera en que lo dicen.', NULL, NULL),
(35, 8, 'Cuando las personas te hablan, te centras en ellos. Escuchas realmente lo que te están diciendo.', NULL, NULL),
(36, 8, 'No solo escuchas las palabras: tratas de captar el mensaje real detrás de ellas.', NULL, NULL),
(37, 8, 'Para ti, todo lo que dice una persona es importante y merece ser escuchado.', NULL, NULL),
(38, 9, 'Te gusta conocer personas nuevas y ayudar a que se lleven bien entre ellas.', NULL, NULL),
(39, 9, 'Los extraños no se sienten intimidados por ti; por el contrario, se sienten bien cuando están contigo.', NULL, NULL),
(40, 9, 'Te esmeras en saber los nombres de los demás, en hacerles preguntas y en encontrar cosas en común que construyan un vínculo.', NULL, NULL),
(41, 9, 'No rehúyes el iniciar una conversación. Siempre tienes algo que decir. Te resulta fácil romper el hielo.', NULL, NULL),
(42, 9, 'Cuando estableces un lazo con una persona, estás feliz de pasar a la siguiente conversación, porque quieres conocer a mucha gente.', NULL, NULL),
(43, 9, 'Para ti, los demás no son extraños, sino amigos potenciales.', NULL, NULL),
(44, 10, 'Le pones entusiasmo y energía a todos tus proyectos.', NULL, NULL),
(45, 10, 'Eres una persona vital, despierta y alerta.', NULL, NULL),
(46, 11, 'Buscas oportunidades para hacer negocio y ganar dinero.', NULL, NULL),
(47, 11, 'Piensas en proyectos que puedan convertirse en negocios rentables.', NULL, NULL),
(48, 12, 'Eres generoso con los elogios y las sonrisas; ves la parte positiva de las situaciones adversas.', NULL, NULL),
(49, 12, 'Te convences de que las cosas funcionarán bien en el futuro.', NULL, NULL),
(50, 12, 'Te mantienes positivo, incluso cuando las circunstancias se ponen más difíciles.', NULL, NULL),
(51, 12, 'Tu optimismo ayuda a que los demás no se sientan aburridos, presionados o tensos. Encuentras la manera de aligerar estas trabas.', NULL, NULL),
(52, 12, 'No te amilana que otras personas te consideren despreocupado. Tienes la convicción de que la vida es buena y que el trabajo puede ser entretenido, a pesar de los traspiés.', NULL, NULL),
(53, 13, 'Tienes decisión e iniciativa para sacar adelante proyectos nuevos que implican riesgos.', NULL, NULL),
(54, 13, 'Te gusta empezar proyectos nuevos y poner todo tu empeño para lograrlos.', NULL, NULL),
(55, 13, 'Te definen tus ganas de enfrentar lo desconocido para lograr grandes beneficios (frutos de la acción realizada) y también tu capacidad de trabajar frente a la incertidumbre. ', NULL, NULL),
(56, 13, 'No temes cometer errores y, si los cometes, aprendes de ellos.', NULL, NULL),
(57, 14, 'Sacas adelante los proyectos y llevas a la práctica lo planificado. Superas obstáculos y cumples con los objetivos.', NULL, NULL),
(58, 14, 'Te gusta materializar los proyectos: no te quedas en las ideas.', NULL, NULL),
(59, 15, 'Afrontas y superas tus miedos y temores.', NULL, NULL),
(60, 15, 'Participas en actividades que te desafían, incluso cuando pueden asustarte o ponerte nervioso.', NULL, NULL),
(61, 15, 'Tienes una disposición a actuar, tal vez con miedo, en situaciones peligrosas. Siempre, sin embargo, evalúas los riesgos razonables para obtener o preservar algo que percibes como bueno.', NULL, NULL),
(62, 15, 'Entiendes el riesgo y aceptas las consecuencias de la acción; dominas el miedo.', NULL, NULL),
(63, 16, 'Te anticipas: observas las oportunidades y te adelantas para ganar ventaja.', NULL, NULL),
(64, 16, 'Atraviesas el “desorden” y escoges la mejor ruta.', NULL, NULL),
(65, 16, 'Tienes una perspectiva distinta del mundo, que te permite advertir patrones donde los demás ven solo complejidad.', NULL, NULL),
(66, 16, 'Consciente de estos patrones, interactúas en diferentes espacios. Sueles preguntarte: “¿Qué pasaría si esto sucediera?”', NULL, NULL),
(67, 16, 'Descartas los patrones que llevan a la resistencia o la confusión.', NULL, NULL),
(68, 16, 'Escoges siempre el camino más directo.', NULL, NULL),
(69, 17, 'Para ti, cada día comienza en cero y, al final del mismo, debes lograr algo tangible para sentirte bien. Esto ocurre en los días', NULL, NULL),
(70, 17, 'Necesitas, a menudo, de retroalimentación positiva.', NULL, NULL),
(71, 17, 'Disfrutas el desafío de trabajar en un problema, aunque signifique cargar con la responsabilidad personal del éxito o fracaso.', NULL, NULL),
(72, 17, 'Te gusta sentir que el resultado (éxito o fracaso) depende de tus acciones.', NULL, NULL),
(73, 17, 'No importa cuánto se necesite un día de descanso: si no consigues algún logro, te sientes insatisfecho.', NULL, NULL),
(74, 17, 'Tienes un “fuego interno” que te empuja a conseguir más. Luego de cada logro, ese fuego disminuye, pero rápidamente renace y te empuja al siguiente reto.', NULL, NULL),
(75, 17, 'Puedes trabajar largas jornadas sin llegar necesariamente al burn-out (síndrome del trabajador desgastado o del desgaste profesional)', NULL, NULL),
(76, 18, 'Te adelantas a los demás en formular propuestas y buscar soluciones.', NULL, NULL),
(77, 18, 'Te impacientas por comenzar una nueva acción.', NULL, NULL),
(78, 18, 'Te gusta tomar la iniciativa, pues solo la acción permite que las cosas sucedan: cuando tomas una decisión, actúas.', NULL, NULL),
(79, 19, 'Eres bueno para crear e inventar cosas.', NULL, NULL),
(80, 19, 'Eres bueno para resolver problemas de forma rápida y astuta.', NULL, NULL),
(81, 20, 'Puedes cambiar tu manera de actuar o de pensar para adaptarte a diferentes circunstancias o necesidades.', NULL, NULL),
(82, 20, 'Vives el momento: no ves el futuro como un destino fijo, sino como algo que se construye con las decisiones de hoy.', NULL, NULL),
(83, 20, 'Desarrollas planes, pero te adaptas a las situaciones, incluso si estas se alejan de tu plan original.', NULL, NULL),
(84, 20, 'No sufres por los cambios; más bien, los esperas, pues te gusta responder a las demandas de manera productiva.', NULL, NULL),
(85, 21, 'Promueves ideas y comportamientos originales, novedosos, sorpresivos e inusuales.', NULL, NULL),
(86, 21, 'Aplicas soluciones en ámbitos diferentes (por ejemplo, la casa y el trabajo).', NULL, NULL),
(87, 21, 'Te gusta diseñar y crear cosas que sean mejores que las que se han hecho antes.', NULL, NULL),
(88, 21, 'Observas las cosas desde una perspectiva distinta; te gusta pensar “fuera de la caja”.', NULL, NULL),
(89, 21, 'Tus ideas permiten que las cosas avancen.', NULL, NULL),
(90, 22, 'Tienes un deseo interno por nuevas experiencias y conocimientos.', NULL, NULL),
(91, 22, 'Estás abierto a lo nuevo y te orientas al futuro; es probable que disfrutes de resolver problemas.', NULL, NULL),
(92, 22, 'Estás motivacionalmente abierto a lo novedoso.', NULL, NULL),
(93, 23, 'Tomas decisiones en base a tus presentimientos, a los indicios y señales que percibes.', NULL, NULL),
(94, 23, 'Basas tus decisiones más en la intuición que en la lógica.', NULL, NULL),
(95, 23, 'Comprendes las cosas instantáneamente, sin necesidad de razonarlas.', NULL, NULL),
(96, 23, 'Sabes relacionar ese conocimiento o información con experiencias previas, aunque, por lo general, te resulta difícil explicar cómo llegas a una determinada conclusión.', NULL, NULL),
(97, 24, 'Te cuesta aceptar las reglas y convenciones porque necesitas hacer cosas que nadie más hace.', NULL, NULL),
(98, 24, 'Te aproximas a las situaciones de manera original e ingeniosa; luchas por presentar nuevas y diferentes aplicaciones.', NULL, NULL),
(99, 25, 'Imaginas el futuro e inspiras a otros con tu visión.', NULL, NULL),
(100, 25, 'Ves el camino más allá del horizonte.', NULL, NULL),
(101, 25, 'El futuro te fascina: lo proyectas, evalúas lo que ofrece y te encaminas hacia el mañana.', NULL, NULL),
(102, 25, 'Eres soñador: tienes una visión y la valoras.', NULL, NULL),
(103, 25, 'Cuando el presente es frustrante y la gente se muestra muy pragmática, acudes a tus proyecciones del futuro.', NULL, NULL),
(104, 26, 'Puedes reírte de ti mismo y encuentras el lado divertido de las situaciones.', NULL, NULL),
(105, 26, 'Te gusta hacer reír a los demás.', NULL, NULL),
(106, 26, 'Compartes, con las personas que te rodean, un espíritu alegre.', NULL, NULL),
(107, 26, 'Sabes hacer una broma, contar una historia que mejore los ánimos y ayudas a que las personas se relajen.', NULL, NULL),
(108, 26, 'Cuando las cosas son adversas, aminoras su gravedad.', NULL, NULL),
(109, 26, 'Los otros aprecian que seas una persona divertida; les gusta estar contigo.', NULL, NULL),
(110, 27, 'Amas aprender, cualquiera sea el tema que te interese.', NULL, NULL),
(111, 27, 'Te estimula más el proceso que el contenido o el resultado.', NULL, NULL),
(112, 27, 'Disfrutas el paso de la ignorancia al conocimiento.', NULL, NULL),
(113, 27, 'Te gusta aprender cosas nuevas.', NULL, NULL),
(114, 27, 'Te gusta emprender proyectos que te permitan aprender y desarrollar tus intereses.', NULL, NULL),
(115, 28, 'Te gusta  identificar los pasos a seguir y las etapas o periodos de trabajo.', NULL, NULL),
(116, 28, 'Asignas roles y responsabilidades; programas tareas y reconoces el objetivo fundamental de cada una.', NULL, NULL),
(117, 29, 'Empiezas los proyectos apenas los recibes.', NULL, NULL),
(118, 29, 'Disfrutas al terminar los proyectos mucho antes de la fecha límite.', NULL, NULL),
(119, 29, 'No te gusta lidiar con presiones de último minuto; por ello, inicias lo encomendado apenas lo recibes.', NULL, NULL),
(120, 30, 'Cuando trabajas en algún proyecto, profundizas en los detalles.', NULL, NULL),
(121, 30, 'Eres meticuloso al ejecutar un proyecto o tarea.', NULL, NULL),
(122, 30, 'Puedes desarrollar un tema e identificar sus partes hasta describirlas de manera específica.', NULL, NULL),
(123, 30, 'Adviertes, de inmediato, los errores e inconsistencias.', NULL, NULL),
(124, 30, 'Te gusta ser capaz de corregir los errores.', NULL, NULL),
(125, 30, 'Disfrutas corregir y completar los detalles pendientes.', NULL, NULL),
(126, 30, 'Te resulta importante prestar atención a los detalles.', NULL, NULL),
(127, 31, 'Controlas las distracciones y los impulsos para lograr la meta que te propones.', NULL, NULL),
(128, 31, 'Trabajas con rigor en lo que te planteas, llevando de la mejor manera las molestias y postergaciones que esto puede ocasionar.', NULL, NULL),
(129, 31, 'Actúas ordenada y perseverantemente para conseguir lo propuesto.', NULL, NULL),
(130, 31, 'Exiges orden y lineamientos para lograr con mayor rapidez los objetivos deseados.', NULL, NULL),
(131, 32, 'Te concentras en pocos proyectos, para cumplirlos con rigurosidad. Evitas dispersarte en otras actividades.', NULL, NULL),
(132, 32, 'Eres impaciente con los retrasos u obstáculos.', NULL, NULL),
(133, 32, 'Haces recordar al resto que, si algo no ayuda a caminar hacia la meta, no es importante ni merece inversión de tiempo.', NULL, NULL),
(134, 32, 'Ayudas a que los otros no divaguen y retomen el curso de acción.', NULL, NULL),
(135, 33, 'Programas las actividades de un proyecto para evitar sorpresas y cumplir con los objetivos y fechas previstas.', NULL, NULL),
(136, 33, 'Tienes habilidad para planear y planificar: tienes una aproximación metódica a lo que haces.', NULL, NULL),
(137, 33, 'Antes de emprender una tarea, te organizas, verificas los tiempos disponibles y evalúas los recursos que tienes.', NULL, NULL),
(138, 33, 'Te gusta saber que has cubierto las posibles sorpresas y eventualidades.', NULL, NULL),
(139, 34, 'Colocas las cosas en el lugar que les corresponde y te esfuerzas por mantenerlas así.', NULL, NULL),
(140, 34, 'Sabes dónde están las cosas.', NULL, NULL),
(141, 34, 'Necesitas que el mundo sea predecible y estructurado.', NULL, NULL),
(142, 34, 'Ante el caos de la vida, necesitas sentirte en control.', NULL, NULL),
(143, 34, 'Tu orden y tu organización te ayudan a ser eficiente en lo que haces.', NULL, NULL),
(144, 34, 'Sin llegar a la rigidez, el orden te permite cuidar el progreso y la productividad.', NULL, NULL),
(145, 35, 'Realizas un seguimiento cercano a los proyectos o tareas a tu cargo.', NULL, NULL),
(146, 35, 'Sigues el avance de los proyectos o tareas a tu cargo con meticulosidad.', NULL, NULL),
(147, 36, 'Organizas y diriges a las personas para lograr metas y objetivos.', NULL, NULL),
(148, 36, 'Fijada una meta, te preocupas en cómo alinear a los demás para cumplirla.', NULL, NULL),
(149, 36, 'Compartes tu punto de vista con otras personas, aunque confrontes sus posiciones: sabes que es la única manera de resolver dificultades y avanzar hacia la meta.', NULL, NULL),
(150, 36, 'Te gusta ser claro con los demás y dirigir a la gente, aunque a veces implique tomar riesgos.', NULL, NULL),
(151, 37, 'Eres bueno para dar razones/argumentos a favor o en contra de alguien o de algo.', NULL, NULL),
(152, 37, 'Elaboras argumentos y razones con facilidad para defender una posición específica.', NULL, NULL),
(153, 38, 'Tienes facilidad para convencer a las personas de hacer algo o de pensar de cierta manera.', NULL, NULL),
(154, 38, 'Tienes una persuasión eficaz para que otros cambien su manera de pensar.', NULL, NULL),
(155, 38, 'Elaboras nuevos argumentos para lo que quieres, eliges el lenguaje adecuado y planificas cómo convencer a los otros.', NULL, NULL),
(156, 39, 'Enseñas, aconsejas y ayudas a otros a ser mejores personas.', NULL, NULL),
(157, 39, 'Comprendes las necesidades y sentimientos de los otros; te preocupas por ayudarlos.', NULL, NULL),
(158, 39, 'Te relacionas con las preocupaciones de los otros: los reconfortas, ofreces tu consejo y ayudas con amabilidad; eres amigable y atento con las personas.', NULL, NULL),
(159, 40, 'Escribes de manera clara, precisa y efectiva.', NULL, NULL),
(160, 40, 'Eres bueno con los textos escritos.', NULL, NULL),
(161, 40, 'Tienes facilidad para la lectura, la comprensión y la expresión escrita.', NULL, NULL),
(162, 40, 'Tienes habilidad para comunicar ideas y lograr metas por medios lingüísticos.', NULL, NULL),
(163, 40, 'Te gusta jugar con las palabras y disfrutas del lenguaje escrito.', NULL, NULL),
(164, 40, 'Escribir te ayuda a aclarar el pensamiento y ser más preciso.', NULL, NULL),
(165, 40, 'Te gusta escribir textos para que otros los lean.', NULL, NULL),
(166, 40, 'Te gusta narrar, leer, jugar con rimas, entre otros ejercicios de redacción.', NULL, NULL),
(167, 41, 'Estás actualizado, al día de lo que pasa en el país o en el mundo.', NULL, NULL),
(168, 41, 'Buscas diversas fuentes de información sobre lo que sucede en el país o en el mundo: periódicos, web, libros, entre otros.', NULL, NULL),
(169, 42, 'Te encargas de una situación para llegar a un acuerdo o una solución.', NULL, NULL),
(170, 42, 'Tienes facilidad para tratar con las personas y para establecer pactos.', NULL, NULL),
(171, 43, 'Expresas ideas, en forma oral, con claridad, facilidad y entusiasmo. Captas la atención de tu audiencia (así sea una o muchas personas)', NULL, NULL),
(172, 43, 'Te gusta explayarte, describir, ser anfitrión y hablar en público.', NULL, NULL),
(173, 43, 'Te gusta darle vida a los hechos a través de las palabras.', NULL, NULL),
(174, 43, 'Te gusta convertir los eventos en historias: recurres a ejemplos y metáforas.', NULL, NULL),
(175, 43, 'Requieres de ideas, eventos, productos, descubrimientos y lecciones para sobrevivir con tal de atraer la atención y capturarla.', NULL, NULL),
(176, 44, 'Hablas y actúas con muchos gestos y expresiones.', NULL, NULL),
(177, 44, 'Manifiestas vívidamente lo que piensas o sientes.', NULL, NULL),
(178, 44, 'Gesticulas: recurres a muecas, palabras y/o expresiones para reflejar lo que sientes.', NULL, NULL),
(179, 45, 'Actúas de acuerdo a las ideas que expresas.', NULL, NULL),
(180, 45, 'Te gusta hacer lo que predicas: tus actos reflejan tus palabras.', NULL, NULL),
(181, 46, 'Tienes facilidad con los números y las matemáticas.', NULL, NULL),
(182, 46, 'Buscas información fáctica que te provea de data.', NULL, NULL),
(183, 46, 'Te gusta sistematizar la información que encuentras.', NULL, NULL),
(184, 46, 'Le encuentras sentido a los cuadros y las cifras y estableces relaciones entre las cantidades.', NULL, NULL),
(185, 46, 'Memorizas códigos, cifras y años, entre otros datos numéricos.', NULL, NULL),
(186, 47, 'Eres cuidadoso y te gusta pensar.', NULL, NULL),
(187, 47, 'Para hacer algo, necesitas una razón.', NULL, NULL),
(188, 47, 'El mundo es, para ti, un lugar impredecible: sabes que el mundo, aunque aparente ser ordenado, plantea riesgos que se deben identificar, evaluar y reducir.', NULL, NULL),
(189, 47, 'Eres serio y te acercas a la vida con cautela. Te gusta planear las cosas y seleccionas cuidadosamente a tus amigos.', NULL, NULL),
(190, 47, 'Te gusta la actividad mental y pensar las cosas con calma; eres introspectivo y disfrutas tu tiempo a solas.', NULL, NULL),
(191, 48, 'Eres equilibrado y sereno.', NULL, NULL),
(192, 48, 'No te alteras ni reaccionas de manera violenta o pasional ante situaciones difíciles.', NULL, NULL),
(193, 48, 'Mantienes la calma casi sin esfuerzo.', NULL, NULL),
(194, 48, 'Mantienes la compostura en diferentes circunstancias y las personas te admiran por esta cualidad.', NULL, NULL),
(195, 49, 'Cuestionas y te anticipas a los problemas.', NULL, NULL),
(196, 49, 'Evalúas las situaciones a través de la observación, la  experiencia y el razonamiento.', NULL, NULL),
(197, 49, 'Procuras entender y evaluar los argumentos: distinguir lo razonable de lo ilógico y lo verdadero de lo falso.', NULL, NULL),
(198, 50, 'Te gusta aprender por ti mismo.', NULL, NULL),
(199, 50, 'Buscas los medios para aprender sin ninguna tutela.', NULL, NULL),
(200, 50, 'Eres autónomo para aprender lo que te interesa.', NULL, NULL),
(201, 51, 'Estás actualizado y te gusta conocer los últimos avances de una ciencia determinada.', NULL, NULL),
(202, 51, 'Te apasiona un área de interés (una ciencia específica) y profundizas en los últimos avances.', NULL, NULL),
(203, 52, 'Disfrutas aquello que te permite aprender, crecer y desarrollarte.', NULL, NULL),
(204, 52, 'Te gusta estar inmerso en el proceso de aprender.', NULL, NULL),
(205, 52, 'Buscas oportunidades que te permitan desarrollar tus capacidades e intereses.', NULL, NULL),
(206, 52, 'Te emocionan los nuevos hechos, los primeros esfuerzos de llevar a la práctica lo aprendido, la adquisición de confianza progresiva, esto es lo que le atrae.', NULL, NULL),
(207, 52, 'Te gusta involucrarte en aquello que te permite aprender algo nuevo: clases de piano, de algún idioma, de cocina, o profundizar en diferentes temas que capten su interés.', NULL, NULL),
(208, 53, 'Te gusta que las afirmaciones tengan pruebas: cuando alguien sostiene algo, debe demostrarte que es verdad.', NULL, NULL),
(209, 53, 'Necesitas datos que den valor a las ideas.', NULL, NULL),
(210, 53, 'Te gusta entender cómo algunos modelos afectan a otros, cómo se combinan, cuáles son sus resultados y cómo estos resultados encajan en la situación que enfrentas.', NULL, NULL),
(211, 53, 'Te gusta escarbar hasta encontrar la raíz: que las causas se revelen de manera lógica y rigurosa.', NULL, NULL),
(212, 54, 'Buscas información en diversas fuentes para comprender algo que no conoces.', NULL, NULL),
(213, 54, 'Eres perceptivo y extraordinariamente observador: tu curiosidad es permanente y tu mente se encuentra alerta.', NULL, NULL),
(214, 54, 'Formulas preguntas adecuadas; te concentras y enfocas en lo que llama tu atención y puedes predecir el desenlace de una cadena de eventos.', NULL, NULL),
(215, 54, 'Te gusta aprender y te entusiasma poseer conocimientos: puedes convertirte en experto en algún campo.', NULL, NULL),
(216, 54, 'Puedes desarrollar ideas muy valiosas.', NULL, NULL),
(217, 55, 'Tienes facilidad para pensar en imágenes.', NULL, NULL),
(218, 55, 'Te resulta fácil transformar las ideas en imágenes.', NULL, NULL),
(219, 56, 'Imaginas figuras: puedes rotarlas y cambiarlas de posición mentalmente.', NULL, NULL),
(220, 57, 'Tienes facilidad para aprender nuevos idiomas.', NULL, NULL),
(221, 57, 'Cuando entras en contacto con otro idioma, te resulta fácil entenderlo y/o hablarlo.', NULL, NULL),
(222, 58, 'Disfrutas de lo bello, de aquello que es realizado con una noción estética.', NULL, NULL),
(223, 59, 'Tienes facilidad para la música.', NULL, NULL),
(224, 59, 'Asimilas el ritmo de la música sin mayor complicación.', NULL, NULL),
(225, 60, 'Manejas con facilidad temas de biología, química o física.', NULL, NULL),
(226, 61, 'Disfrutas y aprecias la belleza.', NULL, NULL),
(227, 62, 'Tienes facilidad para las actividades que requieren de motricidad fina.', NULL, NULL);

-- --------------------------------------------------------

--
-- Estructura de tabla para la tabla `empresas`
--

CREATE TABLE `empresas` (
  `id` bigint(20) UNSIGNED NOT NULL,
  `razon_social` varchar(300) NOT NULL,
  `email` varchar(191) DEFAULT NULL,
  `contacto` varchar(191) DEFAULT NULL,
  `telefono` varchar(191) DEFAULT NULL,
  `estado` char(1) NOT NULL DEFAULT '1' COMMENT '0-Inactivo/1-Activo',
  `insert_user_id` bigint(20) UNSIGNED NOT NULL COMMENT 'Usuario que hizo el registro',
  `edit_user_id` bigint(20) UNSIGNED DEFAULT NULL COMMENT 'Usuario que editó el registro',
  `created_at` timestamp NULL DEFAULT NULL,
  `updated_at` timestamp NULL DEFAULT NULL
) ENGINE=InnoDB DEFAULT CHARSET=utf8;

--
-- Volcado de datos para la tabla `empresas`
--

INSERT INTO `empresas` (`id`, `razon_social`, `email`, `contacto`, `telefono`, `estado`, `insert_user_id`, `edit_user_id`, `created_at`, `updated_at`) VALUES
(1, 'COLEGIO GAF DOMINGO', NULL, '', NULL, '1', 1, NULL, '2020-05-03 16:49:46', '2020-05-03 16:49:46'),
(2, 'COLEGIO UPC PRUEBA CORTA', NULL, '', NULL, '1', 1, NULL, '2020-05-04 20:08:59', '2020-05-04 20:08:59');

-- --------------------------------------------------------

--
-- Estructura de tabla para la tabla `empresa_sucursal`
--

CREATE TABLE `empresa_sucursal` (
  `id` bigint(20) UNSIGNED NOT NULL,
  `nombre` varchar(191) NOT NULL,
  `estado` char(1) NOT NULL DEFAULT '1' COMMENT '0-Inactivo/1-Activo',
  `empresa_id` bigint(20) UNSIGNED NOT NULL,
  `insert_user_id` bigint(20) UNSIGNED NOT NULL COMMENT 'Usuario que hizo el registro',
  `edit_user_id` bigint(20) UNSIGNED DEFAULT NULL COMMENT 'Usuario que editó el registro',
  `created_at` timestamp NULL DEFAULT NULL,
  `updated_at` timestamp NULL DEFAULT NULL
) ENGINE=InnoDB DEFAULT CHARSET=utf8;

--
-- Volcado de datos para la tabla `empresa_sucursal`
--

INSERT INTO `empresa_sucursal` (`id`, `nombre`, `estado`, `empresa_id`, `insert_user_id`, `edit_user_id`, `created_at`, `updated_at`) VALUES
(1, 'COLEGIO GAF DOMINGO', '1', 1, 1, NULL, '2020-05-03 16:49:46', '2020-05-03 16:49:46'),
(2, 'COLEGIO UPC PRUEBA CORTA', '1', 2, 1, NULL, '2020-05-04 20:08:59', '2020-05-04 20:08:59');

-- --------------------------------------------------------

--
-- Estructura de tabla para la tabla `encuestas`
--

CREATE TABLE `encuestas` (
  `id` bigint(20) UNSIGNED NOT NULL,
  `fecha_inicio` date NOT NULL,
  `fecha_fin` date NOT NULL,
  `estado` char(1) NOT NULL DEFAULT '1' COMMENT '0-Inactivo/1-Activo',
  `empresa_sucursal_id` bigint(20) UNSIGNED NOT NULL,
  `tipo_encuesta_id` bigint(20) UNSIGNED NOT NULL,
  `encuesta_general_id` bigint(20) UNSIGNED NOT NULL,
  `insert_user_id` bigint(20) UNSIGNED NOT NULL COMMENT 'Usuario que hizo el registro',
  `edit_user_id` bigint(20) UNSIGNED DEFAULT NULL COMMENT 'Usuario que editó el registro',
  `created_at` timestamp NULL DEFAULT NULL,
  `updated_at` timestamp NULL DEFAULT NULL
) ENGINE=InnoDB DEFAULT CHARSET=utf8;

--
-- Volcado de datos para la tabla `encuestas`
--

INSERT INTO `encuestas` (`id`, `fecha_inicio`, `fecha_fin`, `estado`, `empresa_sucursal_id`, `tipo_encuesta_id`, `encuesta_general_id`, `insert_user_id`, `edit_user_id`, `created_at`, `updated_at`) VALUES
(1, '2020-05-03', '2020-08-03', '1', 1, 3, 1, 1, NULL, '2020-05-03 16:59:17', '2020-05-03 16:59:17'),
(2, '2020-05-03', '2020-08-03', '1', 1, 2, 1, 1, NULL, '2020-05-03 16:59:17', '2020-05-03 16:59:17'),
(3, '2020-05-03', '2020-08-03', '1', 1, 1, 1, 1, NULL, '2020-05-03 16:59:17', '2020-05-03 16:59:17'),
(4, '2020-05-04', '2020-08-04', '1', 2, 3, 2, 1, NULL, '2020-05-04 20:12:31', '2020-05-04 20:12:31'),
(5, '2020-05-04', '2020-08-04', '1', 2, 2, 2, 1, NULL, '2020-05-04 20:12:31', '2020-05-04 20:12:31'),
(6, '2020-05-04', '2020-08-04', '1', 2, 1, 2, 1, NULL, '2020-05-04 20:12:31', '2020-05-04 20:12:31');

-- --------------------------------------------------------

--
-- Estructura de tabla para la tabla `encuesta_general`
--

CREATE TABLE `encuesta_general` (
  `id` bigint(20) UNSIGNED NOT NULL,
  `estado` char(1) NOT NULL DEFAULT '1' COMMENT '0-Inactivo/1-Activo',
  `insert_user_id` bigint(20) UNSIGNED NOT NULL COMMENT 'Usuario que hizo el registro',
  `edit_user_id` bigint(20) UNSIGNED DEFAULT NULL COMMENT 'Usuario que editó el registro',
  `created_at` timestamp NULL DEFAULT NULL,
  `updated_at` timestamp NULL DEFAULT NULL
) ENGINE=InnoDB DEFAULT CHARSET=utf8;

--
-- Volcado de datos para la tabla `encuesta_general`
--

INSERT INTO `encuesta_general` (`id`, `estado`, `insert_user_id`, `edit_user_id`, `created_at`, `updated_at`) VALUES
(1, '1', 1, NULL, '2020-05-03 16:59:17', '2020-05-03 16:59:17'),
(2, '1', 1, NULL, '2020-05-04 20:12:31', '2020-05-04 20:12:31');

-- --------------------------------------------------------

--
-- Estructura de tabla para la tabla `encuesta_persona`
--

CREATE TABLE `encuesta_persona` (
  `id` bigint(20) UNSIGNED NOT NULL,
  `estado` char(1) NOT NULL DEFAULT '1' COMMENT '0-Inactivo/1-Activo',
  `persona_id` bigint(20) UNSIGNED NOT NULL,
  `encuesta_general_id` bigint(20) UNSIGNED NOT NULL,
  `insert_user_id` bigint(20) UNSIGNED NOT NULL COMMENT 'Usuario que hizo el registro',
  `edit_user_id` bigint(20) UNSIGNED DEFAULT NULL COMMENT 'Usuario que editó el registro',
  `created_at` timestamp NULL DEFAULT NULL,
  `updated_at` timestamp NULL DEFAULT NULL
) ENGINE=InnoDB DEFAULT CHARSET=utf8;

--
-- Volcado de datos para la tabla `encuesta_persona`
--

INSERT INTO `encuesta_persona` (`id`, `estado`, `persona_id`, `encuesta_general_id`, `insert_user_id`, `edit_user_id`, `created_at`, `updated_at`) VALUES
(1, '1', 1, 1, 1, NULL, '2020-05-03 16:59:18', '2020-05-03 16:59:18'),
(2, '1', 2, 1, 1, NULL, '2020-05-03 16:59:18', '2020-05-03 16:59:18'),
(3, '1', 3, 1, 1, NULL, '2020-05-03 16:59:18', '2020-05-03 16:59:18'),
(4, '1', 4, 1, 1, NULL, '2020-05-03 16:59:18', '2020-05-03 16:59:18'),
(5, '1', 5, 1, 1, NULL, '2020-05-03 16:59:18', '2020-05-03 16:59:18'),
(6, '1', 6, 1, 1, NULL, '2020-05-03 16:59:18', '2020-05-03 16:59:18'),
(7, '1', 7, 1, 1, NULL, '2020-05-03 16:59:18', '2020-05-03 16:59:18'),
(8, '1', 8, 1, 1, NULL, '2020-05-03 16:59:18', '2020-05-03 16:59:18'),
(9, '1', 9, 1, 1, NULL, '2020-05-03 16:59:18', '2020-05-03 16:59:18'),
(10, '1', 10, 1, 1, NULL, '2020-05-03 16:59:18', '2020-05-03 16:59:18'),
(11, '1', 11, 1, 1, NULL, '2020-05-03 16:59:18', '2020-05-03 16:59:18'),
(12, '1', 12, 1, 1, NULL, '2020-05-03 16:59:18', '2020-05-03 16:59:18'),
(13, '1', 13, 1, 1, NULL, '2020-05-03 16:59:18', '2020-05-03 16:59:18'),
(14, '1', 14, 1, 1, NULL, '2020-05-03 16:59:18', '2020-05-03 16:59:18'),
(15, '1', 15, 1, 1, NULL, '2020-05-03 16:59:18', '2020-05-03 16:59:18'),
(16, '1', 16, 1, 1, NULL, '2020-05-03 16:59:18', '2020-05-03 16:59:18'),
(17, '1', 17, 1, 1, NULL, '2020-05-03 16:59:18', '2020-05-03 16:59:18'),
(18, '1', 18, 1, 1, NULL, '2020-05-03 16:59:18', '2020-05-03 16:59:18'),
(19, '1', 19, 1, 1, NULL, '2020-05-03 16:59:18', '2020-05-03 16:59:18'),
(20, '1', 20, 1, 1, NULL, '2020-05-03 16:59:18', '2020-05-03 16:59:18'),
(21, '1', 21, 1, 1, NULL, '2020-05-03 16:59:18', '2020-05-03 16:59:18'),
(22, '1', 22, 1, 1, NULL, '2020-05-03 16:59:18', '2020-05-03 16:59:18'),
(23, '1', 23, 1, 1, NULL, '2020-05-03 16:59:18', '2020-05-03 16:59:18'),
(24, '1', 24, 1, 1, NULL, '2020-05-03 16:59:18', '2020-05-03 16:59:18'),
(25, '1', 25, 1, 1, NULL, '2020-05-03 16:59:18', '2020-05-03 16:59:18'),
(26, '1', 26, 1, 1, NULL, '2020-05-03 16:59:18', '2020-05-03 16:59:18'),
(27, '1', 27, 1, 1, NULL, '2020-05-03 16:59:18', '2020-05-03 16:59:18'),
(28, '1', 28, 1, 1, NULL, '2020-05-03 16:59:18', '2020-05-03 16:59:18'),
(29, '1', 29, 1, 1, NULL, '2020-05-03 16:59:18', '2020-05-03 16:59:18'),
(30, '1', 30, 1, 1, NULL, '2020-05-03 16:59:18', '2020-05-03 16:59:18'),
(31, '1', 31, 1, 1, NULL, '2020-05-03 16:59:18', '2020-05-03 16:59:18'),
(32, '1', 32, 1, 1, NULL, '2020-05-03 16:59:18', '2020-05-03 16:59:18'),
(33, '1', 33, 1, 1, NULL, '2020-05-03 16:59:18', '2020-05-03 16:59:18'),
(34, '1', 34, 1, 1, NULL, '2020-05-03 16:59:18', '2020-05-03 16:59:18'),
(35, '1', 35, 1, 1, NULL, '2020-05-03 16:59:18', '2020-05-03 16:59:18'),
(36, '1', 36, 1, 1, NULL, '2020-05-03 16:59:18', '2020-05-03 16:59:18'),
(37, '1', 37, 1, 1, NULL, '2020-05-03 16:59:18', '2020-05-03 16:59:18'),
(38, '1', 38, 1, 1, NULL, '2020-05-03 16:59:18', '2020-05-03 16:59:18'),
(39, '1', 39, 1, 1, NULL, '2020-05-03 16:59:18', '2020-05-03 16:59:18'),
(40, '1', 40, 1, 1, NULL, '2020-05-03 16:59:18', '2020-05-03 16:59:18'),
(41, '1', 41, 1, 1, NULL, '2020-05-03 16:59:18', '2020-05-03 16:59:18'),
(42, '1', 42, 1, 1, NULL, '2020-05-03 16:59:18', '2020-05-03 16:59:18'),
(43, '1', 43, 1, 1, NULL, '2020-05-03 16:59:18', '2020-05-03 16:59:18'),
(44, '1', 44, 1, 1, NULL, '2020-05-03 16:59:18', '2020-05-03 16:59:18'),
(45, '1', 45, 1, 1, NULL, '2020-05-03 16:59:18', '2020-05-03 16:59:18'),
(46, '1', 46, 1, 1, NULL, '2020-05-03 16:59:18', '2020-05-03 16:59:18'),
(47, '1', 47, 1, 1, NULL, '2020-05-03 16:59:18', '2020-05-03 16:59:18'),
(48, '1', 48, 1, 1, NULL, '2020-05-03 16:59:18', '2020-05-03 16:59:18'),
(49, '1', 49, 1, 1, NULL, '2020-05-03 16:59:18', '2020-05-03 16:59:18'),
(50, '1', 50, 1, 1, NULL, '2020-05-03 16:59:18', '2020-05-03 16:59:18'),
(51, '1', 51, 1, 1, NULL, '2020-05-03 16:59:18', '2020-05-03 16:59:18'),
(52, '1', 52, 1, 1, NULL, '2020-05-03 16:59:18', '2020-05-03 16:59:18'),
(53, '1', 53, 1, 1, NULL, '2020-05-03 16:59:18', '2020-05-03 16:59:18'),
(54, '1', 54, 1, 1, NULL, '2020-05-03 16:59:18', '2020-05-03 16:59:18'),
(55, '1', 55, 1, 1, NULL, '2020-05-03 16:59:18', '2020-05-03 16:59:18'),
(56, '1', 56, 1, 1, NULL, '2020-05-03 16:59:18', '2020-05-03 16:59:18'),
(57, '1', 57, 1, 1, NULL, '2020-05-03 16:59:18', '2020-05-03 16:59:18'),
(58, '1', 58, 2, 1, NULL, '2020-05-04 20:12:33', '2020-05-04 20:12:33'),
(59, '1', 59, 2, 1, NULL, '2020-05-04 20:12:33', '2020-05-04 20:12:33'),
(60, '1', 60, 2, 1, NULL, '2020-05-04 20:12:33', '2020-05-04 20:12:33');

-- --------------------------------------------------------

--
-- Estructura de tabla para la tabla `encuesta_puntaje`
--

CREATE TABLE `encuesta_puntaje` (
  `id` bigint(20) UNSIGNED NOT NULL,
  `encuesta_id` bigint(20) UNSIGNED NOT NULL,
  `persona_id` bigint(20) UNSIGNED NOT NULL,
  `created_at` timestamp NULL DEFAULT NULL,
  `updated_at` timestamp NULL DEFAULT NULL
) ENGINE=InnoDB DEFAULT CHARSET=utf8;

--
-- Volcado de datos para la tabla `encuesta_puntaje`
--

INSERT INTO `encuesta_puntaje` (`id`, `encuesta_id`, `persona_id`, `created_at`, `updated_at`) VALUES
(1, 3, 2, '2020-05-03 17:02:11', '2020-05-03 17:02:11'),
(2, 1, 2, '2020-05-03 17:04:30', '2020-05-03 17:04:30'),
(3, 1, 26, '2020-05-03 21:35:12', '2020-05-03 21:35:12'),
(4, 3, 26, '2020-05-03 21:40:04', '2020-05-03 21:40:04'),
(5, 3, 1, '2020-05-03 23:28:14', '2020-05-03 23:28:14'),
(6, 1, 1, '2020-05-03 23:32:00', '2020-05-03 23:32:00'),
(7, 3, 33, '2020-05-03 23:40:13', '2020-05-03 23:40:13'),
(8, 3, 3, '2020-05-03 23:44:04', '2020-05-03 23:44:04'),
(9, 3, 4, '2020-05-03 23:45:48', '2020-05-03 23:45:48'),
(10, 3, 5, '2020-05-03 23:47:17', '2020-05-03 23:47:17'),
(11, 1, 3, '2020-05-04 01:23:23', '2020-05-04 01:23:23'),
(12, 1, 4, '2020-05-04 01:24:42', '2020-05-04 01:24:42'),
(13, 1, 5, '2020-05-04 01:26:19', '2020-05-04 01:26:19'),
(14, 3, 10, '2020-05-04 01:28:07', '2020-05-04 01:28:07'),
(15, 1, 10, '2020-05-04 01:29:20', '2020-05-04 01:29:20'),
(16, 1, 11, '2020-05-04 01:30:24', '2020-05-04 01:30:24'),
(17, 1, 12, '2020-05-04 01:31:25', '2020-05-04 01:31:25'),
(18, 1, 13, '2020-05-04 01:32:31', '2020-05-04 01:32:31'),
(19, 3, 11, '2020-05-04 01:39:53', '2020-05-04 01:39:53'),
(20, 3, 12, '2020-05-04 01:41:30', '2020-05-04 01:41:30'),
(21, 3, 13, '2020-05-04 01:42:37', '2020-05-04 01:42:37'),
(22, 4, 58, '2020-05-04 20:19:22', '2020-05-04 20:19:22'),
(23, 4, 59, '2020-05-04 21:21:58', '2020-05-04 21:21:58'),
(24, 6, 58, '2020-05-05 02:08:24', '2020-05-05 02:08:24'),
(25, 4, 60, '2020-05-05 21:33:01', '2020-05-05 21:33:01'),
(26, 6, 59, '2020-05-07 14:36:44', '2020-05-07 14:36:44');

-- --------------------------------------------------------

--
-- Estructura de tabla para la tabla `encuesta_respuesta`
--

CREATE TABLE `encuesta_respuesta` (
  `id` bigint(20) UNSIGNED NOT NULL,
  `estado` char(1) NOT NULL DEFAULT '1' COMMENT '0-Inactivo/1-Activo',
  `pregunta_id` bigint(20) UNSIGNED NOT NULL,
  `subpregunta_id` bigint(20) UNSIGNED DEFAULT NULL,
  `respuesta_id` bigint(20) UNSIGNED NOT NULL,
  `encuesta_puntaje_id` bigint(20) UNSIGNED NOT NULL,
  `created_at` timestamp NULL DEFAULT NULL,
  `updated_at` timestamp NULL DEFAULT NULL
) ENGINE=InnoDB DEFAULT CHARSET=utf8;

--
-- Volcado de datos para la tabla `encuesta_respuesta`
--

INSERT INTO `encuesta_respuesta` (`id`, `estado`, `pregunta_id`, `subpregunta_id`, `respuesta_id`, `encuesta_puntaje_id`, `created_at`, `updated_at`) VALUES
(1, '1', 1, 1, 4, 1, '2020-05-03 17:02:11', '2020-05-03 17:02:11'),
(2, '1', 1, 2, 4, 1, '2020-05-03 17:02:11', '2020-05-03 17:02:11'),
(3, '1', 1, 3, 6, 1, '2020-05-03 17:02:11', '2020-05-03 17:02:11'),
(4, '1', 2, 1, 2, 1, '2020-05-03 17:02:11', '2020-05-03 17:02:11'),
(5, '1', 2, 2, 4, 1, '2020-05-03 17:02:11', '2020-05-03 17:02:11'),
(6, '1', 2, 3, 6, 1, '2020-05-03 17:02:11', '2020-05-03 17:02:11'),
(7, '1', 3, 1, 4, 1, '2020-05-03 17:02:11', '2020-05-03 17:02:11'),
(8, '1', 3, 2, 4, 1, '2020-05-03 17:02:11', '2020-05-03 17:02:11'),
(9, '1', 3, 3, 6, 1, '2020-05-03 17:02:11', '2020-05-03 17:02:11'),
(10, '1', 4, 1, 4, 1, '2020-05-03 17:02:11', '2020-05-03 17:02:11'),
(11, '1', 4, 2, 4, 1, '2020-05-03 17:02:11', '2020-05-03 17:02:11'),
(12, '1', 4, 3, 6, 1, '2020-05-03 17:02:11', '2020-05-03 17:02:11'),
(13, '1', 5, 1, 4, 1, '2020-05-03 17:02:11', '2020-05-03 17:02:11'),
(14, '1', 5, 2, 4, 1, '2020-05-03 17:02:11', '2020-05-03 17:02:11'),
(15, '1', 5, 3, 6, 1, '2020-05-03 17:02:11', '2020-05-03 17:02:11'),
(16, '1', 6, 1, 4, 1, '2020-05-03 17:02:11', '2020-05-03 17:02:11'),
(17, '1', 6, 2, 4, 1, '2020-05-03 17:02:11', '2020-05-03 17:02:11'),
(18, '1', 6, 3, 6, 1, '2020-05-03 17:02:11', '2020-05-03 17:02:11'),
(19, '1', 7, 1, 4, 1, '2020-05-03 17:02:11', '2020-05-03 17:02:11'),
(20, '1', 7, 2, 4, 1, '2020-05-03 17:02:11', '2020-05-03 17:02:11'),
(21, '1', 7, 3, 6, 1, '2020-05-03 17:02:11', '2020-05-03 17:02:11'),
(22, '1', 8, 1, 4, 1, '2020-05-03 17:02:11', '2020-05-03 17:02:11'),
(23, '1', 8, 2, 4, 1, '2020-05-03 17:02:11', '2020-05-03 17:02:11'),
(24, '1', 8, 3, 6, 1, '2020-05-03 17:02:11', '2020-05-03 17:02:11'),
(25, '1', 9, 1, 4, 1, '2020-05-03 17:02:11', '2020-05-03 17:02:11'),
(26, '1', 9, 2, 4, 1, '2020-05-03 17:02:11', '2020-05-03 17:02:11'),
(27, '1', 9, 3, 6, 1, '2020-05-03 17:02:11', '2020-05-03 17:02:11'),
(28, '1', 10, 1, 4, 1, '2020-05-03 17:02:11', '2020-05-03 17:02:11'),
(29, '1', 10, 2, 4, 1, '2020-05-03 17:02:11', '2020-05-03 17:02:11'),
(30, '1', 10, 3, 6, 1, '2020-05-03 17:02:11', '2020-05-03 17:02:11'),
(31, '1', 11, 1, 4, 1, '2020-05-03 17:02:11', '2020-05-03 17:02:11'),
(32, '1', 11, 2, 4, 1, '2020-05-03 17:02:11', '2020-05-03 17:02:11'),
(33, '1', 11, 3, 6, 1, '2020-05-03 17:02:11', '2020-05-03 17:02:11'),
(34, '1', 12, 1, 4, 1, '2020-05-03 17:02:11', '2020-05-03 17:02:11'),
(35, '1', 12, 2, 4, 1, '2020-05-03 17:02:11', '2020-05-03 17:02:11'),
(36, '1', 12, 3, 6, 1, '2020-05-03 17:02:11', '2020-05-03 17:02:11'),
(37, '1', 13, 1, 4, 1, '2020-05-03 17:02:11', '2020-05-03 17:02:11'),
(38, '1', 13, 2, 4, 1, '2020-05-03 17:02:11', '2020-05-03 17:02:11'),
(39, '1', 13, 3, 6, 1, '2020-05-03 17:02:11', '2020-05-03 17:02:11'),
(40, '1', 14, 1, 4, 1, '2020-05-03 17:02:11', '2020-05-03 17:02:11'),
(41, '1', 14, 2, 4, 1, '2020-05-03 17:02:11', '2020-05-03 17:02:11'),
(42, '1', 14, 3, 6, 1, '2020-05-03 17:02:11', '2020-05-03 17:02:11'),
(43, '1', 15, 1, 4, 1, '2020-05-03 17:02:11', '2020-05-03 17:02:11'),
(44, '1', 15, 2, 4, 1, '2020-05-03 17:02:11', '2020-05-03 17:02:11'),
(45, '1', 15, 3, 6, 1, '2020-05-03 17:02:11', '2020-05-03 17:02:11'),
(46, '1', 16, 1, 4, 1, '2020-05-03 17:02:11', '2020-05-03 17:02:11'),
(47, '1', 16, 2, 4, 1, '2020-05-03 17:02:11', '2020-05-03 17:02:11'),
(48, '1', 16, 3, 6, 1, '2020-05-03 17:02:11', '2020-05-03 17:02:11'),
(49, '1', 17, 1, 4, 1, '2020-05-03 17:02:11', '2020-05-03 17:02:11'),
(50, '1', 17, 2, 4, 1, '2020-05-03 17:02:11', '2020-05-03 17:02:11'),
(51, '1', 17, 3, 6, 1, '2020-05-03 17:02:11', '2020-05-03 17:02:11'),
(52, '1', 18, 1, 4, 1, '2020-05-03 17:02:11', '2020-05-03 17:02:11'),
(53, '1', 18, 2, 4, 1, '2020-05-03 17:02:11', '2020-05-03 17:02:11'),
(54, '1', 18, 3, 6, 1, '2020-05-03 17:02:11', '2020-05-03 17:02:11'),
(55, '1', 19, 1, 4, 1, '2020-05-03 17:02:11', '2020-05-03 17:02:11'),
(56, '1', 19, 2, 4, 1, '2020-05-03 17:02:11', '2020-05-03 17:02:11'),
(57, '1', 19, 3, 6, 1, '2020-05-03 17:02:11', '2020-05-03 17:02:11'),
(58, '1', 20, 1, 4, 1, '2020-05-03 17:02:11', '2020-05-03 17:02:11'),
(59, '1', 20, 2, 4, 1, '2020-05-03 17:02:11', '2020-05-03 17:02:11'),
(60, '1', 20, 3, 6, 1, '2020-05-03 17:02:11', '2020-05-03 17:02:11'),
(61, '1', 21, 1, 4, 1, '2020-05-03 17:02:11', '2020-05-03 17:02:11'),
(62, '1', 21, 2, 4, 1, '2020-05-03 17:02:11', '2020-05-03 17:02:11'),
(63, '1', 21, 3, 6, 1, '2020-05-03 17:02:11', '2020-05-03 17:02:11'),
(64, '1', 22, 1, 4, 1, '2020-05-03 17:02:11', '2020-05-03 17:02:11'),
(65, '1', 22, 2, 4, 1, '2020-05-03 17:02:11', '2020-05-03 17:02:11'),
(66, '1', 22, 3, 6, 1, '2020-05-03 17:02:11', '2020-05-03 17:02:11'),
(67, '1', 23, 1, 4, 1, '2020-05-03 17:02:11', '2020-05-03 17:02:11'),
(68, '1', 23, 2, 4, 1, '2020-05-03 17:02:11', '2020-05-03 17:02:11'),
(69, '1', 23, 3, 6, 1, '2020-05-03 17:02:11', '2020-05-03 17:02:11'),
(70, '1', 24, 1, 4, 1, '2020-05-03 17:02:11', '2020-05-03 17:02:11'),
(71, '1', 24, 2, 4, 1, '2020-05-03 17:02:11', '2020-05-03 17:02:11'),
(72, '1', 24, 3, 6, 1, '2020-05-03 17:02:11', '2020-05-03 17:02:11'),
(73, '1', 25, 1, 4, 1, '2020-05-03 17:02:11', '2020-05-03 17:02:11'),
(74, '1', 25, 2, 4, 1, '2020-05-03 17:02:11', '2020-05-03 17:02:11'),
(75, '1', 25, 3, 6, 1, '2020-05-03 17:02:11', '2020-05-03 17:02:11'),
(76, '1', 26, 1, 4, 1, '2020-05-03 17:02:11', '2020-05-03 17:02:11'),
(77, '1', 26, 2, 4, 1, '2020-05-03 17:02:11', '2020-05-03 17:02:11'),
(78, '1', 26, 3, 6, 1, '2020-05-03 17:02:11', '2020-05-03 17:02:11'),
(79, '1', 27, 1, 4, 1, '2020-05-03 17:02:11', '2020-05-03 17:02:11'),
(80, '1', 27, 2, 4, 1, '2020-05-03 17:02:11', '2020-05-03 17:02:11'),
(81, '1', 27, 3, 6, 1, '2020-05-03 17:02:11', '2020-05-03 17:02:11'),
(82, '1', 28, 1, 4, 1, '2020-05-03 17:02:11', '2020-05-03 17:02:11'),
(83, '1', 28, 2, 4, 1, '2020-05-03 17:02:11', '2020-05-03 17:02:11'),
(84, '1', 28, 3, 6, 1, '2020-05-03 17:02:11', '2020-05-03 17:02:11'),
(85, '1', 29, 1, 4, 1, '2020-05-03 17:02:11', '2020-05-03 17:02:11'),
(86, '1', 29, 2, 4, 1, '2020-05-03 17:02:11', '2020-05-03 17:02:11'),
(87, '1', 29, 3, 6, 1, '2020-05-03 17:02:11', '2020-05-03 17:02:11'),
(88, '1', 30, 1, 4, 1, '2020-05-03 17:02:11', '2020-05-03 17:02:11'),
(89, '1', 30, 2, 4, 1, '2020-05-03 17:02:11', '2020-05-03 17:02:11'),
(90, '1', 30, 3, 6, 1, '2020-05-03 17:02:11', '2020-05-03 17:02:11'),
(91, '1', 31, 1, 4, 1, '2020-05-03 17:02:11', '2020-05-03 17:02:11'),
(92, '1', 31, 2, 4, 1, '2020-05-03 17:02:11', '2020-05-03 17:02:11'),
(93, '1', 31, 3, 6, 1, '2020-05-03 17:02:11', '2020-05-03 17:02:11'),
(94, '1', 32, 1, 4, 1, '2020-05-03 17:02:11', '2020-05-03 17:02:11'),
(95, '1', 32, 2, 4, 1, '2020-05-03 17:02:11', '2020-05-03 17:02:11'),
(96, '1', 32, 3, 6, 1, '2020-05-03 17:02:11', '2020-05-03 17:02:11'),
(97, '1', 33, 1, 4, 1, '2020-05-03 17:02:11', '2020-05-03 17:02:11'),
(98, '1', 33, 2, 4, 1, '2020-05-03 17:02:11', '2020-05-03 17:02:11'),
(99, '1', 33, 3, 6, 1, '2020-05-03 17:02:11', '2020-05-03 17:02:11'),
(100, '1', 34, 1, 4, 1, '2020-05-03 17:02:11', '2020-05-03 17:02:11'),
(101, '1', 34, 2, 4, 1, '2020-05-03 17:02:11', '2020-05-03 17:02:11'),
(102, '1', 34, 3, 6, 1, '2020-05-03 17:02:11', '2020-05-03 17:02:11'),
(103, '1', 35, 1, 4, 1, '2020-05-03 17:02:11', '2020-05-03 17:02:11'),
(104, '1', 35, 2, 4, 1, '2020-05-03 17:02:11', '2020-05-03 17:02:11'),
(105, '1', 35, 3, 6, 1, '2020-05-03 17:02:11', '2020-05-03 17:02:11'),
(106, '1', 36, 1, 4, 1, '2020-05-03 17:02:11', '2020-05-03 17:02:11'),
(107, '1', 36, 2, 4, 1, '2020-05-03 17:02:11', '2020-05-03 17:02:11'),
(108, '1', 36, 3, 6, 1, '2020-05-03 17:02:11', '2020-05-03 17:02:11'),
(109, '1', 37, 1, 4, 1, '2020-05-03 17:02:11', '2020-05-03 17:02:11'),
(110, '1', 37, 2, 4, 1, '2020-05-03 17:02:11', '2020-05-03 17:02:11'),
(111, '1', 37, 3, 6, 1, '2020-05-03 17:02:11', '2020-05-03 17:02:11'),
(112, '1', 38, 1, 4, 1, '2020-05-03 17:02:11', '2020-05-03 17:02:11'),
(113, '1', 38, 2, 4, 1, '2020-05-03 17:02:11', '2020-05-03 17:02:11'),
(114, '1', 38, 3, 6, 1, '2020-05-03 17:02:11', '2020-05-03 17:02:11'),
(115, '1', 39, 1, 4, 1, '2020-05-03 17:02:11', '2020-05-03 17:02:11'),
(116, '1', 39, 2, 4, 1, '2020-05-03 17:02:11', '2020-05-03 17:02:11'),
(117, '1', 39, 3, 6, 1, '2020-05-03 17:02:11', '2020-05-03 17:02:11'),
(118, '1', 40, 1, 4, 1, '2020-05-03 17:02:11', '2020-05-03 17:02:11'),
(119, '1', 40, 2, 4, 1, '2020-05-03 17:02:11', '2020-05-03 17:02:11'),
(120, '1', 40, 3, 6, 1, '2020-05-03 17:02:11', '2020-05-03 17:02:11'),
(121, '1', 41, 1, 4, 1, '2020-05-03 17:02:11', '2020-05-03 17:02:11'),
(122, '1', 41, 2, 4, 1, '2020-05-03 17:02:11', '2020-05-03 17:02:11'),
(123, '1', 41, 3, 6, 1, '2020-05-03 17:02:11', '2020-05-03 17:02:11'),
(124, '1', 42, 1, 4, 1, '2020-05-03 17:02:11', '2020-05-03 17:02:11'),
(125, '1', 42, 2, 4, 1, '2020-05-03 17:02:11', '2020-05-03 17:02:11'),
(126, '1', 42, 3, 6, 1, '2020-05-03 17:02:11', '2020-05-03 17:02:11'),
(127, '1', 43, 1, 4, 1, '2020-05-03 17:02:11', '2020-05-03 17:02:11'),
(128, '1', 43, 2, 4, 1, '2020-05-03 17:02:11', '2020-05-03 17:02:11'),
(129, '1', 43, 3, 6, 1, '2020-05-03 17:02:11', '2020-05-03 17:02:11'),
(130, '1', 44, 1, 4, 1, '2020-05-03 17:02:11', '2020-05-03 17:02:11'),
(131, '1', 44, 2, 4, 1, '2020-05-03 17:02:11', '2020-05-03 17:02:11'),
(132, '1', 44, 3, 6, 1, '2020-05-03 17:02:11', '2020-05-03 17:02:11'),
(133, '1', 45, 1, 4, 1, '2020-05-03 17:02:11', '2020-05-03 17:02:11'),
(134, '1', 45, 2, 4, 1, '2020-05-03 17:02:11', '2020-05-03 17:02:11'),
(135, '1', 45, 3, 6, 1, '2020-05-03 17:02:11', '2020-05-03 17:02:11'),
(136, '1', 46, 1, 4, 1, '2020-05-03 17:02:11', '2020-05-03 17:02:11'),
(137, '1', 46, 2, 4, 1, '2020-05-03 17:02:11', '2020-05-03 17:02:11'),
(138, '1', 46, 3, 6, 1, '2020-05-03 17:02:11', '2020-05-03 17:02:11'),
(139, '1', 47, 1, 4, 1, '2020-05-03 17:02:11', '2020-05-03 17:02:11'),
(140, '1', 47, 2, 4, 1, '2020-05-03 17:02:11', '2020-05-03 17:02:11'),
(141, '1', 47, 3, 6, 1, '2020-05-03 17:02:11', '2020-05-03 17:02:11'),
(142, '1', 48, 1, 4, 1, '2020-05-03 17:02:11', '2020-05-03 17:02:11'),
(143, '1', 48, 2, 4, 1, '2020-05-03 17:02:11', '2020-05-03 17:02:11'),
(144, '1', 48, 3, 6, 1, '2020-05-03 17:02:11', '2020-05-03 17:02:11'),
(145, '1', 49, 1, 4, 1, '2020-05-03 17:02:11', '2020-05-03 17:02:11'),
(146, '1', 49, 2, 4, 1, '2020-05-03 17:02:11', '2020-05-03 17:02:11'),
(147, '1', 49, 3, 6, 1, '2020-05-03 17:02:11', '2020-05-03 17:02:11'),
(148, '1', 50, 1, 4, 1, '2020-05-03 17:02:11', '2020-05-03 17:02:11'),
(149, '1', 50, 2, 4, 1, '2020-05-03 17:02:11', '2020-05-03 17:02:11'),
(150, '1', 50, 3, 6, 1, '2020-05-03 17:02:11', '2020-05-03 17:02:11'),
(151, '1', 51, 1, 4, 1, '2020-05-03 17:02:11', '2020-05-03 17:02:11'),
(152, '1', 51, 2, 4, 1, '2020-05-03 17:02:11', '2020-05-03 17:02:11'),
(153, '1', 51, 3, 6, 1, '2020-05-03 17:02:11', '2020-05-03 17:02:11'),
(154, '1', 52, 1, 4, 1, '2020-05-03 17:02:11', '2020-05-03 17:02:11'),
(155, '1', 52, 2, 4, 1, '2020-05-03 17:02:11', '2020-05-03 17:02:11'),
(156, '1', 52, 3, 6, 1, '2020-05-03 17:02:11', '2020-05-03 17:02:11'),
(157, '1', 53, 1, 4, 1, '2020-05-03 17:02:11', '2020-05-03 17:02:11'),
(158, '1', 53, 2, 4, 1, '2020-05-03 17:02:11', '2020-05-03 17:02:11'),
(159, '1', 53, 3, 6, 1, '2020-05-03 17:02:11', '2020-05-03 17:02:11'),
(160, '1', 54, 1, 4, 1, '2020-05-03 17:02:11', '2020-05-03 17:02:11'),
(161, '1', 54, 2, 4, 1, '2020-05-03 17:02:11', '2020-05-03 17:02:11'),
(162, '1', 54, 3, 6, 1, '2020-05-03 17:02:11', '2020-05-03 17:02:11'),
(163, '1', 55, 1, 4, 1, '2020-05-03 17:02:11', '2020-05-03 17:02:11'),
(164, '1', 55, 2, 4, 1, '2020-05-03 17:02:11', '2020-05-03 17:02:11'),
(165, '1', 55, 3, 6, 1, '2020-05-03 17:02:11', '2020-05-03 17:02:11'),
(166, '1', 56, 1, 1, 1, '2020-05-03 17:02:11', '2020-05-03 17:02:11'),
(167, '1', 56, 2, 1, 1, '2020-05-03 17:02:11', '2020-05-03 17:02:11'),
(168, '1', 56, 3, 5, 1, '2020-05-03 17:02:11', '2020-05-03 17:02:11'),
(169, '1', 57, 1, 1, 1, '2020-05-03 17:02:11', '2020-05-03 17:02:11'),
(170, '1', 57, 2, 1, 1, '2020-05-03 17:02:11', '2020-05-03 17:02:11'),
(171, '1', 57, 3, 5, 1, '2020-05-03 17:02:11', '2020-05-03 17:02:11'),
(172, '1', 58, 1, 1, 1, '2020-05-03 17:02:11', '2020-05-03 17:02:11'),
(173, '1', 58, 2, 1, 1, '2020-05-03 17:02:11', '2020-05-03 17:02:11'),
(174, '1', 58, 3, 5, 1, '2020-05-03 17:02:11', '2020-05-03 17:02:11'),
(175, '1', 59, 1, 1, 1, '2020-05-03 17:02:11', '2020-05-03 17:02:11'),
(176, '1', 59, 2, 1, 1, '2020-05-03 17:02:11', '2020-05-03 17:02:11'),
(177, '1', 59, 3, 5, 1, '2020-05-03 17:02:11', '2020-05-03 17:02:11'),
(178, '1', 60, 1, 1, 1, '2020-05-03 17:02:11', '2020-05-03 17:02:11'),
(179, '1', 60, 2, 1, 1, '2020-05-03 17:02:11', '2020-05-03 17:02:11'),
(180, '1', 60, 3, 5, 1, '2020-05-03 17:02:11', '2020-05-03 17:02:11'),
(181, '1', 61, 1, 1, 1, '2020-05-03 17:02:11', '2020-05-03 17:02:11'),
(182, '1', 61, 2, 1, 1, '2020-05-03 17:02:11', '2020-05-03 17:02:11'),
(183, '1', 61, 3, 5, 1, '2020-05-03 17:02:11', '2020-05-03 17:02:11'),
(184, '1', 62, 1, 1, 1, '2020-05-03 17:02:11', '2020-05-03 17:02:11'),
(185, '1', 62, 2, 1, 1, '2020-05-03 17:02:11', '2020-05-03 17:02:11'),
(186, '1', 62, 3, 5, 1, '2020-05-03 17:02:11', '2020-05-03 17:02:11'),
(187, '1', 63, 1, 1, 1, '2020-05-03 17:02:11', '2020-05-03 17:02:11'),
(188, '1', 63, 2, 1, 1, '2020-05-03 17:02:11', '2020-05-03 17:02:11'),
(189, '1', 63, 3, 5, 1, '2020-05-03 17:02:11', '2020-05-03 17:02:11'),
(190, '1', 64, 1, 1, 1, '2020-05-03 17:02:11', '2020-05-03 17:02:11'),
(191, '1', 64, 2, 1, 1, '2020-05-03 17:02:11', '2020-05-03 17:02:11'),
(192, '1', 64, 3, 5, 1, '2020-05-03 17:02:11', '2020-05-03 17:02:11'),
(193, '1', 65, 1, 1, 1, '2020-05-03 17:02:11', '2020-05-03 17:02:11'),
(194, '1', 65, 2, 1, 1, '2020-05-03 17:02:11', '2020-05-03 17:02:11'),
(195, '1', 65, 3, 5, 1, '2020-05-03 17:02:11', '2020-05-03 17:02:11'),
(196, '1', 66, 1, 1, 1, '2020-05-03 17:02:11', '2020-05-03 17:02:11'),
(197, '1', 66, 2, 1, 1, '2020-05-03 17:02:11', '2020-05-03 17:02:11'),
(198, '1', 66, 3, 5, 1, '2020-05-03 17:02:11', '2020-05-03 17:02:11'),
(199, '1', 67, 1, 1, 1, '2020-05-03 17:02:11', '2020-05-03 17:02:11'),
(200, '1', 67, 2, 1, 1, '2020-05-03 17:02:11', '2020-05-03 17:02:11'),
(201, '1', 67, 3, 5, 1, '2020-05-03 17:02:11', '2020-05-03 17:02:11'),
(202, '1', 68, 1, 1, 1, '2020-05-03 17:02:11', '2020-05-03 17:02:11'),
(203, '1', 68, 2, 1, 1, '2020-05-03 17:02:11', '2020-05-03 17:02:11'),
(204, '1', 68, 3, 5, 1, '2020-05-03 17:02:11', '2020-05-03 17:02:11'),
(205, '1', 69, 1, 1, 1, '2020-05-03 17:02:11', '2020-05-03 17:02:11'),
(206, '1', 69, 2, 1, 1, '2020-05-03 17:02:11', '2020-05-03 17:02:11'),
(207, '1', 69, 3, 5, 1, '2020-05-03 17:02:11', '2020-05-03 17:02:11'),
(208, '1', 70, 1, 1, 1, '2020-05-03 17:02:11', '2020-05-03 17:02:11'),
(209, '1', 70, 2, 1, 1, '2020-05-03 17:02:11', '2020-05-03 17:02:11'),
(210, '1', 70, 3, 5, 1, '2020-05-03 17:02:11', '2020-05-03 17:02:11'),
(211, '1', 71, 1, 1, 1, '2020-05-03 17:02:11', '2020-05-03 17:02:11'),
(212, '1', 71, 2, 1, 1, '2020-05-03 17:02:11', '2020-05-03 17:02:11'),
(213, '1', 71, 3, 5, 1, '2020-05-03 17:02:11', '2020-05-03 17:02:11'),
(214, '1', 72, 1, 1, 1, '2020-05-03 17:02:11', '2020-05-03 17:02:11'),
(215, '1', 72, 2, 1, 1, '2020-05-03 17:02:11', '2020-05-03 17:02:11'),
(216, '1', 72, 3, 5, 1, '2020-05-03 17:02:11', '2020-05-03 17:02:11'),
(217, '1', 73, 1, 1, 1, '2020-05-03 17:02:11', '2020-05-03 17:02:11'),
(218, '1', 73, 2, 1, 1, '2020-05-03 17:02:11', '2020-05-03 17:02:11'),
(219, '1', 73, 3, 5, 1, '2020-05-03 17:02:11', '2020-05-03 17:02:11'),
(220, '1', 74, 1, 1, 1, '2020-05-03 17:02:11', '2020-05-03 17:02:11'),
(221, '1', 74, 2, 1, 1, '2020-05-03 17:02:11', '2020-05-03 17:02:11'),
(222, '1', 74, 3, 5, 1, '2020-05-03 17:02:11', '2020-05-03 17:02:11'),
(223, '1', 75, 1, 1, 1, '2020-05-03 17:02:11', '2020-05-03 17:02:11'),
(224, '1', 75, 2, 1, 1, '2020-05-03 17:02:11', '2020-05-03 17:02:11'),
(225, '1', 75, 3, 5, 1, '2020-05-03 17:02:11', '2020-05-03 17:02:11'),
(226, '1', 76, 1, 1, 1, '2020-05-03 17:02:11', '2020-05-03 17:02:11'),
(227, '1', 76, 2, 1, 1, '2020-05-03 17:02:11', '2020-05-03 17:02:11'),
(228, '1', 76, 3, 5, 1, '2020-05-03 17:02:11', '2020-05-03 17:02:11'),
(229, '1', 77, 1, 1, 1, '2020-05-03 17:02:11', '2020-05-03 17:02:11'),
(230, '1', 77, 2, 1, 1, '2020-05-03 17:02:11', '2020-05-03 17:02:11'),
(231, '1', 77, 3, 5, 1, '2020-05-03 17:02:11', '2020-05-03 17:02:11'),
(232, '1', 78, 1, 1, 1, '2020-05-03 17:02:11', '2020-05-03 17:02:11'),
(233, '1', 78, 2, 1, 1, '2020-05-03 17:02:11', '2020-05-03 17:02:11'),
(234, '1', 78, 3, 5, 1, '2020-05-03 17:02:11', '2020-05-03 17:02:11'),
(235, '1', 79, 1, 1, 1, '2020-05-03 17:02:11', '2020-05-03 17:02:11'),
(236, '1', 79, 2, 1, 1, '2020-05-03 17:02:11', '2020-05-03 17:02:11'),
(237, '1', 79, 3, 5, 1, '2020-05-03 17:02:11', '2020-05-03 17:02:11'),
(238, '1', 80, 1, 1, 1, '2020-05-03 17:02:11', '2020-05-03 17:02:11'),
(239, '1', 80, 2, 1, 1, '2020-05-03 17:02:11', '2020-05-03 17:02:11'),
(240, '1', 80, 3, 5, 1, '2020-05-03 17:02:11', '2020-05-03 17:02:11'),
(241, '1', 81, 1, 1, 1, '2020-05-03 17:02:11', '2020-05-03 17:02:11'),
(242, '1', 81, 2, 1, 1, '2020-05-03 17:02:11', '2020-05-03 17:02:11'),
(243, '1', 81, 3, 5, 1, '2020-05-03 17:02:11', '2020-05-03 17:02:11'),
(244, '1', 82, 1, 1, 1, '2020-05-03 17:02:11', '2020-05-03 17:02:11'),
(245, '1', 82, 2, 1, 1, '2020-05-03 17:02:11', '2020-05-03 17:02:11'),
(246, '1', 82, 3, 5, 1, '2020-05-03 17:02:11', '2020-05-03 17:02:11'),
(247, '1', 83, NULL, 7, 2, '2020-05-03 17:04:30', '2020-05-03 17:04:30'),
(248, '1', 84, NULL, 7, 2, '2020-05-03 17:04:30', '2020-05-03 17:04:30'),
(249, '1', 85, NULL, 7, 2, '2020-05-03 17:04:30', '2020-05-03 17:04:30'),
(250, '1', 86, NULL, 7, 2, '2020-05-03 17:04:30', '2020-05-03 17:04:30'),
(251, '1', 87, NULL, 13, 2, '2020-05-03 17:04:30', '2020-05-03 17:04:30'),
(252, '1', 88, NULL, 13, 2, '2020-05-03 17:04:30', '2020-05-03 17:04:30'),
(253, '1', 89, NULL, 13, 2, '2020-05-03 17:04:30', '2020-05-03 17:04:30'),
(254, '1', 90, NULL, 13, 2, '2020-05-03 17:04:30', '2020-05-03 17:04:30'),
(255, '1', 91, NULL, 13, 2, '2020-05-03 17:04:30', '2020-05-03 17:04:30'),
(256, '1', 92, NULL, 13, 2, '2020-05-03 17:04:30', '2020-05-03 17:04:30'),
(257, '1', 93, NULL, 13, 2, '2020-05-03 17:04:30', '2020-05-03 17:04:30'),
(258, '1', 94, NULL, 13, 2, '2020-05-03 17:04:30', '2020-05-03 17:04:30'),
(259, '1', 95, NULL, 13, 2, '2020-05-03 17:04:30', '2020-05-03 17:04:30'),
(260, '1', 96, NULL, 13, 2, '2020-05-03 17:04:30', '2020-05-03 17:04:30'),
(261, '1', 97, NULL, 13, 2, '2020-05-03 17:04:30', '2020-05-03 17:04:30'),
(262, '1', 98, NULL, 13, 2, '2020-05-03 17:04:30', '2020-05-03 17:04:30'),
(263, '1', 99, NULL, 13, 2, '2020-05-03 17:04:30', '2020-05-03 17:04:30'),
(264, '1', 100, NULL, 13, 2, '2020-05-03 17:04:30', '2020-05-03 17:04:30'),
(265, '1', 101, NULL, 13, 2, '2020-05-03 17:04:30', '2020-05-03 17:04:30'),
(266, '1', 102, NULL, 13, 2, '2020-05-03 17:04:30', '2020-05-03 17:04:30'),
(267, '1', 103, NULL, 13, 2, '2020-05-03 17:04:30', '2020-05-03 17:04:30'),
(268, '1', 104, NULL, 13, 2, '2020-05-03 17:04:30', '2020-05-03 17:04:30'),
(269, '1', 105, NULL, 13, 2, '2020-05-03 17:04:30', '2020-05-03 17:04:30'),
(270, '1', 106, NULL, 13, 2, '2020-05-03 17:04:30', '2020-05-03 17:04:30'),
(271, '1', 107, NULL, 13, 2, '2020-05-03 17:04:30', '2020-05-03 17:04:30'),
(272, '1', 108, NULL, 13, 2, '2020-05-03 17:04:30', '2020-05-03 17:04:30'),
(273, '1', 109, NULL, 13, 2, '2020-05-03 17:04:30', '2020-05-03 17:04:30'),
(274, '1', 110, NULL, 13, 2, '2020-05-03 17:04:30', '2020-05-03 17:04:30'),
(275, '1', 111, NULL, 13, 2, '2020-05-03 17:04:30', '2020-05-03 17:04:30'),
(276, '1', 112, NULL, 13, 2, '2020-05-03 17:04:30', '2020-05-03 17:04:30'),
(277, '1', 113, NULL, 13, 2, '2020-05-03 17:04:30', '2020-05-03 17:04:30'),
(278, '1', 114, NULL, 13, 2, '2020-05-03 17:04:30', '2020-05-03 17:04:30'),
(279, '1', 115, NULL, 13, 2, '2020-05-03 17:04:30', '2020-05-03 17:04:30'),
(280, '1', 116, NULL, 13, 2, '2020-05-03 17:04:30', '2020-05-03 17:04:30'),
(281, '1', 117, NULL, 13, 2, '2020-05-03 17:04:30', '2020-05-03 17:04:30'),
(282, '1', 118, NULL, 13, 2, '2020-05-03 17:04:30', '2020-05-03 17:04:30'),
(283, '1', 119, NULL, 13, 2, '2020-05-03 17:04:30', '2020-05-03 17:04:30'),
(284, '1', 120, NULL, 13, 2, '2020-05-03 17:04:30', '2020-05-03 17:04:30'),
(285, '1', 121, NULL, 13, 2, '2020-05-03 17:04:30', '2020-05-03 17:04:30'),
(286, '1', 122, NULL, 13, 2, '2020-05-03 17:04:30', '2020-05-03 17:04:30'),
(287, '1', 123, NULL, 13, 2, '2020-05-03 17:04:30', '2020-05-03 17:04:30'),
(288, '1', 124, NULL, 13, 2, '2020-05-03 17:04:30', '2020-05-03 17:04:30'),
(289, '1', 125, NULL, 13, 2, '2020-05-03 17:04:30', '2020-05-03 17:04:30'),
(290, '1', 126, NULL, 13, 2, '2020-05-03 17:04:30', '2020-05-03 17:04:30'),
(291, '1', 127, NULL, 13, 2, '2020-05-03 17:04:30', '2020-05-03 17:04:30'),
(292, '1', 128, NULL, 13, 2, '2020-05-03 17:04:30', '2020-05-03 17:04:30'),
(293, '1', 129, NULL, 13, 2, '2020-05-03 17:04:30', '2020-05-03 17:04:30'),
(294, '1', 130, NULL, 13, 2, '2020-05-03 17:04:30', '2020-05-03 17:04:30'),
(295, '1', 131, NULL, 13, 2, '2020-05-03 17:04:30', '2020-05-03 17:04:30'),
(296, '1', 132, NULL, 13, 2, '2020-05-03 17:04:30', '2020-05-03 17:04:30'),
(297, '1', 133, NULL, 13, 2, '2020-05-03 17:04:30', '2020-05-03 17:04:30'),
(298, '1', 134, NULL, 13, 2, '2020-05-03 17:04:30', '2020-05-03 17:04:30'),
(299, '1', 135, NULL, 13, 2, '2020-05-03 17:04:30', '2020-05-03 17:04:30'),
(300, '1', 136, NULL, 13, 2, '2020-05-03 17:04:30', '2020-05-03 17:04:30'),
(301, '1', 137, NULL, 11, 2, '2020-05-03 17:04:30', '2020-05-03 17:04:30'),
(302, '1', 138, NULL, 11, 2, '2020-05-03 17:04:30', '2020-05-03 17:04:30'),
(303, '1', 139, NULL, 11, 2, '2020-05-03 17:04:30', '2020-05-03 17:04:30'),
(304, '1', 140, NULL, 11, 2, '2020-05-03 17:04:30', '2020-05-03 17:04:30'),
(305, '1', 141, NULL, 11, 2, '2020-05-03 17:04:30', '2020-05-03 17:04:30'),
(306, '1', 142, NULL, 11, 2, '2020-05-03 17:04:30', '2020-05-03 17:04:30'),
(307, '1', 143, NULL, 13, 2, '2020-05-03 17:04:30', '2020-05-03 17:04:30'),
(308, '1', 144, NULL, 13, 2, '2020-05-03 17:04:30', '2020-05-03 17:04:30'),
(309, '1', 145, NULL, 13, 2, '2020-05-03 17:04:30', '2020-05-03 17:04:30'),
(310, '1', 146, NULL, 10, 2, '2020-05-03 17:04:30', '2020-05-03 17:04:30'),
(311, '1', 147, NULL, 10, 2, '2020-05-03 17:04:30', '2020-05-03 17:04:30'),
(312, '1', 148, NULL, 10, 2, '2020-05-03 17:04:30', '2020-05-03 17:04:30'),
(313, '1', 149, NULL, 13, 2, '2020-05-03 17:04:30', '2020-05-03 17:04:30'),
(314, '1', 150, NULL, 13, 2, '2020-05-03 17:04:30', '2020-05-03 17:04:30'),
(315, '1', 151, NULL, 13, 2, '2020-05-03 17:04:30', '2020-05-03 17:04:30'),
(316, '1', 152, NULL, 10, 2, '2020-05-03 17:04:30', '2020-05-03 17:04:30'),
(317, '1', 153, NULL, 10, 2, '2020-05-03 17:04:30', '2020-05-03 17:04:30'),
(318, '1', 154, NULL, 10, 2, '2020-05-03 17:04:30', '2020-05-03 17:04:30'),
(319, '1', 155, NULL, 13, 2, '2020-05-03 17:04:30', '2020-05-03 17:04:30'),
(320, '1', 156, NULL, 13, 2, '2020-05-03 17:04:30', '2020-05-03 17:04:30'),
(321, '1', 157, NULL, 13, 2, '2020-05-03 17:04:30', '2020-05-03 17:04:30'),
(322, '1', 158, NULL, 11, 2, '2020-05-03 17:04:30', '2020-05-03 17:04:30'),
(323, '1', 159, NULL, 11, 2, '2020-05-03 17:04:30', '2020-05-03 17:04:30'),
(324, '1', 160, NULL, 11, 2, '2020-05-03 17:04:30', '2020-05-03 17:04:30'),
(325, '1', 161, NULL, 13, 2, '2020-05-03 17:04:30', '2020-05-03 17:04:30'),
(326, '1', 162, NULL, 13, 2, '2020-05-03 17:04:30', '2020-05-03 17:04:30'),
(327, '1', 163, NULL, 13, 2, '2020-05-03 17:04:30', '2020-05-03 17:04:30'),
(328, '1', 164, NULL, 8, 2, '2020-05-03 17:04:30', '2020-05-03 17:04:30'),
(329, '1', 165, NULL, 8, 2, '2020-05-03 17:04:30', '2020-05-03 17:04:30'),
(330, '1', 166, NULL, 9, 2, '2020-05-03 17:04:30', '2020-05-03 17:04:30'),
(331, '1', 167, NULL, 13, 2, '2020-05-03 17:04:30', '2020-05-03 17:04:30'),
(332, '1', 168, NULL, 13, 2, '2020-05-03 17:04:30', '2020-05-03 17:04:30'),
(333, '1', 169, NULL, 13, 2, '2020-05-03 17:04:30', '2020-05-03 17:04:30'),
(334, '1', 170, NULL, 10, 2, '2020-05-03 17:04:30', '2020-05-03 17:04:30'),
(335, '1', 171, NULL, 10, 2, '2020-05-03 17:04:30', '2020-05-03 17:04:30'),
(336, '1', 172, NULL, 10, 2, '2020-05-03 17:04:30', '2020-05-03 17:04:30'),
(337, '1', 173, NULL, 13, 2, '2020-05-03 17:04:30', '2020-05-03 17:04:30'),
(338, '1', 174, NULL, 13, 2, '2020-05-03 17:04:30', '2020-05-03 17:04:30'),
(339, '1', 175, NULL, 13, 2, '2020-05-03 17:04:30', '2020-05-03 17:04:30'),
(340, '1', 176, NULL, 13, 2, '2020-05-03 17:04:30', '2020-05-03 17:04:30'),
(341, '1', 177, NULL, 13, 2, '2020-05-03 17:04:30', '2020-05-03 17:04:30'),
(342, '1', 178, NULL, 13, 2, '2020-05-03 17:04:30', '2020-05-03 17:04:30'),
(343, '1', 179, NULL, 13, 2, '2020-05-03 17:04:30', '2020-05-03 17:04:30'),
(344, '1', 180, NULL, 7, 2, '2020-05-03 17:04:30', '2020-05-03 17:04:30'),
(345, '1', 181, NULL, 7, 2, '2020-05-03 17:04:30', '2020-05-03 17:04:30'),
(346, '1', 182, NULL, 7, 2, '2020-05-03 17:04:30', '2020-05-03 17:04:30'),
(347, '1', 183, NULL, 7, 2, '2020-05-03 17:04:30', '2020-05-03 17:04:30'),
(348, '1', 184, NULL, 7, 2, '2020-05-03 17:04:30', '2020-05-03 17:04:30'),
(349, '1', 185, NULL, 7, 2, '2020-05-03 17:04:30', '2020-05-03 17:04:30'),
(350, '1', 186, NULL, 7, 2, '2020-05-03 17:04:30', '2020-05-03 17:04:30'),
(351, '1', 187, NULL, 7, 2, '2020-05-03 17:04:30', '2020-05-03 17:04:30'),
(352, '1', 188, NULL, 7, 2, '2020-05-03 17:04:30', '2020-05-03 17:04:30'),
(353, '1', 189, NULL, 7, 2, '2020-05-03 17:04:30', '2020-05-03 17:04:30'),
(354, '1', 190, NULL, 7, 2, '2020-05-03 17:04:30', '2020-05-03 17:04:30'),
(355, '1', 191, NULL, 7, 2, '2020-05-03 17:04:30', '2020-05-03 17:04:30'),
(356, '1', 192, NULL, 7, 2, '2020-05-03 17:04:30', '2020-05-03 17:04:30'),
(357, '1', 193, NULL, 7, 2, '2020-05-03 17:04:30', '2020-05-03 17:04:30'),
(358, '1', 194, NULL, 7, 2, '2020-05-03 17:04:30', '2020-05-03 17:04:30'),
(359, '1', 195, NULL, 7, 2, '2020-05-03 17:04:30', '2020-05-03 17:04:30'),
(360, '1', 196, NULL, 7, 2, '2020-05-03 17:04:30', '2020-05-03 17:04:30'),
(361, '1', 197, NULL, 7, 2, '2020-05-03 17:04:30', '2020-05-03 17:04:30'),
(362, '1', 198, NULL, 7, 2, '2020-05-03 17:04:30', '2020-05-03 17:04:30'),
(363, '1', 199, NULL, 7, 2, '2020-05-03 17:04:30', '2020-05-03 17:04:30'),
(364, '1', 200, NULL, 7, 2, '2020-05-03 17:04:30', '2020-05-03 17:04:30'),
(365, '1', 201, NULL, 7, 2, '2020-05-03 17:04:30', '2020-05-03 17:04:30'),
(366, '1', 202, NULL, 7, 2, '2020-05-03 17:04:30', '2020-05-03 17:04:30'),
(367, '1', 203, NULL, 7, 2, '2020-05-03 17:04:30', '2020-05-03 17:04:30'),
(368, '1', 204, NULL, 7, 2, '2020-05-03 17:04:30', '2020-05-03 17:04:30'),
(369, '1', 205, NULL, 7, 2, '2020-05-03 17:04:30', '2020-05-03 17:04:30'),
(370, '1', 206, NULL, 7, 2, '2020-05-03 17:04:30', '2020-05-03 17:04:30'),
(371, '1', 207, NULL, 7, 2, '2020-05-03 17:04:30', '2020-05-03 17:04:30'),
(372, '1', 208, NULL, 7, 2, '2020-05-03 17:04:30', '2020-05-03 17:04:30'),
(373, '1', 209, NULL, 7, 2, '2020-05-03 17:04:30', '2020-05-03 17:04:30'),
(374, '1', 210, NULL, 7, 2, '2020-05-03 17:04:30', '2020-05-03 17:04:30'),
(375, '1', 211, NULL, 7, 2, '2020-05-03 17:04:30', '2020-05-03 17:04:30'),
(376, '1', 212, NULL, 7, 2, '2020-05-03 17:04:30', '2020-05-03 17:04:30'),
(377, '1', 83, NULL, 13, 3, '2020-05-03 21:35:12', '2020-05-03 21:35:12'),
(378, '1', 84, NULL, 13, 3, '2020-05-03 21:35:12', '2020-05-03 21:35:12'),
(379, '1', 85, NULL, 13, 3, '2020-05-03 21:35:12', '2020-05-03 21:35:12'),
(380, '1', 86, NULL, 13, 3, '2020-05-03 21:35:12', '2020-05-03 21:35:12'),
(381, '1', 87, NULL, 13, 3, '2020-05-03 21:35:12', '2020-05-03 21:35:12'),
(382, '1', 88, NULL, 13, 3, '2020-05-03 21:35:12', '2020-05-03 21:35:12'),
(383, '1', 89, NULL, 13, 3, '2020-05-03 21:35:12', '2020-05-03 21:35:12'),
(384, '1', 90, NULL, 7, 3, '2020-05-03 21:35:12', '2020-05-03 21:35:12'),
(385, '1', 91, NULL, 13, 3, '2020-05-03 21:35:12', '2020-05-03 21:35:12'),
(386, '1', 92, NULL, 13, 3, '2020-05-03 21:35:12', '2020-05-03 21:35:12'),
(387, '1', 93, NULL, 13, 3, '2020-05-03 21:35:12', '2020-05-03 21:35:12'),
(388, '1', 94, NULL, 13, 3, '2020-05-03 21:35:12', '2020-05-03 21:35:12'),
(389, '1', 95, NULL, 13, 3, '2020-05-03 21:35:12', '2020-05-03 21:35:12'),
(390, '1', 96, NULL, 13, 3, '2020-05-03 21:35:12', '2020-05-03 21:35:12'),
(391, '1', 97, NULL, 13, 3, '2020-05-03 21:35:12', '2020-05-03 21:35:12'),
(392, '1', 98, NULL, 8, 3, '2020-05-03 21:35:12', '2020-05-03 21:35:12'),
(393, '1', 99, NULL, 7, 3, '2020-05-03 21:35:12', '2020-05-03 21:35:12'),
(394, '1', 100, NULL, 7, 3, '2020-05-03 21:35:12', '2020-05-03 21:35:12'),
(395, '1', 101, NULL, 7, 3, '2020-05-03 21:35:12', '2020-05-03 21:35:12'),
(396, '1', 102, NULL, 7, 3, '2020-05-03 21:35:12', '2020-05-03 21:35:12'),
(397, '1', 103, NULL, 7, 3, '2020-05-03 21:35:12', '2020-05-03 21:35:12'),
(398, '1', 104, NULL, 7, 3, '2020-05-03 21:35:12', '2020-05-03 21:35:12'),
(399, '1', 105, NULL, 7, 3, '2020-05-03 21:35:12', '2020-05-03 21:35:12'),
(400, '1', 106, NULL, 7, 3, '2020-05-03 21:35:12', '2020-05-03 21:35:12'),
(401, '1', 107, NULL, 7, 3, '2020-05-03 21:35:12', '2020-05-03 21:35:12'),
(402, '1', 108, NULL, 7, 3, '2020-05-03 21:35:12', '2020-05-03 21:35:12'),
(403, '1', 109, NULL, 7, 3, '2020-05-03 21:35:12', '2020-05-03 21:35:12'),
(404, '1', 110, NULL, 13, 3, '2020-05-03 21:35:12', '2020-05-03 21:35:12'),
(405, '1', 111, NULL, 13, 3, '2020-05-03 21:35:12', '2020-05-03 21:35:12'),
(406, '1', 112, NULL, 7, 3, '2020-05-03 21:35:12', '2020-05-03 21:35:12'),
(407, '1', 113, NULL, 7, 3, '2020-05-03 21:35:12', '2020-05-03 21:35:12'),
(408, '1', 114, NULL, 7, 3, '2020-05-03 21:35:12', '2020-05-03 21:35:12'),
(409, '1', 115, NULL, 7, 3, '2020-05-03 21:35:12', '2020-05-03 21:35:12'),
(410, '1', 116, NULL, 8, 3, '2020-05-03 21:35:12', '2020-05-03 21:35:12'),
(411, '1', 117, NULL, 8, 3, '2020-05-03 21:35:12', '2020-05-03 21:35:12'),
(412, '1', 118, NULL, 13, 3, '2020-05-03 21:35:12', '2020-05-03 21:35:12'),
(413, '1', 119, NULL, 7, 3, '2020-05-03 21:35:12', '2020-05-03 21:35:12'),
(414, '1', 120, NULL, 7, 3, '2020-05-03 21:35:12', '2020-05-03 21:35:12'),
(415, '1', 121, NULL, 7, 3, '2020-05-03 21:35:12', '2020-05-03 21:35:12'),
(416, '1', 122, NULL, 13, 3, '2020-05-03 21:35:12', '2020-05-03 21:35:12'),
(417, '1', 123, NULL, 13, 3, '2020-05-03 21:35:12', '2020-05-03 21:35:12'),
(418, '1', 124, NULL, 13, 3, '2020-05-03 21:35:12', '2020-05-03 21:35:12'),
(419, '1', 125, NULL, 13, 3, '2020-05-03 21:35:12', '2020-05-03 21:35:12'),
(420, '1', 126, NULL, 13, 3, '2020-05-03 21:35:12', '2020-05-03 21:35:12'),
(421, '1', 127, NULL, 13, 3, '2020-05-03 21:35:12', '2020-05-03 21:35:12'),
(422, '1', 128, NULL, 7, 3, '2020-05-03 21:35:12', '2020-05-03 21:35:12'),
(423, '1', 129, NULL, 7, 3, '2020-05-03 21:35:12', '2020-05-03 21:35:12'),
(424, '1', 130, NULL, 7, 3, '2020-05-03 21:35:12', '2020-05-03 21:35:12'),
(425, '1', 131, NULL, 7, 3, '2020-05-03 21:35:12', '2020-05-03 21:35:12'),
(426, '1', 132, NULL, 7, 3, '2020-05-03 21:35:12', '2020-05-03 21:35:12'),
(427, '1', 133, NULL, 11, 3, '2020-05-03 21:35:12', '2020-05-03 21:35:12'),
(428, '1', 134, NULL, 9, 3, '2020-05-03 21:35:12', '2020-05-03 21:35:12'),
(429, '1', 135, NULL, 9, 3, '2020-05-03 21:35:12', '2020-05-03 21:35:12'),
(430, '1', 136, NULL, 9, 3, '2020-05-03 21:35:12', '2020-05-03 21:35:12'),
(431, '1', 137, NULL, 7, 3, '2020-05-03 21:35:12', '2020-05-03 21:35:12'),
(432, '1', 138, NULL, 7, 3, '2020-05-03 21:35:12', '2020-05-03 21:35:12'),
(433, '1', 139, NULL, 7, 3, '2020-05-03 21:35:12', '2020-05-03 21:35:12'),
(434, '1', 140, NULL, 7, 3, '2020-05-03 21:35:12', '2020-05-03 21:35:12'),
(435, '1', 141, NULL, 7, 3, '2020-05-03 21:35:12', '2020-05-03 21:35:12'),
(436, '1', 142, NULL, 7, 3, '2020-05-03 21:35:12', '2020-05-03 21:35:12'),
(437, '1', 143, NULL, 7, 3, '2020-05-03 21:35:12', '2020-05-03 21:35:12'),
(438, '1', 144, NULL, 7, 3, '2020-05-03 21:35:12', '2020-05-03 21:35:12'),
(439, '1', 145, NULL, 7, 3, '2020-05-03 21:35:12', '2020-05-03 21:35:12'),
(440, '1', 146, NULL, 7, 3, '2020-05-03 21:35:12', '2020-05-03 21:35:12'),
(441, '1', 147, NULL, 7, 3, '2020-05-03 21:35:13', '2020-05-03 21:35:13'),
(442, '1', 148, NULL, 7, 3, '2020-05-03 21:35:13', '2020-05-03 21:35:13'),
(443, '1', 149, NULL, 7, 3, '2020-05-03 21:35:13', '2020-05-03 21:35:13'),
(444, '1', 150, NULL, 7, 3, '2020-05-03 21:35:13', '2020-05-03 21:35:13'),
(445, '1', 151, NULL, 7, 3, '2020-05-03 21:35:13', '2020-05-03 21:35:13'),
(446, '1', 152, NULL, 7, 3, '2020-05-03 21:35:13', '2020-05-03 21:35:13'),
(447, '1', 153, NULL, 7, 3, '2020-05-03 21:35:13', '2020-05-03 21:35:13'),
(448, '1', 154, NULL, 7, 3, '2020-05-03 21:35:13', '2020-05-03 21:35:13'),
(449, '1', 155, NULL, 7, 3, '2020-05-03 21:35:13', '2020-05-03 21:35:13'),
(450, '1', 156, NULL, 7, 3, '2020-05-03 21:35:13', '2020-05-03 21:35:13'),
(451, '1', 157, NULL, 7, 3, '2020-05-03 21:35:13', '2020-05-03 21:35:13'),
(452, '1', 158, NULL, 7, 3, '2020-05-03 21:35:13', '2020-05-03 21:35:13'),
(453, '1', 159, NULL, 7, 3, '2020-05-03 21:35:13', '2020-05-03 21:35:13'),
(454, '1', 160, NULL, 7, 3, '2020-05-03 21:35:13', '2020-05-03 21:35:13'),
(455, '1', 161, NULL, 7, 3, '2020-05-03 21:35:13', '2020-05-03 21:35:13'),
(456, '1', 162, NULL, 7, 3, '2020-05-03 21:35:13', '2020-05-03 21:35:13'),
(457, '1', 163, NULL, 7, 3, '2020-05-03 21:35:13', '2020-05-03 21:35:13'),
(458, '1', 164, NULL, 7, 3, '2020-05-03 21:35:13', '2020-05-03 21:35:13'),
(459, '1', 165, NULL, 7, 3, '2020-05-03 21:35:13', '2020-05-03 21:35:13'),
(460, '1', 166, NULL, 7, 3, '2020-05-03 21:35:13', '2020-05-03 21:35:13'),
(461, '1', 167, NULL, 7, 3, '2020-05-03 21:35:13', '2020-05-03 21:35:13'),
(462, '1', 168, NULL, 7, 3, '2020-05-03 21:35:13', '2020-05-03 21:35:13'),
(463, '1', 169, NULL, 7, 3, '2020-05-03 21:35:13', '2020-05-03 21:35:13'),
(464, '1', 170, NULL, 7, 3, '2020-05-03 21:35:13', '2020-05-03 21:35:13'),
(465, '1', 171, NULL, 7, 3, '2020-05-03 21:35:13', '2020-05-03 21:35:13'),
(466, '1', 172, NULL, 7, 3, '2020-05-03 21:35:13', '2020-05-03 21:35:13'),
(467, '1', 173, NULL, 7, 3, '2020-05-03 21:35:13', '2020-05-03 21:35:13'),
(468, '1', 174, NULL, 7, 3, '2020-05-03 21:35:13', '2020-05-03 21:35:13'),
(469, '1', 175, NULL, 7, 3, '2020-05-03 21:35:13', '2020-05-03 21:35:13'),
(470, '1', 176, NULL, 13, 3, '2020-05-03 21:35:13', '2020-05-03 21:35:13'),
(471, '1', 177, NULL, 13, 3, '2020-05-03 21:35:13', '2020-05-03 21:35:13'),
(472, '1', 178, NULL, 13, 3, '2020-05-03 21:35:13', '2020-05-03 21:35:13'),
(473, '1', 179, NULL, 7, 3, '2020-05-03 21:35:13', '2020-05-03 21:35:13'),
(474, '1', 180, NULL, 7, 3, '2020-05-03 21:35:13', '2020-05-03 21:35:13'),
(475, '1', 181, NULL, 7, 3, '2020-05-03 21:35:13', '2020-05-03 21:35:13'),
(476, '1', 182, NULL, 7, 3, '2020-05-03 21:35:13', '2020-05-03 21:35:13'),
(477, '1', 183, NULL, 7, 3, '2020-05-03 21:35:13', '2020-05-03 21:35:13'),
(478, '1', 184, NULL, 7, 3, '2020-05-03 21:35:13', '2020-05-03 21:35:13'),
(479, '1', 185, NULL, 7, 3, '2020-05-03 21:35:13', '2020-05-03 21:35:13'),
(480, '1', 186, NULL, 7, 3, '2020-05-03 21:35:13', '2020-05-03 21:35:13'),
(481, '1', 187, NULL, 7, 3, '2020-05-03 21:35:13', '2020-05-03 21:35:13'),
(482, '1', 188, NULL, 7, 3, '2020-05-03 21:35:13', '2020-05-03 21:35:13'),
(483, '1', 189, NULL, 7, 3, '2020-05-03 21:35:13', '2020-05-03 21:35:13'),
(484, '1', 190, NULL, 7, 3, '2020-05-03 21:35:13', '2020-05-03 21:35:13'),
(485, '1', 191, NULL, 7, 3, '2020-05-03 21:35:13', '2020-05-03 21:35:13'),
(486, '1', 192, NULL, 7, 3, '2020-05-03 21:35:13', '2020-05-03 21:35:13'),
(487, '1', 193, NULL, 7, 3, '2020-05-03 21:35:13', '2020-05-03 21:35:13'),
(488, '1', 194, NULL, 7, 3, '2020-05-03 21:35:13', '2020-05-03 21:35:13'),
(489, '1', 195, NULL, 7, 3, '2020-05-03 21:35:13', '2020-05-03 21:35:13'),
(490, '1', 196, NULL, 7, 3, '2020-05-03 21:35:13', '2020-05-03 21:35:13'),
(491, '1', 197, NULL, 7, 3, '2020-05-03 21:35:13', '2020-05-03 21:35:13'),
(492, '1', 198, NULL, 7, 3, '2020-05-03 21:35:13', '2020-05-03 21:35:13'),
(493, '1', 199, NULL, 7, 3, '2020-05-03 21:35:13', '2020-05-03 21:35:13'),
(494, '1', 200, NULL, 7, 3, '2020-05-03 21:35:13', '2020-05-03 21:35:13'),
(495, '1', 201, NULL, 7, 3, '2020-05-03 21:35:13', '2020-05-03 21:35:13'),
(496, '1', 202, NULL, 7, 3, '2020-05-03 21:35:13', '2020-05-03 21:35:13'),
(497, '1', 203, NULL, 7, 3, '2020-05-03 21:35:13', '2020-05-03 21:35:13'),
(498, '1', 204, NULL, 7, 3, '2020-05-03 21:35:13', '2020-05-03 21:35:13'),
(499, '1', 205, NULL, 7, 3, '2020-05-03 21:35:13', '2020-05-03 21:35:13'),
(500, '1', 206, NULL, 7, 3, '2020-05-03 21:35:13', '2020-05-03 21:35:13'),
(501, '1', 207, NULL, 7, 3, '2020-05-03 21:35:13', '2020-05-03 21:35:13'),
(502, '1', 208, NULL, 7, 3, '2020-05-03 21:35:13', '2020-05-03 21:35:13'),
(503, '1', 209, NULL, 7, 3, '2020-05-03 21:35:13', '2020-05-03 21:35:13'),
(504, '1', 210, NULL, 7, 3, '2020-05-03 21:35:13', '2020-05-03 21:35:13'),
(505, '1', 211, NULL, 7, 3, '2020-05-03 21:35:13', '2020-05-03 21:35:13'),
(506, '1', 212, NULL, 7, 3, '2020-05-03 21:35:13', '2020-05-03 21:35:13'),
(507, '1', 1, 1, 3, 4, '2020-05-03 21:40:04', '2020-05-03 21:40:04'),
(508, '1', 1, 2, 3, 4, '2020-05-03 21:40:04', '2020-05-03 21:40:04'),
(509, '1', 1, 3, 6, 4, '2020-05-03 21:40:04', '2020-05-03 21:40:04'),
(510, '1', 2, 1, 3, 4, '2020-05-03 21:40:04', '2020-05-03 21:40:04'),
(511, '1', 2, 2, 3, 4, '2020-05-03 21:40:04', '2020-05-03 21:40:04'),
(512, '1', 2, 3, 6, 4, '2020-05-03 21:40:04', '2020-05-03 21:40:04'),
(513, '1', 3, 1, 3, 4, '2020-05-03 21:40:04', '2020-05-03 21:40:04'),
(514, '1', 3, 2, 3, 4, '2020-05-03 21:40:04', '2020-05-03 21:40:04'),
(515, '1', 3, 3, 6, 4, '2020-05-03 21:40:04', '2020-05-03 21:40:04'),
(516, '1', 4, 1, 3, 4, '2020-05-03 21:40:04', '2020-05-03 21:40:04'),
(517, '1', 4, 2, 3, 4, '2020-05-03 21:40:04', '2020-05-03 21:40:04'),
(518, '1', 4, 3, 5, 4, '2020-05-03 21:40:04', '2020-05-03 21:40:04'),
(519, '1', 5, 1, 3, 4, '2020-05-03 21:40:04', '2020-05-03 21:40:04'),
(520, '1', 5, 2, 3, 4, '2020-05-03 21:40:04', '2020-05-03 21:40:04'),
(521, '1', 5, 3, 6, 4, '2020-05-03 21:40:04', '2020-05-03 21:40:04'),
(522, '1', 6, 1, 3, 4, '2020-05-03 21:40:04', '2020-05-03 21:40:04'),
(523, '1', 6, 2, 3, 4, '2020-05-03 21:40:04', '2020-05-03 21:40:04'),
(524, '1', 6, 3, 6, 4, '2020-05-03 21:40:04', '2020-05-03 21:40:04'),
(525, '1', 7, 1, 3, 4, '2020-05-03 21:40:04', '2020-05-03 21:40:04'),
(526, '1', 7, 2, 3, 4, '2020-05-03 21:40:04', '2020-05-03 21:40:04'),
(527, '1', 7, 3, 6, 4, '2020-05-03 21:40:04', '2020-05-03 21:40:04'),
(528, '1', 8, 1, 3, 4, '2020-05-03 21:40:04', '2020-05-03 21:40:04'),
(529, '1', 8, 2, 3, 4, '2020-05-03 21:40:04', '2020-05-03 21:40:04'),
(530, '1', 8, 3, 6, 4, '2020-05-03 21:40:04', '2020-05-03 21:40:04'),
(531, '1', 9, 1, 3, 4, '2020-05-03 21:40:04', '2020-05-03 21:40:04'),
(532, '1', 9, 2, 3, 4, '2020-05-03 21:40:04', '2020-05-03 21:40:04'),
(533, '1', 9, 3, 5, 4, '2020-05-03 21:40:04', '2020-05-03 21:40:04'),
(534, '1', 10, 1, 4, 4, '2020-05-03 21:40:04', '2020-05-03 21:40:04'),
(535, '1', 10, 2, 1, 4, '2020-05-03 21:40:04', '2020-05-03 21:40:04'),
(536, '1', 10, 3, 5, 4, '2020-05-03 21:40:04', '2020-05-03 21:40:04'),
(537, '1', 11, 1, 1, 4, '2020-05-03 21:40:04', '2020-05-03 21:40:04'),
(538, '1', 11, 2, 1, 4, '2020-05-03 21:40:04', '2020-05-03 21:40:04'),
(539, '1', 11, 3, 5, 4, '2020-05-03 21:40:04', '2020-05-03 21:40:04'),
(540, '1', 12, 1, 1, 4, '2020-05-03 21:40:04', '2020-05-03 21:40:04'),
(541, '1', 12, 2, 1, 4, '2020-05-03 21:40:04', '2020-05-03 21:40:04'),
(542, '1', 12, 3, 5, 4, '2020-05-03 21:40:04', '2020-05-03 21:40:04'),
(543, '1', 13, 1, 1, 4, '2020-05-03 21:40:04', '2020-05-03 21:40:04'),
(544, '1', 13, 2, 1, 4, '2020-05-03 21:40:04', '2020-05-03 21:40:04'),
(545, '1', 13, 3, 5, 4, '2020-05-03 21:40:04', '2020-05-03 21:40:04'),
(546, '1', 14, 1, 1, 4, '2020-05-03 21:40:04', '2020-05-03 21:40:04'),
(547, '1', 14, 2, 1, 4, '2020-05-03 21:40:04', '2020-05-03 21:40:04'),
(548, '1', 14, 3, 5, 4, '2020-05-03 21:40:04', '2020-05-03 21:40:04'),
(549, '1', 15, 1, 1, 4, '2020-05-03 21:40:04', '2020-05-03 21:40:04'),
(550, '1', 15, 2, 1, 4, '2020-05-03 21:40:04', '2020-05-03 21:40:04'),
(551, '1', 15, 3, 5, 4, '2020-05-03 21:40:04', '2020-05-03 21:40:04'),
(552, '1', 16, 1, 1, 4, '2020-05-03 21:40:04', '2020-05-03 21:40:04'),
(553, '1', 16, 2, 1, 4, '2020-05-03 21:40:04', '2020-05-03 21:40:04'),
(554, '1', 16, 3, 5, 4, '2020-05-03 21:40:04', '2020-05-03 21:40:04'),
(555, '1', 17, 1, 1, 4, '2020-05-03 21:40:04', '2020-05-03 21:40:04'),
(556, '1', 17, 2, 1, 4, '2020-05-03 21:40:04', '2020-05-03 21:40:04'),
(557, '1', 17, 3, 5, 4, '2020-05-03 21:40:04', '2020-05-03 21:40:04'),
(558, '1', 18, 1, 1, 4, '2020-05-03 21:40:04', '2020-05-03 21:40:04'),
(559, '1', 18, 2, 1, 4, '2020-05-03 21:40:04', '2020-05-03 21:40:04'),
(560, '1', 18, 3, 5, 4, '2020-05-03 21:40:04', '2020-05-03 21:40:04'),
(561, '1', 19, 1, 1, 4, '2020-05-03 21:40:04', '2020-05-03 21:40:04'),
(562, '1', 19, 2, 1, 4, '2020-05-03 21:40:04', '2020-05-03 21:40:04'),
(563, '1', 19, 3, 5, 4, '2020-05-03 21:40:04', '2020-05-03 21:40:04'),
(564, '1', 20, 1, 1, 4, '2020-05-03 21:40:04', '2020-05-03 21:40:04'),
(565, '1', 20, 2, 1, 4, '2020-05-03 21:40:04', '2020-05-03 21:40:04'),
(566, '1', 20, 3, 5, 4, '2020-05-03 21:40:04', '2020-05-03 21:40:04'),
(567, '1', 21, 1, 1, 4, '2020-05-03 21:40:04', '2020-05-03 21:40:04'),
(568, '1', 21, 2, 1, 4, '2020-05-03 21:40:04', '2020-05-03 21:40:04'),
(569, '1', 21, 3, 5, 4, '2020-05-03 21:40:04', '2020-05-03 21:40:04'),
(570, '1', 22, 1, 1, 4, '2020-05-03 21:40:04', '2020-05-03 21:40:04'),
(571, '1', 22, 2, 1, 4, '2020-05-03 21:40:04', '2020-05-03 21:40:04'),
(572, '1', 22, 3, 5, 4, '2020-05-03 21:40:04', '2020-05-03 21:40:04'),
(573, '1', 23, 1, 1, 4, '2020-05-03 21:40:04', '2020-05-03 21:40:04'),
(574, '1', 23, 2, 1, 4, '2020-05-03 21:40:04', '2020-05-03 21:40:04'),
(575, '1', 23, 3, 5, 4, '2020-05-03 21:40:04', '2020-05-03 21:40:04'),
(576, '1', 24, 1, 1, 4, '2020-05-03 21:40:04', '2020-05-03 21:40:04'),
(577, '1', 24, 2, 1, 4, '2020-05-03 21:40:04', '2020-05-03 21:40:04'),
(578, '1', 24, 3, 5, 4, '2020-05-03 21:40:04', '2020-05-03 21:40:04'),
(579, '1', 25, 1, 1, 4, '2020-05-03 21:40:04', '2020-05-03 21:40:04'),
(580, '1', 25, 2, 1, 4, '2020-05-03 21:40:04', '2020-05-03 21:40:04'),
(581, '1', 25, 3, 5, 4, '2020-05-03 21:40:04', '2020-05-03 21:40:04'),
(582, '1', 26, 1, 1, 4, '2020-05-03 21:40:04', '2020-05-03 21:40:04'),
(583, '1', 26, 2, 1, 4, '2020-05-03 21:40:04', '2020-05-03 21:40:04'),
(584, '1', 26, 3, 5, 4, '2020-05-03 21:40:04', '2020-05-03 21:40:04'),
(585, '1', 27, 1, 1, 4, '2020-05-03 21:40:04', '2020-05-03 21:40:04'),
(586, '1', 27, 2, 1, 4, '2020-05-03 21:40:04', '2020-05-03 21:40:04'),
(587, '1', 27, 3, 5, 4, '2020-05-03 21:40:04', '2020-05-03 21:40:04'),
(588, '1', 28, 1, 1, 4, '2020-05-03 21:40:04', '2020-05-03 21:40:04'),
(589, '1', 28, 2, 1, 4, '2020-05-03 21:40:04', '2020-05-03 21:40:04'),
(590, '1', 28, 3, 5, 4, '2020-05-03 21:40:04', '2020-05-03 21:40:04'),
(591, '1', 29, 1, 1, 4, '2020-05-03 21:40:04', '2020-05-03 21:40:04'),
(592, '1', 29, 2, 1, 4, '2020-05-03 21:40:04', '2020-05-03 21:40:04'),
(593, '1', 29, 3, 5, 4, '2020-05-03 21:40:04', '2020-05-03 21:40:04'),
(594, '1', 30, 1, 1, 4, '2020-05-03 21:40:04', '2020-05-03 21:40:04'),
(595, '1', 30, 2, 1, 4, '2020-05-03 21:40:04', '2020-05-03 21:40:04'),
(596, '1', 30, 3, 5, 4, '2020-05-03 21:40:04', '2020-05-03 21:40:04'),
(597, '1', 31, 1, 1, 4, '2020-05-03 21:40:04', '2020-05-03 21:40:04'),
(598, '1', 31, 2, 1, 4, '2020-05-03 21:40:04', '2020-05-03 21:40:04'),
(599, '1', 31, 3, 5, 4, '2020-05-03 21:40:04', '2020-05-03 21:40:04'),
(600, '1', 32, 1, 1, 4, '2020-05-03 21:40:04', '2020-05-03 21:40:04'),
(601, '1', 32, 2, 1, 4, '2020-05-03 21:40:04', '2020-05-03 21:40:04'),
(602, '1', 32, 3, 5, 4, '2020-05-03 21:40:04', '2020-05-03 21:40:04'),
(603, '1', 33, 1, 1, 4, '2020-05-03 21:40:04', '2020-05-03 21:40:04'),
(604, '1', 33, 2, 1, 4, '2020-05-03 21:40:04', '2020-05-03 21:40:04'),
(605, '1', 33, 3, 5, 4, '2020-05-03 21:40:04', '2020-05-03 21:40:04'),
(606, '1', 34, 1, 1, 4, '2020-05-03 21:40:04', '2020-05-03 21:40:04'),
(607, '1', 34, 2, 1, 4, '2020-05-03 21:40:04', '2020-05-03 21:40:04'),
(608, '1', 34, 3, 5, 4, '2020-05-03 21:40:04', '2020-05-03 21:40:04'),
(609, '1', 35, 1, 1, 4, '2020-05-03 21:40:04', '2020-05-03 21:40:04'),
(610, '1', 35, 2, 1, 4, '2020-05-03 21:40:04', '2020-05-03 21:40:04'),
(611, '1', 35, 3, 5, 4, '2020-05-03 21:40:04', '2020-05-03 21:40:04'),
(612, '1', 36, 1, 1, 4, '2020-05-03 21:40:04', '2020-05-03 21:40:04'),
(613, '1', 36, 2, 1, 4, '2020-05-03 21:40:04', '2020-05-03 21:40:04'),
(614, '1', 36, 3, 5, 4, '2020-05-03 21:40:04', '2020-05-03 21:40:04'),
(615, '1', 37, 1, 1, 4, '2020-05-03 21:40:04', '2020-05-03 21:40:04'),
(616, '1', 37, 2, 1, 4, '2020-05-03 21:40:04', '2020-05-03 21:40:04'),
(617, '1', 37, 3, 5, 4, '2020-05-03 21:40:04', '2020-05-03 21:40:04'),
(618, '1', 38, 1, 1, 4, '2020-05-03 21:40:04', '2020-05-03 21:40:04'),
(619, '1', 38, 2, 1, 4, '2020-05-03 21:40:04', '2020-05-03 21:40:04'),
(620, '1', 38, 3, 5, 4, '2020-05-03 21:40:04', '2020-05-03 21:40:04'),
(621, '1', 39, 1, 1, 4, '2020-05-03 21:40:04', '2020-05-03 21:40:04'),
(622, '1', 39, 2, 1, 4, '2020-05-03 21:40:04', '2020-05-03 21:40:04'),
(623, '1', 39, 3, 5, 4, '2020-05-03 21:40:04', '2020-05-03 21:40:04'),
(624, '1', 40, 1, 1, 4, '2020-05-03 21:40:04', '2020-05-03 21:40:04'),
(625, '1', 40, 2, 1, 4, '2020-05-03 21:40:04', '2020-05-03 21:40:04'),
(626, '1', 40, 3, 5, 4, '2020-05-03 21:40:04', '2020-05-03 21:40:04'),
(627, '1', 41, 1, 1, 4, '2020-05-03 21:40:04', '2020-05-03 21:40:04'),
(628, '1', 41, 2, 1, 4, '2020-05-03 21:40:04', '2020-05-03 21:40:04'),
(629, '1', 41, 3, 5, 4, '2020-05-03 21:40:04', '2020-05-03 21:40:04'),
(630, '1', 42, 1, 1, 4, '2020-05-03 21:40:04', '2020-05-03 21:40:04'),
(631, '1', 42, 2, 1, 4, '2020-05-03 21:40:04', '2020-05-03 21:40:04'),
(632, '1', 42, 3, 5, 4, '2020-05-03 21:40:04', '2020-05-03 21:40:04'),
(633, '1', 43, 1, 1, 4, '2020-05-03 21:40:04', '2020-05-03 21:40:04'),
(634, '1', 43, 2, 1, 4, '2020-05-03 21:40:04', '2020-05-03 21:40:04'),
(635, '1', 43, 3, 5, 4, '2020-05-03 21:40:04', '2020-05-03 21:40:04'),
(636, '1', 44, 1, 1, 4, '2020-05-03 21:40:04', '2020-05-03 21:40:04'),
(637, '1', 44, 2, 1, 4, '2020-05-03 21:40:04', '2020-05-03 21:40:04'),
(638, '1', 44, 3, 5, 4, '2020-05-03 21:40:04', '2020-05-03 21:40:04'),
(639, '1', 45, 1, 1, 4, '2020-05-03 21:40:04', '2020-05-03 21:40:04'),
(640, '1', 45, 2, 1, 4, '2020-05-03 21:40:04', '2020-05-03 21:40:04'),
(641, '1', 45, 3, 5, 4, '2020-05-03 21:40:04', '2020-05-03 21:40:04'),
(642, '1', 46, 1, 1, 4, '2020-05-03 21:40:04', '2020-05-03 21:40:04'),
(643, '1', 46, 2, 1, 4, '2020-05-03 21:40:04', '2020-05-03 21:40:04'),
(644, '1', 46, 3, 5, 4, '2020-05-03 21:40:04', '2020-05-03 21:40:04'),
(645, '1', 47, 1, 1, 4, '2020-05-03 21:40:04', '2020-05-03 21:40:04'),
(646, '1', 47, 2, 1, 4, '2020-05-03 21:40:04', '2020-05-03 21:40:04'),
(647, '1', 47, 3, 5, 4, '2020-05-03 21:40:04', '2020-05-03 21:40:04'),
(648, '1', 48, 1, 1, 4, '2020-05-03 21:40:04', '2020-05-03 21:40:04'),
(649, '1', 48, 2, 1, 4, '2020-05-03 21:40:04', '2020-05-03 21:40:04'),
(650, '1', 48, 3, 5, 4, '2020-05-03 21:40:04', '2020-05-03 21:40:04'),
(651, '1', 49, 1, 1, 4, '2020-05-03 21:40:04', '2020-05-03 21:40:04'),
(652, '1', 49, 2, 1, 4, '2020-05-03 21:40:04', '2020-05-03 21:40:04'),
(653, '1', 49, 3, 5, 4, '2020-05-03 21:40:04', '2020-05-03 21:40:04'),
(654, '1', 50, 1, 1, 4, '2020-05-03 21:40:04', '2020-05-03 21:40:04'),
(655, '1', 50, 2, 1, 4, '2020-05-03 21:40:04', '2020-05-03 21:40:04'),
(656, '1', 50, 3, 5, 4, '2020-05-03 21:40:04', '2020-05-03 21:40:04'),
(657, '1', 51, 1, 1, 4, '2020-05-03 21:40:04', '2020-05-03 21:40:04'),
(658, '1', 51, 2, 1, 4, '2020-05-03 21:40:04', '2020-05-03 21:40:04'),
(659, '1', 51, 3, 5, 4, '2020-05-03 21:40:04', '2020-05-03 21:40:04'),
(660, '1', 52, 1, 1, 4, '2020-05-03 21:40:04', '2020-05-03 21:40:04'),
(661, '1', 52, 2, 1, 4, '2020-05-03 21:40:04', '2020-05-03 21:40:04'),
(662, '1', 52, 3, 5, 4, '2020-05-03 21:40:04', '2020-05-03 21:40:04'),
(663, '1', 53, 1, 1, 4, '2020-05-03 21:40:04', '2020-05-03 21:40:04'),
(664, '1', 53, 2, 1, 4, '2020-05-03 21:40:04', '2020-05-03 21:40:04'),
(665, '1', 53, 3, 5, 4, '2020-05-03 21:40:04', '2020-05-03 21:40:04'),
(666, '1', 54, 1, 1, 4, '2020-05-03 21:40:04', '2020-05-03 21:40:04'),
(667, '1', 54, 2, 1, 4, '2020-05-03 21:40:04', '2020-05-03 21:40:04'),
(668, '1', 54, 3, 5, 4, '2020-05-03 21:40:04', '2020-05-03 21:40:04'),
(669, '1', 55, 1, 1, 4, '2020-05-03 21:40:04', '2020-05-03 21:40:04'),
(670, '1', 55, 2, 1, 4, '2020-05-03 21:40:04', '2020-05-03 21:40:04'),
(671, '1', 55, 3, 5, 4, '2020-05-03 21:40:04', '2020-05-03 21:40:04'),
(672, '1', 56, 1, 1, 4, '2020-05-03 21:40:04', '2020-05-03 21:40:04'),
(673, '1', 56, 2, 1, 4, '2020-05-03 21:40:04', '2020-05-03 21:40:04'),
(674, '1', 56, 3, 5, 4, '2020-05-03 21:40:04', '2020-05-03 21:40:04'),
(675, '1', 57, 1, 1, 4, '2020-05-03 21:40:04', '2020-05-03 21:40:04'),
(676, '1', 57, 2, 1, 4, '2020-05-03 21:40:04', '2020-05-03 21:40:04'),
(677, '1', 57, 3, 5, 4, '2020-05-03 21:40:04', '2020-05-03 21:40:04'),
(678, '1', 58, 1, 1, 4, '2020-05-03 21:40:04', '2020-05-03 21:40:04'),
(679, '1', 58, 2, 1, 4, '2020-05-03 21:40:04', '2020-05-03 21:40:04'),
(680, '1', 58, 3, 5, 4, '2020-05-03 21:40:04', '2020-05-03 21:40:04'),
(681, '1', 59, 1, 1, 4, '2020-05-03 21:40:04', '2020-05-03 21:40:04'),
(682, '1', 59, 2, 1, 4, '2020-05-03 21:40:04', '2020-05-03 21:40:04'),
(683, '1', 59, 3, 5, 4, '2020-05-03 21:40:04', '2020-05-03 21:40:04'),
(684, '1', 60, 1, 1, 4, '2020-05-03 21:40:04', '2020-05-03 21:40:04'),
(685, '1', 60, 2, 1, 4, '2020-05-03 21:40:04', '2020-05-03 21:40:04'),
(686, '1', 60, 3, 5, 4, '2020-05-03 21:40:04', '2020-05-03 21:40:04'),
(687, '1', 61, 1, 1, 4, '2020-05-03 21:40:04', '2020-05-03 21:40:04'),
(688, '1', 61, 2, 1, 4, '2020-05-03 21:40:04', '2020-05-03 21:40:04'),
(689, '1', 61, 3, 5, 4, '2020-05-03 21:40:04', '2020-05-03 21:40:04'),
(690, '1', 62, 1, 1, 4, '2020-05-03 21:40:04', '2020-05-03 21:40:04'),
(691, '1', 62, 2, 1, 4, '2020-05-03 21:40:04', '2020-05-03 21:40:04'),
(692, '1', 62, 3, 5, 4, '2020-05-03 21:40:04', '2020-05-03 21:40:04'),
(693, '1', 63, 1, 1, 4, '2020-05-03 21:40:04', '2020-05-03 21:40:04'),
(694, '1', 63, 2, 1, 4, '2020-05-03 21:40:04', '2020-05-03 21:40:04'),
(695, '1', 63, 3, 5, 4, '2020-05-03 21:40:04', '2020-05-03 21:40:04'),
(696, '1', 64, 1, 1, 4, '2020-05-03 21:40:04', '2020-05-03 21:40:04'),
(697, '1', 64, 2, 1, 4, '2020-05-03 21:40:04', '2020-05-03 21:40:04'),
(698, '1', 64, 3, 5, 4, '2020-05-03 21:40:04', '2020-05-03 21:40:04'),
(699, '1', 65, 1, 1, 4, '2020-05-03 21:40:04', '2020-05-03 21:40:04'),
(700, '1', 65, 2, 1, 4, '2020-05-03 21:40:04', '2020-05-03 21:40:04'),
(701, '1', 65, 3, 5, 4, '2020-05-03 21:40:04', '2020-05-03 21:40:04'),
(702, '1', 66, 1, 1, 4, '2020-05-03 21:40:04', '2020-05-03 21:40:04'),
(703, '1', 66, 2, 1, 4, '2020-05-03 21:40:04', '2020-05-03 21:40:04'),
(704, '1', 66, 3, 5, 4, '2020-05-03 21:40:04', '2020-05-03 21:40:04'),
(705, '1', 67, 1, 1, 4, '2020-05-03 21:40:04', '2020-05-03 21:40:04'),
(706, '1', 67, 2, 1, 4, '2020-05-03 21:40:04', '2020-05-03 21:40:04'),
(707, '1', 67, 3, 5, 4, '2020-05-03 21:40:04', '2020-05-03 21:40:04'),
(708, '1', 68, 1, 1, 4, '2020-05-03 21:40:04', '2020-05-03 21:40:04');
INSERT INTO `encuesta_respuesta` (`id`, `estado`, `pregunta_id`, `subpregunta_id`, `respuesta_id`, `encuesta_puntaje_id`, `created_at`, `updated_at`) VALUES
(709, '1', 68, 2, 1, 4, '2020-05-03 21:40:04', '2020-05-03 21:40:04'),
(710, '1', 68, 3, 5, 4, '2020-05-03 21:40:04', '2020-05-03 21:40:04'),
(711, '1', 69, 1, 1, 4, '2020-05-03 21:40:04', '2020-05-03 21:40:04'),
(712, '1', 69, 2, 1, 4, '2020-05-03 21:40:04', '2020-05-03 21:40:04'),
(713, '1', 69, 3, 5, 4, '2020-05-03 21:40:04', '2020-05-03 21:40:04'),
(714, '1', 70, 1, 1, 4, '2020-05-03 21:40:04', '2020-05-03 21:40:04'),
(715, '1', 70, 2, 1, 4, '2020-05-03 21:40:04', '2020-05-03 21:40:04'),
(716, '1', 70, 3, 5, 4, '2020-05-03 21:40:04', '2020-05-03 21:40:04'),
(717, '1', 71, 1, 1, 4, '2020-05-03 21:40:04', '2020-05-03 21:40:04'),
(718, '1', 71, 2, 1, 4, '2020-05-03 21:40:04', '2020-05-03 21:40:04'),
(719, '1', 71, 3, 5, 4, '2020-05-03 21:40:04', '2020-05-03 21:40:04'),
(720, '1', 72, 1, 1, 4, '2020-05-03 21:40:04', '2020-05-03 21:40:04'),
(721, '1', 72, 2, 1, 4, '2020-05-03 21:40:04', '2020-05-03 21:40:04'),
(722, '1', 72, 3, 5, 4, '2020-05-03 21:40:04', '2020-05-03 21:40:04'),
(723, '1', 73, 1, 1, 4, '2020-05-03 21:40:04', '2020-05-03 21:40:04'),
(724, '1', 73, 2, 1, 4, '2020-05-03 21:40:04', '2020-05-03 21:40:04'),
(725, '1', 73, 3, 5, 4, '2020-05-03 21:40:04', '2020-05-03 21:40:04'),
(726, '1', 74, 1, 1, 4, '2020-05-03 21:40:04', '2020-05-03 21:40:04'),
(727, '1', 74, 2, 1, 4, '2020-05-03 21:40:04', '2020-05-03 21:40:04'),
(728, '1', 74, 3, 5, 4, '2020-05-03 21:40:04', '2020-05-03 21:40:04'),
(729, '1', 75, 1, 1, 4, '2020-05-03 21:40:04', '2020-05-03 21:40:04'),
(730, '1', 75, 2, 1, 4, '2020-05-03 21:40:04', '2020-05-03 21:40:04'),
(731, '1', 75, 3, 5, 4, '2020-05-03 21:40:04', '2020-05-03 21:40:04'),
(732, '1', 76, 1, 1, 4, '2020-05-03 21:40:04', '2020-05-03 21:40:04'),
(733, '1', 76, 2, 1, 4, '2020-05-03 21:40:04', '2020-05-03 21:40:04'),
(734, '1', 76, 3, 5, 4, '2020-05-03 21:40:04', '2020-05-03 21:40:04'),
(735, '1', 77, 1, 1, 4, '2020-05-03 21:40:04', '2020-05-03 21:40:04'),
(736, '1', 77, 2, 1, 4, '2020-05-03 21:40:04', '2020-05-03 21:40:04'),
(737, '1', 77, 3, 5, 4, '2020-05-03 21:40:04', '2020-05-03 21:40:04'),
(738, '1', 78, 1, 1, 4, '2020-05-03 21:40:04', '2020-05-03 21:40:04'),
(739, '1', 78, 2, 1, 4, '2020-05-03 21:40:04', '2020-05-03 21:40:04'),
(740, '1', 78, 3, 5, 4, '2020-05-03 21:40:04', '2020-05-03 21:40:04'),
(741, '1', 79, 1, 1, 4, '2020-05-03 21:40:04', '2020-05-03 21:40:04'),
(742, '1', 79, 2, 1, 4, '2020-05-03 21:40:04', '2020-05-03 21:40:04'),
(743, '1', 79, 3, 5, 4, '2020-05-03 21:40:04', '2020-05-03 21:40:04'),
(744, '1', 80, 1, 4, 4, '2020-05-03 21:40:04', '2020-05-03 21:40:04'),
(745, '1', 80, 2, 4, 4, '2020-05-03 21:40:04', '2020-05-03 21:40:04'),
(746, '1', 80, 3, 6, 4, '2020-05-03 21:40:04', '2020-05-03 21:40:04'),
(747, '1', 81, 1, 4, 4, '2020-05-03 21:40:04', '2020-05-03 21:40:04'),
(748, '1', 81, 2, 4, 4, '2020-05-03 21:40:04', '2020-05-03 21:40:04'),
(749, '1', 81, 3, 6, 4, '2020-05-03 21:40:04', '2020-05-03 21:40:04'),
(750, '1', 82, 1, 4, 4, '2020-05-03 21:40:04', '2020-05-03 21:40:04'),
(751, '1', 82, 2, 4, 4, '2020-05-03 21:40:04', '2020-05-03 21:40:04'),
(752, '1', 82, 3, 6, 4, '2020-05-03 21:40:04', '2020-05-03 21:40:04'),
(753, '1', 1, 1, 1, 5, '2020-05-03 23:28:14', '2020-05-03 23:28:14'),
(754, '1', 1, 2, 1, 5, '2020-05-03 23:28:14', '2020-05-03 23:28:14'),
(755, '1', 1, 3, 5, 5, '2020-05-03 23:28:14', '2020-05-03 23:28:14'),
(756, '1', 2, 1, 1, 5, '2020-05-03 23:28:14', '2020-05-03 23:28:14'),
(757, '1', 2, 2, 1, 5, '2020-05-03 23:28:14', '2020-05-03 23:28:14'),
(758, '1', 2, 3, 5, 5, '2020-05-03 23:28:14', '2020-05-03 23:28:14'),
(759, '1', 3, 1, 1, 5, '2020-05-03 23:28:14', '2020-05-03 23:28:14'),
(760, '1', 3, 2, 1, 5, '2020-05-03 23:28:14', '2020-05-03 23:28:14'),
(761, '1', 3, 3, 5, 5, '2020-05-03 23:28:14', '2020-05-03 23:28:14'),
(762, '1', 4, 1, 1, 5, '2020-05-03 23:28:14', '2020-05-03 23:28:14'),
(763, '1', 4, 2, 1, 5, '2020-05-03 23:28:14', '2020-05-03 23:28:14'),
(764, '1', 4, 3, 5, 5, '2020-05-03 23:28:14', '2020-05-03 23:28:14'),
(765, '1', 5, 1, 1, 5, '2020-05-03 23:28:14', '2020-05-03 23:28:14'),
(766, '1', 5, 2, 1, 5, '2020-05-03 23:28:14', '2020-05-03 23:28:14'),
(767, '1', 5, 3, 5, 5, '2020-05-03 23:28:14', '2020-05-03 23:28:14'),
(768, '1', 6, 1, 1, 5, '2020-05-03 23:28:14', '2020-05-03 23:28:14'),
(769, '1', 6, 2, 1, 5, '2020-05-03 23:28:14', '2020-05-03 23:28:14'),
(770, '1', 6, 3, 5, 5, '2020-05-03 23:28:14', '2020-05-03 23:28:14'),
(771, '1', 7, 1, 1, 5, '2020-05-03 23:28:14', '2020-05-03 23:28:14'),
(772, '1', 7, 2, 1, 5, '2020-05-03 23:28:14', '2020-05-03 23:28:14'),
(773, '1', 7, 3, 5, 5, '2020-05-03 23:28:14', '2020-05-03 23:28:14'),
(774, '1', 8, 1, 1, 5, '2020-05-03 23:28:14', '2020-05-03 23:28:14'),
(775, '1', 8, 2, 1, 5, '2020-05-03 23:28:14', '2020-05-03 23:28:14'),
(776, '1', 8, 3, 5, 5, '2020-05-03 23:28:14', '2020-05-03 23:28:14'),
(777, '1', 9, 1, 1, 5, '2020-05-03 23:28:14', '2020-05-03 23:28:14'),
(778, '1', 9, 2, 1, 5, '2020-05-03 23:28:14', '2020-05-03 23:28:14'),
(779, '1', 9, 3, 5, 5, '2020-05-03 23:28:14', '2020-05-03 23:28:14'),
(780, '1', 10, 1, 1, 5, '2020-05-03 23:28:14', '2020-05-03 23:28:14'),
(781, '1', 10, 2, 1, 5, '2020-05-03 23:28:14', '2020-05-03 23:28:14'),
(782, '1', 10, 3, 5, 5, '2020-05-03 23:28:14', '2020-05-03 23:28:14'),
(783, '1', 11, 1, 1, 5, '2020-05-03 23:28:14', '2020-05-03 23:28:14'),
(784, '1', 11, 2, 1, 5, '2020-05-03 23:28:14', '2020-05-03 23:28:14'),
(785, '1', 11, 3, 5, 5, '2020-05-03 23:28:14', '2020-05-03 23:28:14'),
(786, '1', 12, 1, 1, 5, '2020-05-03 23:28:14', '2020-05-03 23:28:14'),
(787, '1', 12, 2, 1, 5, '2020-05-03 23:28:14', '2020-05-03 23:28:14'),
(788, '1', 12, 3, 5, 5, '2020-05-03 23:28:14', '2020-05-03 23:28:14'),
(789, '1', 13, 1, 1, 5, '2020-05-03 23:28:14', '2020-05-03 23:28:14'),
(790, '1', 13, 2, 1, 5, '2020-05-03 23:28:14', '2020-05-03 23:28:14'),
(791, '1', 13, 3, 5, 5, '2020-05-03 23:28:14', '2020-05-03 23:28:14'),
(792, '1', 14, 1, 1, 5, '2020-05-03 23:28:14', '2020-05-03 23:28:14'),
(793, '1', 14, 2, 1, 5, '2020-05-03 23:28:14', '2020-05-03 23:28:14'),
(794, '1', 14, 3, 5, 5, '2020-05-03 23:28:14', '2020-05-03 23:28:14'),
(795, '1', 15, 1, 1, 5, '2020-05-03 23:28:14', '2020-05-03 23:28:14'),
(796, '1', 15, 2, 1, 5, '2020-05-03 23:28:14', '2020-05-03 23:28:14'),
(797, '1', 15, 3, 5, 5, '2020-05-03 23:28:14', '2020-05-03 23:28:14'),
(798, '1', 16, 1, 1, 5, '2020-05-03 23:28:14', '2020-05-03 23:28:14'),
(799, '1', 16, 2, 1, 5, '2020-05-03 23:28:14', '2020-05-03 23:28:14'),
(800, '1', 16, 3, 5, 5, '2020-05-03 23:28:14', '2020-05-03 23:28:14'),
(801, '1', 17, 1, 4, 5, '2020-05-03 23:28:14', '2020-05-03 23:28:14'),
(802, '1', 17, 2, 4, 5, '2020-05-03 23:28:14', '2020-05-03 23:28:14'),
(803, '1', 17, 3, 6, 5, '2020-05-03 23:28:14', '2020-05-03 23:28:14'),
(804, '1', 18, 1, 4, 5, '2020-05-03 23:28:14', '2020-05-03 23:28:14'),
(805, '1', 18, 2, 4, 5, '2020-05-03 23:28:14', '2020-05-03 23:28:14'),
(806, '1', 18, 3, 6, 5, '2020-05-03 23:28:14', '2020-05-03 23:28:14'),
(807, '1', 19, 1, 4, 5, '2020-05-03 23:28:14', '2020-05-03 23:28:14'),
(808, '1', 19, 2, 4, 5, '2020-05-03 23:28:14', '2020-05-03 23:28:14'),
(809, '1', 19, 3, 6, 5, '2020-05-03 23:28:14', '2020-05-03 23:28:14'),
(810, '1', 20, 1, 4, 5, '2020-05-03 23:28:14', '2020-05-03 23:28:14'),
(811, '1', 20, 2, 4, 5, '2020-05-03 23:28:14', '2020-05-03 23:28:14'),
(812, '1', 20, 3, 6, 5, '2020-05-03 23:28:14', '2020-05-03 23:28:14'),
(813, '1', 21, 1, 4, 5, '2020-05-03 23:28:14', '2020-05-03 23:28:14'),
(814, '1', 21, 2, 4, 5, '2020-05-03 23:28:14', '2020-05-03 23:28:14'),
(815, '1', 21, 3, 6, 5, '2020-05-03 23:28:14', '2020-05-03 23:28:14'),
(816, '1', 22, 1, 4, 5, '2020-05-03 23:28:14', '2020-05-03 23:28:14'),
(817, '1', 22, 2, 4, 5, '2020-05-03 23:28:14', '2020-05-03 23:28:14'),
(818, '1', 22, 3, 6, 5, '2020-05-03 23:28:14', '2020-05-03 23:28:14'),
(819, '1', 23, 1, 4, 5, '2020-05-03 23:28:14', '2020-05-03 23:28:14'),
(820, '1', 23, 2, 4, 5, '2020-05-03 23:28:14', '2020-05-03 23:28:14'),
(821, '1', 23, 3, 6, 5, '2020-05-03 23:28:14', '2020-05-03 23:28:14'),
(822, '1', 24, 1, 4, 5, '2020-05-03 23:28:14', '2020-05-03 23:28:14'),
(823, '1', 24, 2, 4, 5, '2020-05-03 23:28:14', '2020-05-03 23:28:14'),
(824, '1', 24, 3, 6, 5, '2020-05-03 23:28:14', '2020-05-03 23:28:14'),
(825, '1', 25, 1, 4, 5, '2020-05-03 23:28:14', '2020-05-03 23:28:14'),
(826, '1', 25, 2, 4, 5, '2020-05-03 23:28:14', '2020-05-03 23:28:14'),
(827, '1', 25, 3, 6, 5, '2020-05-03 23:28:14', '2020-05-03 23:28:14'),
(828, '1', 26, 1, 4, 5, '2020-05-03 23:28:14', '2020-05-03 23:28:14'),
(829, '1', 26, 2, 4, 5, '2020-05-03 23:28:14', '2020-05-03 23:28:14'),
(830, '1', 26, 3, 6, 5, '2020-05-03 23:28:14', '2020-05-03 23:28:14'),
(831, '1', 27, 1, 4, 5, '2020-05-03 23:28:14', '2020-05-03 23:28:14'),
(832, '1', 27, 2, 4, 5, '2020-05-03 23:28:14', '2020-05-03 23:28:14'),
(833, '1', 27, 3, 6, 5, '2020-05-03 23:28:14', '2020-05-03 23:28:14'),
(834, '1', 28, 1, 4, 5, '2020-05-03 23:28:14', '2020-05-03 23:28:14'),
(835, '1', 28, 2, 4, 5, '2020-05-03 23:28:14', '2020-05-03 23:28:14'),
(836, '1', 28, 3, 6, 5, '2020-05-03 23:28:14', '2020-05-03 23:28:14'),
(837, '1', 29, 1, 4, 5, '2020-05-03 23:28:14', '2020-05-03 23:28:14'),
(838, '1', 29, 2, 4, 5, '2020-05-03 23:28:14', '2020-05-03 23:28:14'),
(839, '1', 29, 3, 6, 5, '2020-05-03 23:28:14', '2020-05-03 23:28:14'),
(840, '1', 30, 1, 4, 5, '2020-05-03 23:28:14', '2020-05-03 23:28:14'),
(841, '1', 30, 2, 4, 5, '2020-05-03 23:28:14', '2020-05-03 23:28:14'),
(842, '1', 30, 3, 6, 5, '2020-05-03 23:28:14', '2020-05-03 23:28:14'),
(843, '1', 31, 1, 4, 5, '2020-05-03 23:28:14', '2020-05-03 23:28:14'),
(844, '1', 31, 2, 4, 5, '2020-05-03 23:28:14', '2020-05-03 23:28:14'),
(845, '1', 31, 3, 6, 5, '2020-05-03 23:28:14', '2020-05-03 23:28:14'),
(846, '1', 32, 1, 4, 5, '2020-05-03 23:28:14', '2020-05-03 23:28:14'),
(847, '1', 32, 2, 4, 5, '2020-05-03 23:28:14', '2020-05-03 23:28:14'),
(848, '1', 32, 3, 6, 5, '2020-05-03 23:28:14', '2020-05-03 23:28:14'),
(849, '1', 33, 1, 4, 5, '2020-05-03 23:28:14', '2020-05-03 23:28:14'),
(850, '1', 33, 2, 4, 5, '2020-05-03 23:28:14', '2020-05-03 23:28:14'),
(851, '1', 33, 3, 6, 5, '2020-05-03 23:28:14', '2020-05-03 23:28:14'),
(852, '1', 34, 1, 4, 5, '2020-05-03 23:28:14', '2020-05-03 23:28:14'),
(853, '1', 34, 2, 4, 5, '2020-05-03 23:28:14', '2020-05-03 23:28:14'),
(854, '1', 34, 3, 6, 5, '2020-05-03 23:28:14', '2020-05-03 23:28:14'),
(855, '1', 35, 1, 4, 5, '2020-05-03 23:28:14', '2020-05-03 23:28:14'),
(856, '1', 35, 2, 4, 5, '2020-05-03 23:28:14', '2020-05-03 23:28:14'),
(857, '1', 35, 3, 6, 5, '2020-05-03 23:28:14', '2020-05-03 23:28:14'),
(858, '1', 36, 1, 4, 5, '2020-05-03 23:28:14', '2020-05-03 23:28:14'),
(859, '1', 36, 2, 4, 5, '2020-05-03 23:28:14', '2020-05-03 23:28:14'),
(860, '1', 36, 3, 6, 5, '2020-05-03 23:28:14', '2020-05-03 23:28:14'),
(861, '1', 37, 1, 4, 5, '2020-05-03 23:28:14', '2020-05-03 23:28:14'),
(862, '1', 37, 2, 4, 5, '2020-05-03 23:28:14', '2020-05-03 23:28:14'),
(863, '1', 37, 3, 6, 5, '2020-05-03 23:28:14', '2020-05-03 23:28:14'),
(864, '1', 38, 1, 4, 5, '2020-05-03 23:28:14', '2020-05-03 23:28:14'),
(865, '1', 38, 2, 4, 5, '2020-05-03 23:28:14', '2020-05-03 23:28:14'),
(866, '1', 38, 3, 6, 5, '2020-05-03 23:28:14', '2020-05-03 23:28:14'),
(867, '1', 39, 1, 4, 5, '2020-05-03 23:28:14', '2020-05-03 23:28:14'),
(868, '1', 39, 2, 4, 5, '2020-05-03 23:28:14', '2020-05-03 23:28:14'),
(869, '1', 39, 3, 6, 5, '2020-05-03 23:28:14', '2020-05-03 23:28:14'),
(870, '1', 40, 1, 4, 5, '2020-05-03 23:28:14', '2020-05-03 23:28:14'),
(871, '1', 40, 2, 4, 5, '2020-05-03 23:28:14', '2020-05-03 23:28:14'),
(872, '1', 40, 3, 6, 5, '2020-05-03 23:28:14', '2020-05-03 23:28:14'),
(873, '1', 41, 1, 4, 5, '2020-05-03 23:28:14', '2020-05-03 23:28:14'),
(874, '1', 41, 2, 4, 5, '2020-05-03 23:28:14', '2020-05-03 23:28:14'),
(875, '1', 41, 3, 6, 5, '2020-05-03 23:28:14', '2020-05-03 23:28:14'),
(876, '1', 42, 1, 4, 5, '2020-05-03 23:28:14', '2020-05-03 23:28:14'),
(877, '1', 42, 2, 4, 5, '2020-05-03 23:28:14', '2020-05-03 23:28:14'),
(878, '1', 42, 3, 6, 5, '2020-05-03 23:28:14', '2020-05-03 23:28:14'),
(879, '1', 43, 1, 4, 5, '2020-05-03 23:28:14', '2020-05-03 23:28:14'),
(880, '1', 43, 2, 4, 5, '2020-05-03 23:28:14', '2020-05-03 23:28:14'),
(881, '1', 43, 3, 6, 5, '2020-05-03 23:28:14', '2020-05-03 23:28:14'),
(882, '1', 44, 1, 4, 5, '2020-05-03 23:28:14', '2020-05-03 23:28:14'),
(883, '1', 44, 2, 4, 5, '2020-05-03 23:28:14', '2020-05-03 23:28:14'),
(884, '1', 44, 3, 6, 5, '2020-05-03 23:28:14', '2020-05-03 23:28:14'),
(885, '1', 45, 1, 4, 5, '2020-05-03 23:28:14', '2020-05-03 23:28:14'),
(886, '1', 45, 2, 4, 5, '2020-05-03 23:28:14', '2020-05-03 23:28:14'),
(887, '1', 45, 3, 6, 5, '2020-05-03 23:28:14', '2020-05-03 23:28:14'),
(888, '1', 46, 1, 4, 5, '2020-05-03 23:28:14', '2020-05-03 23:28:14'),
(889, '1', 46, 2, 4, 5, '2020-05-03 23:28:14', '2020-05-03 23:28:14'),
(890, '1', 46, 3, 6, 5, '2020-05-03 23:28:14', '2020-05-03 23:28:14'),
(891, '1', 47, 1, 4, 5, '2020-05-03 23:28:14', '2020-05-03 23:28:14'),
(892, '1', 47, 2, 4, 5, '2020-05-03 23:28:14', '2020-05-03 23:28:14'),
(893, '1', 47, 3, 6, 5, '2020-05-03 23:28:14', '2020-05-03 23:28:14'),
(894, '1', 48, 1, 4, 5, '2020-05-03 23:28:14', '2020-05-03 23:28:14'),
(895, '1', 48, 2, 4, 5, '2020-05-03 23:28:14', '2020-05-03 23:28:14'),
(896, '1', 48, 3, 6, 5, '2020-05-03 23:28:14', '2020-05-03 23:28:14'),
(897, '1', 49, 1, 4, 5, '2020-05-03 23:28:14', '2020-05-03 23:28:14'),
(898, '1', 49, 2, 4, 5, '2020-05-03 23:28:14', '2020-05-03 23:28:14'),
(899, '1', 49, 3, 6, 5, '2020-05-03 23:28:14', '2020-05-03 23:28:14'),
(900, '1', 50, 1, 4, 5, '2020-05-03 23:28:14', '2020-05-03 23:28:14'),
(901, '1', 50, 2, 4, 5, '2020-05-03 23:28:14', '2020-05-03 23:28:14'),
(902, '1', 50, 3, 6, 5, '2020-05-03 23:28:14', '2020-05-03 23:28:14'),
(903, '1', 51, 1, 4, 5, '2020-05-03 23:28:14', '2020-05-03 23:28:14'),
(904, '1', 51, 2, 4, 5, '2020-05-03 23:28:14', '2020-05-03 23:28:14'),
(905, '1', 51, 3, 6, 5, '2020-05-03 23:28:14', '2020-05-03 23:28:14'),
(906, '1', 52, 1, 4, 5, '2020-05-03 23:28:14', '2020-05-03 23:28:14'),
(907, '1', 52, 2, 4, 5, '2020-05-03 23:28:14', '2020-05-03 23:28:14'),
(908, '1', 52, 3, 6, 5, '2020-05-03 23:28:14', '2020-05-03 23:28:14'),
(909, '1', 53, 1, 4, 5, '2020-05-03 23:28:14', '2020-05-03 23:28:14'),
(910, '1', 53, 2, 4, 5, '2020-05-03 23:28:14', '2020-05-03 23:28:14'),
(911, '1', 53, 3, 6, 5, '2020-05-03 23:28:14', '2020-05-03 23:28:14'),
(912, '1', 54, 1, 4, 5, '2020-05-03 23:28:14', '2020-05-03 23:28:14'),
(913, '1', 54, 2, 4, 5, '2020-05-03 23:28:14', '2020-05-03 23:28:14'),
(914, '1', 54, 3, 6, 5, '2020-05-03 23:28:14', '2020-05-03 23:28:14'),
(915, '1', 55, 1, 4, 5, '2020-05-03 23:28:14', '2020-05-03 23:28:14'),
(916, '1', 55, 2, 4, 5, '2020-05-03 23:28:14', '2020-05-03 23:28:14'),
(917, '1', 55, 3, 6, 5, '2020-05-03 23:28:14', '2020-05-03 23:28:14'),
(918, '1', 56, 1, 4, 5, '2020-05-03 23:28:14', '2020-05-03 23:28:14'),
(919, '1', 56, 2, 4, 5, '2020-05-03 23:28:14', '2020-05-03 23:28:14'),
(920, '1', 56, 3, 6, 5, '2020-05-03 23:28:14', '2020-05-03 23:28:14'),
(921, '1', 57, 1, 4, 5, '2020-05-03 23:28:14', '2020-05-03 23:28:14'),
(922, '1', 57, 2, 4, 5, '2020-05-03 23:28:14', '2020-05-03 23:28:14'),
(923, '1', 57, 3, 6, 5, '2020-05-03 23:28:14', '2020-05-03 23:28:14'),
(924, '1', 58, 1, 4, 5, '2020-05-03 23:28:14', '2020-05-03 23:28:14'),
(925, '1', 58, 2, 4, 5, '2020-05-03 23:28:14', '2020-05-03 23:28:14'),
(926, '1', 58, 3, 6, 5, '2020-05-03 23:28:14', '2020-05-03 23:28:14'),
(927, '1', 59, 1, 4, 5, '2020-05-03 23:28:14', '2020-05-03 23:28:14'),
(928, '1', 59, 2, 4, 5, '2020-05-03 23:28:14', '2020-05-03 23:28:14'),
(929, '1', 59, 3, 6, 5, '2020-05-03 23:28:14', '2020-05-03 23:28:14'),
(930, '1', 60, 1, 4, 5, '2020-05-03 23:28:14', '2020-05-03 23:28:14'),
(931, '1', 60, 2, 4, 5, '2020-05-03 23:28:14', '2020-05-03 23:28:14'),
(932, '1', 60, 3, 6, 5, '2020-05-03 23:28:14', '2020-05-03 23:28:14'),
(933, '1', 61, 1, 4, 5, '2020-05-03 23:28:14', '2020-05-03 23:28:14'),
(934, '1', 61, 2, 4, 5, '2020-05-03 23:28:14', '2020-05-03 23:28:14'),
(935, '1', 61, 3, 6, 5, '2020-05-03 23:28:14', '2020-05-03 23:28:14'),
(936, '1', 62, 1, 4, 5, '2020-05-03 23:28:14', '2020-05-03 23:28:14'),
(937, '1', 62, 2, 4, 5, '2020-05-03 23:28:14', '2020-05-03 23:28:14'),
(938, '1', 62, 3, 6, 5, '2020-05-03 23:28:14', '2020-05-03 23:28:14'),
(939, '1', 63, 1, 4, 5, '2020-05-03 23:28:14', '2020-05-03 23:28:14'),
(940, '1', 63, 2, 4, 5, '2020-05-03 23:28:14', '2020-05-03 23:28:14'),
(941, '1', 63, 3, 6, 5, '2020-05-03 23:28:14', '2020-05-03 23:28:14'),
(942, '1', 64, 1, 4, 5, '2020-05-03 23:28:14', '2020-05-03 23:28:14'),
(943, '1', 64, 2, 4, 5, '2020-05-03 23:28:14', '2020-05-03 23:28:14'),
(944, '1', 64, 3, 6, 5, '2020-05-03 23:28:14', '2020-05-03 23:28:14'),
(945, '1', 65, 1, 4, 5, '2020-05-03 23:28:14', '2020-05-03 23:28:14'),
(946, '1', 65, 2, 4, 5, '2020-05-03 23:28:14', '2020-05-03 23:28:14'),
(947, '1', 65, 3, 6, 5, '2020-05-03 23:28:14', '2020-05-03 23:28:14'),
(948, '1', 66, 1, 1, 5, '2020-05-03 23:28:14', '2020-05-03 23:28:14'),
(949, '1', 66, 2, 1, 5, '2020-05-03 23:28:14', '2020-05-03 23:28:14'),
(950, '1', 66, 3, 5, 5, '2020-05-03 23:28:14', '2020-05-03 23:28:14'),
(951, '1', 67, 1, 1, 5, '2020-05-03 23:28:14', '2020-05-03 23:28:14'),
(952, '1', 67, 2, 1, 5, '2020-05-03 23:28:14', '2020-05-03 23:28:14'),
(953, '1', 67, 3, 5, 5, '2020-05-03 23:28:14', '2020-05-03 23:28:14'),
(954, '1', 68, 1, 1, 5, '2020-05-03 23:28:14', '2020-05-03 23:28:14'),
(955, '1', 68, 2, 1, 5, '2020-05-03 23:28:14', '2020-05-03 23:28:14'),
(956, '1', 68, 3, 5, 5, '2020-05-03 23:28:14', '2020-05-03 23:28:14'),
(957, '1', 69, 1, 1, 5, '2020-05-03 23:28:14', '2020-05-03 23:28:14'),
(958, '1', 69, 2, 1, 5, '2020-05-03 23:28:14', '2020-05-03 23:28:14'),
(959, '1', 69, 3, 5, 5, '2020-05-03 23:28:14', '2020-05-03 23:28:14'),
(960, '1', 70, 1, 4, 5, '2020-05-03 23:28:14', '2020-05-03 23:28:14'),
(961, '1', 70, 2, 4, 5, '2020-05-03 23:28:14', '2020-05-03 23:28:14'),
(962, '1', 70, 3, 6, 5, '2020-05-03 23:28:14', '2020-05-03 23:28:14'),
(963, '1', 71, 1, 4, 5, '2020-05-03 23:28:14', '2020-05-03 23:28:14'),
(964, '1', 71, 2, 2, 5, '2020-05-03 23:28:14', '2020-05-03 23:28:14'),
(965, '1', 71, 3, 5, 5, '2020-05-03 23:28:14', '2020-05-03 23:28:14'),
(966, '1', 72, 1, 1, 5, '2020-05-03 23:28:14', '2020-05-03 23:28:14'),
(967, '1', 72, 2, 1, 5, '2020-05-03 23:28:14', '2020-05-03 23:28:14'),
(968, '1', 72, 3, 5, 5, '2020-05-03 23:28:14', '2020-05-03 23:28:14'),
(969, '1', 73, 1, 1, 5, '2020-05-03 23:28:14', '2020-05-03 23:28:14'),
(970, '1', 73, 2, 1, 5, '2020-05-03 23:28:14', '2020-05-03 23:28:14'),
(971, '1', 73, 3, 5, 5, '2020-05-03 23:28:14', '2020-05-03 23:28:14'),
(972, '1', 74, 1, 1, 5, '2020-05-03 23:28:14', '2020-05-03 23:28:14'),
(973, '1', 74, 2, 1, 5, '2020-05-03 23:28:14', '2020-05-03 23:28:14'),
(974, '1', 74, 3, 5, 5, '2020-05-03 23:28:14', '2020-05-03 23:28:14'),
(975, '1', 75, 1, 1, 5, '2020-05-03 23:28:14', '2020-05-03 23:28:14'),
(976, '1', 75, 2, 1, 5, '2020-05-03 23:28:14', '2020-05-03 23:28:14'),
(977, '1', 75, 3, 5, 5, '2020-05-03 23:28:14', '2020-05-03 23:28:14'),
(978, '1', 76, 1, 1, 5, '2020-05-03 23:28:14', '2020-05-03 23:28:14'),
(979, '1', 76, 2, 1, 5, '2020-05-03 23:28:14', '2020-05-03 23:28:14'),
(980, '1', 76, 3, 5, 5, '2020-05-03 23:28:14', '2020-05-03 23:28:14'),
(981, '1', 77, 1, 1, 5, '2020-05-03 23:28:14', '2020-05-03 23:28:14'),
(982, '1', 77, 2, 1, 5, '2020-05-03 23:28:14', '2020-05-03 23:28:14'),
(983, '1', 77, 3, 5, 5, '2020-05-03 23:28:14', '2020-05-03 23:28:14'),
(984, '1', 78, 1, 1, 5, '2020-05-03 23:28:14', '2020-05-03 23:28:14'),
(985, '1', 78, 2, 1, 5, '2020-05-03 23:28:14', '2020-05-03 23:28:14'),
(986, '1', 78, 3, 5, 5, '2020-05-03 23:28:14', '2020-05-03 23:28:14'),
(987, '1', 79, 1, 1, 5, '2020-05-03 23:28:14', '2020-05-03 23:28:14'),
(988, '1', 79, 2, 1, 5, '2020-05-03 23:28:14', '2020-05-03 23:28:14'),
(989, '1', 79, 3, 5, 5, '2020-05-03 23:28:14', '2020-05-03 23:28:14'),
(990, '1', 80, 1, 1, 5, '2020-05-03 23:28:14', '2020-05-03 23:28:14'),
(991, '1', 80, 2, 1, 5, '2020-05-03 23:28:14', '2020-05-03 23:28:14'),
(992, '1', 80, 3, 5, 5, '2020-05-03 23:28:14', '2020-05-03 23:28:14'),
(993, '1', 81, 1, 1, 5, '2020-05-03 23:28:14', '2020-05-03 23:28:14'),
(994, '1', 81, 2, 1, 5, '2020-05-03 23:28:14', '2020-05-03 23:28:14'),
(995, '1', 81, 3, 5, 5, '2020-05-03 23:28:14', '2020-05-03 23:28:14'),
(996, '1', 82, 1, 1, 5, '2020-05-03 23:28:14', '2020-05-03 23:28:14'),
(997, '1', 82, 2, 1, 5, '2020-05-03 23:28:14', '2020-05-03 23:28:14'),
(998, '1', 82, 3, 5, 5, '2020-05-03 23:28:14', '2020-05-03 23:28:14'),
(999, '1', 83, NULL, 13, 6, '2020-05-03 23:32:00', '2020-05-03 23:32:00'),
(1000, '1', 84, NULL, 13, 6, '2020-05-03 23:32:00', '2020-05-03 23:32:00'),
(1001, '1', 85, NULL, 13, 6, '2020-05-03 23:32:00', '2020-05-03 23:32:00'),
(1002, '1', 86, NULL, 13, 6, '2020-05-03 23:32:00', '2020-05-03 23:32:00'),
(1003, '1', 87, NULL, 13, 6, '2020-05-03 23:32:00', '2020-05-03 23:32:00'),
(1004, '1', 88, NULL, 13, 6, '2020-05-03 23:32:00', '2020-05-03 23:32:00'),
(1005, '1', 89, NULL, 13, 6, '2020-05-03 23:32:00', '2020-05-03 23:32:00'),
(1006, '1', 90, NULL, 13, 6, '2020-05-03 23:32:00', '2020-05-03 23:32:00'),
(1007, '1', 91, NULL, 13, 6, '2020-05-03 23:32:00', '2020-05-03 23:32:00'),
(1008, '1', 92, NULL, 13, 6, '2020-05-03 23:32:00', '2020-05-03 23:32:00'),
(1009, '1', 93, NULL, 13, 6, '2020-05-03 23:32:00', '2020-05-03 23:32:00'),
(1010, '1', 94, NULL, 13, 6, '2020-05-03 23:32:00', '2020-05-03 23:32:00'),
(1011, '1', 95, NULL, 13, 6, '2020-05-03 23:32:00', '2020-05-03 23:32:00'),
(1012, '1', 96, NULL, 13, 6, '2020-05-03 23:32:00', '2020-05-03 23:32:00'),
(1013, '1', 97, NULL, 13, 6, '2020-05-03 23:32:00', '2020-05-03 23:32:00'),
(1014, '1', 98, NULL, 13, 6, '2020-05-03 23:32:00', '2020-05-03 23:32:00'),
(1015, '1', 99, NULL, 13, 6, '2020-05-03 23:32:00', '2020-05-03 23:32:00'),
(1016, '1', 100, NULL, 13, 6, '2020-05-03 23:32:00', '2020-05-03 23:32:00'),
(1017, '1', 101, NULL, 13, 6, '2020-05-03 23:32:00', '2020-05-03 23:32:00'),
(1018, '1', 102, NULL, 13, 6, '2020-05-03 23:32:00', '2020-05-03 23:32:00'),
(1019, '1', 103, NULL, 13, 6, '2020-05-03 23:32:00', '2020-05-03 23:32:00'),
(1020, '1', 104, NULL, 13, 6, '2020-05-03 23:32:00', '2020-05-03 23:32:00'),
(1021, '1', 105, NULL, 13, 6, '2020-05-03 23:32:00', '2020-05-03 23:32:00'),
(1022, '1', 106, NULL, 7, 6, '2020-05-03 23:32:00', '2020-05-03 23:32:00'),
(1023, '1', 107, NULL, 7, 6, '2020-05-03 23:32:00', '2020-05-03 23:32:00'),
(1024, '1', 108, NULL, 7, 6, '2020-05-03 23:32:00', '2020-05-03 23:32:00'),
(1025, '1', 109, NULL, 7, 6, '2020-05-03 23:32:00', '2020-05-03 23:32:00'),
(1026, '1', 110, NULL, 7, 6, '2020-05-03 23:32:00', '2020-05-03 23:32:00'),
(1027, '1', 111, NULL, 7, 6, '2020-05-03 23:32:00', '2020-05-03 23:32:00'),
(1028, '1', 112, NULL, 7, 6, '2020-05-03 23:32:00', '2020-05-03 23:32:00'),
(1029, '1', 113, NULL, 9, 6, '2020-05-03 23:32:00', '2020-05-03 23:32:00'),
(1030, '1', 114, NULL, 9, 6, '2020-05-03 23:32:00', '2020-05-03 23:32:00'),
(1031, '1', 115, NULL, 9, 6, '2020-05-03 23:32:00', '2020-05-03 23:32:00'),
(1032, '1', 116, NULL, 9, 6, '2020-05-03 23:32:00', '2020-05-03 23:32:00'),
(1033, '1', 117, NULL, 9, 6, '2020-05-03 23:32:00', '2020-05-03 23:32:00'),
(1034, '1', 118, NULL, 9, 6, '2020-05-03 23:32:00', '2020-05-03 23:32:00'),
(1035, '1', 119, NULL, 13, 6, '2020-05-03 23:32:00', '2020-05-03 23:32:00'),
(1036, '1', 120, NULL, 13, 6, '2020-05-03 23:32:00', '2020-05-03 23:32:00'),
(1037, '1', 121, NULL, 13, 6, '2020-05-03 23:32:00', '2020-05-03 23:32:00'),
(1038, '1', 122, NULL, 13, 6, '2020-05-03 23:32:00', '2020-05-03 23:32:00'),
(1039, '1', 123, NULL, 13, 6, '2020-05-03 23:32:00', '2020-05-03 23:32:00'),
(1040, '1', 124, NULL, 13, 6, '2020-05-03 23:32:00', '2020-05-03 23:32:00'),
(1041, '1', 125, NULL, 13, 6, '2020-05-03 23:32:00', '2020-05-03 23:32:00'),
(1042, '1', 126, NULL, 13, 6, '2020-05-03 23:32:00', '2020-05-03 23:32:00'),
(1043, '1', 127, NULL, 13, 6, '2020-05-03 23:32:00', '2020-05-03 23:32:00'),
(1044, '1', 128, NULL, 13, 6, '2020-05-03 23:32:00', '2020-05-03 23:32:00'),
(1045, '1', 129, NULL, 13, 6, '2020-05-03 23:32:00', '2020-05-03 23:32:00'),
(1046, '1', 130, NULL, 13, 6, '2020-05-03 23:32:00', '2020-05-03 23:32:00'),
(1047, '1', 131, NULL, 13, 6, '2020-05-03 23:32:00', '2020-05-03 23:32:00'),
(1048, '1', 132, NULL, 13, 6, '2020-05-03 23:32:00', '2020-05-03 23:32:00'),
(1049, '1', 133, NULL, 13, 6, '2020-05-03 23:32:00', '2020-05-03 23:32:00'),
(1050, '1', 134, NULL, 13, 6, '2020-05-03 23:32:00', '2020-05-03 23:32:00'),
(1051, '1', 135, NULL, 13, 6, '2020-05-03 23:32:00', '2020-05-03 23:32:00'),
(1052, '1', 136, NULL, 13, 6, '2020-05-03 23:32:00', '2020-05-03 23:32:00'),
(1053, '1', 137, NULL, 13, 6, '2020-05-03 23:32:00', '2020-05-03 23:32:00'),
(1054, '1', 138, NULL, 13, 6, '2020-05-03 23:32:00', '2020-05-03 23:32:00'),
(1055, '1', 139, NULL, 13, 6, '2020-05-03 23:32:00', '2020-05-03 23:32:00'),
(1056, '1', 140, NULL, 13, 6, '2020-05-03 23:32:00', '2020-05-03 23:32:00'),
(1057, '1', 141, NULL, 13, 6, '2020-05-03 23:32:00', '2020-05-03 23:32:00'),
(1058, '1', 142, NULL, 13, 6, '2020-05-03 23:32:00', '2020-05-03 23:32:00'),
(1059, '1', 143, NULL, 13, 6, '2020-05-03 23:32:00', '2020-05-03 23:32:00'),
(1060, '1', 144, NULL, 13, 6, '2020-05-03 23:32:00', '2020-05-03 23:32:00'),
(1061, '1', 145, NULL, 13, 6, '2020-05-03 23:32:00', '2020-05-03 23:32:00'),
(1062, '1', 146, NULL, 13, 6, '2020-05-03 23:32:00', '2020-05-03 23:32:00'),
(1063, '1', 147, NULL, 13, 6, '2020-05-03 23:32:00', '2020-05-03 23:32:00'),
(1064, '1', 148, NULL, 13, 6, '2020-05-03 23:32:00', '2020-05-03 23:32:00'),
(1065, '1', 149, NULL, 13, 6, '2020-05-03 23:32:00', '2020-05-03 23:32:00'),
(1066, '1', 150, NULL, 13, 6, '2020-05-03 23:32:00', '2020-05-03 23:32:00'),
(1067, '1', 151, NULL, 13, 6, '2020-05-03 23:32:00', '2020-05-03 23:32:00'),
(1068, '1', 152, NULL, 13, 6, '2020-05-03 23:32:00', '2020-05-03 23:32:00'),
(1069, '1', 153, NULL, 13, 6, '2020-05-03 23:32:00', '2020-05-03 23:32:00'),
(1070, '1', 154, NULL, 13, 6, '2020-05-03 23:32:00', '2020-05-03 23:32:00'),
(1071, '1', 155, NULL, 13, 6, '2020-05-03 23:32:00', '2020-05-03 23:32:00'),
(1072, '1', 156, NULL, 13, 6, '2020-05-03 23:32:00', '2020-05-03 23:32:00'),
(1073, '1', 157, NULL, 13, 6, '2020-05-03 23:32:00', '2020-05-03 23:32:00'),
(1074, '1', 158, NULL, 7, 6, '2020-05-03 23:32:00', '2020-05-03 23:32:00'),
(1075, '1', 159, NULL, 7, 6, '2020-05-03 23:32:00', '2020-05-03 23:32:00'),
(1076, '1', 160, NULL, 7, 6, '2020-05-03 23:32:00', '2020-05-03 23:32:00'),
(1077, '1', 161, NULL, 7, 6, '2020-05-03 23:32:00', '2020-05-03 23:32:00'),
(1078, '1', 162, NULL, 7, 6, '2020-05-03 23:32:00', '2020-05-03 23:32:00'),
(1079, '1', 163, NULL, 7, 6, '2020-05-03 23:32:00', '2020-05-03 23:32:00'),
(1080, '1', 164, NULL, 7, 6, '2020-05-03 23:32:00', '2020-05-03 23:32:00'),
(1081, '1', 165, NULL, 7, 6, '2020-05-03 23:32:00', '2020-05-03 23:32:00'),
(1082, '1', 166, NULL, 7, 6, '2020-05-03 23:32:00', '2020-05-03 23:32:00'),
(1083, '1', 167, NULL, 7, 6, '2020-05-03 23:32:00', '2020-05-03 23:32:00'),
(1084, '1', 168, NULL, 7, 6, '2020-05-03 23:32:00', '2020-05-03 23:32:00'),
(1085, '1', 169, NULL, 7, 6, '2020-05-03 23:32:00', '2020-05-03 23:32:00'),
(1086, '1', 170, NULL, 9, 6, '2020-05-03 23:32:00', '2020-05-03 23:32:00'),
(1087, '1', 171, NULL, 9, 6, '2020-05-03 23:32:00', '2020-05-03 23:32:00'),
(1088, '1', 172, NULL, 9, 6, '2020-05-03 23:32:00', '2020-05-03 23:32:00'),
(1089, '1', 173, NULL, 9, 6, '2020-05-03 23:32:00', '2020-05-03 23:32:00'),
(1090, '1', 174, NULL, 9, 6, '2020-05-03 23:32:00', '2020-05-03 23:32:00'),
(1091, '1', 175, NULL, 9, 6, '2020-05-03 23:32:00', '2020-05-03 23:32:00'),
(1092, '1', 176, NULL, 11, 6, '2020-05-03 23:32:00', '2020-05-03 23:32:00'),
(1093, '1', 177, NULL, 11, 6, '2020-05-03 23:32:00', '2020-05-03 23:32:00'),
(1094, '1', 178, NULL, 11, 6, '2020-05-03 23:32:00', '2020-05-03 23:32:00'),
(1095, '1', 179, NULL, 11, 6, '2020-05-03 23:32:00', '2020-05-03 23:32:00'),
(1096, '1', 180, NULL, 11, 6, '2020-05-03 23:32:00', '2020-05-03 23:32:00'),
(1097, '1', 181, NULL, 11, 6, '2020-05-03 23:32:00', '2020-05-03 23:32:00'),
(1098, '1', 182, NULL, 11, 6, '2020-05-03 23:32:00', '2020-05-03 23:32:00'),
(1099, '1', 183, NULL, 11, 6, '2020-05-03 23:32:00', '2020-05-03 23:32:00'),
(1100, '1', 184, NULL, 11, 6, '2020-05-03 23:32:00', '2020-05-03 23:32:00'),
(1101, '1', 185, NULL, 11, 6, '2020-05-03 23:32:00', '2020-05-03 23:32:00'),
(1102, '1', 186, NULL, 11, 6, '2020-05-03 23:32:00', '2020-05-03 23:32:00'),
(1103, '1', 187, NULL, 11, 6, '2020-05-03 23:32:00', '2020-05-03 23:32:00'),
(1104, '1', 188, NULL, 13, 6, '2020-05-03 23:32:00', '2020-05-03 23:32:00'),
(1105, '1', 189, NULL, 13, 6, '2020-05-03 23:32:00', '2020-05-03 23:32:00'),
(1106, '1', 190, NULL, 13, 6, '2020-05-03 23:32:00', '2020-05-03 23:32:00'),
(1107, '1', 191, NULL, 13, 6, '2020-05-03 23:32:00', '2020-05-03 23:32:00'),
(1108, '1', 192, NULL, 13, 6, '2020-05-03 23:32:00', '2020-05-03 23:32:00'),
(1109, '1', 193, NULL, 13, 6, '2020-05-03 23:32:00', '2020-05-03 23:32:00'),
(1110, '1', 194, NULL, 13, 6, '2020-05-03 23:32:00', '2020-05-03 23:32:00'),
(1111, '1', 195, NULL, 13, 6, '2020-05-03 23:32:00', '2020-05-03 23:32:00'),
(1112, '1', 196, NULL, 13, 6, '2020-05-03 23:32:00', '2020-05-03 23:32:00'),
(1113, '1', 197, NULL, 13, 6, '2020-05-03 23:32:00', '2020-05-03 23:32:00'),
(1114, '1', 198, NULL, 13, 6, '2020-05-03 23:32:00', '2020-05-03 23:32:00'),
(1115, '1', 199, NULL, 13, 6, '2020-05-03 23:32:00', '2020-05-03 23:32:00'),
(1116, '1', 200, NULL, 13, 6, '2020-05-03 23:32:00', '2020-05-03 23:32:00'),
(1117, '1', 201, NULL, 13, 6, '2020-05-03 23:32:00', '2020-05-03 23:32:00'),
(1118, '1', 202, NULL, 13, 6, '2020-05-03 23:32:00', '2020-05-03 23:32:00'),
(1119, '1', 203, NULL, 13, 6, '2020-05-03 23:32:00', '2020-05-03 23:32:00'),
(1120, '1', 204, NULL, 13, 6, '2020-05-03 23:32:00', '2020-05-03 23:32:00'),
(1121, '1', 205, NULL, 13, 6, '2020-05-03 23:32:00', '2020-05-03 23:32:00'),
(1122, '1', 206, NULL, 11, 6, '2020-05-03 23:32:00', '2020-05-03 23:32:00'),
(1123, '1', 207, NULL, 11, 6, '2020-05-03 23:32:00', '2020-05-03 23:32:00'),
(1124, '1', 208, NULL, 11, 6, '2020-05-03 23:32:00', '2020-05-03 23:32:00'),
(1125, '1', 209, NULL, 9, 6, '2020-05-03 23:32:00', '2020-05-03 23:32:00'),
(1126, '1', 210, NULL, 9, 6, '2020-05-03 23:32:00', '2020-05-03 23:32:00'),
(1127, '1', 211, NULL, 9, 6, '2020-05-03 23:32:00', '2020-05-03 23:32:00'),
(1128, '1', 212, NULL, 9, 6, '2020-05-03 23:32:00', '2020-05-03 23:32:00'),
(1129, '1', 1, 1, 4, 7, '2020-05-03 23:40:13', '2020-05-03 23:40:13'),
(1130, '1', 1, 2, 4, 7, '2020-05-03 23:40:13', '2020-05-03 23:40:13'),
(1131, '1', 1, 3, 6, 7, '2020-05-03 23:40:13', '2020-05-03 23:40:13'),
(1132, '1', 2, 1, 4, 7, '2020-05-03 23:40:13', '2020-05-03 23:40:13'),
(1133, '1', 2, 2, 4, 7, '2020-05-03 23:40:13', '2020-05-03 23:40:13'),
(1134, '1', 2, 3, 6, 7, '2020-05-03 23:40:13', '2020-05-03 23:40:13'),
(1135, '1', 3, 1, 4, 7, '2020-05-03 23:40:13', '2020-05-03 23:40:13'),
(1136, '1', 3, 2, 4, 7, '2020-05-03 23:40:13', '2020-05-03 23:40:13'),
(1137, '1', 3, 3, 6, 7, '2020-05-03 23:40:13', '2020-05-03 23:40:13'),
(1138, '1', 4, 1, 4, 7, '2020-05-03 23:40:13', '2020-05-03 23:40:13'),
(1139, '1', 4, 2, 4, 7, '2020-05-03 23:40:13', '2020-05-03 23:40:13'),
(1140, '1', 4, 3, 6, 7, '2020-05-03 23:40:13', '2020-05-03 23:40:13'),
(1141, '1', 5, 1, 4, 7, '2020-05-03 23:40:13', '2020-05-03 23:40:13'),
(1142, '1', 5, 2, 4, 7, '2020-05-03 23:40:13', '2020-05-03 23:40:13'),
(1143, '1', 5, 3, 6, 7, '2020-05-03 23:40:13', '2020-05-03 23:40:13'),
(1144, '1', 6, 1, 4, 7, '2020-05-03 23:40:13', '2020-05-03 23:40:13'),
(1145, '1', 6, 2, 4, 7, '2020-05-03 23:40:13', '2020-05-03 23:40:13'),
(1146, '1', 6, 3, 6, 7, '2020-05-03 23:40:13', '2020-05-03 23:40:13'),
(1147, '1', 7, 1, 4, 7, '2020-05-03 23:40:13', '2020-05-03 23:40:13'),
(1148, '1', 7, 2, 4, 7, '2020-05-03 23:40:13', '2020-05-03 23:40:13'),
(1149, '1', 7, 3, 6, 7, '2020-05-03 23:40:13', '2020-05-03 23:40:13'),
(1150, '1', 8, 1, 4, 7, '2020-05-03 23:40:13', '2020-05-03 23:40:13'),
(1151, '1', 8, 2, 4, 7, '2020-05-03 23:40:13', '2020-05-03 23:40:13'),
(1152, '1', 8, 3, 6, 7, '2020-05-03 23:40:13', '2020-05-03 23:40:13'),
(1153, '1', 9, 1, 4, 7, '2020-05-03 23:40:13', '2020-05-03 23:40:13'),
(1154, '1', 9, 2, 4, 7, '2020-05-03 23:40:13', '2020-05-03 23:40:13'),
(1155, '1', 9, 3, 6, 7, '2020-05-03 23:40:13', '2020-05-03 23:40:13'),
(1156, '1', 10, 1, 4, 7, '2020-05-03 23:40:13', '2020-05-03 23:40:13'),
(1157, '1', 10, 2, 4, 7, '2020-05-03 23:40:13', '2020-05-03 23:40:13'),
(1158, '1', 10, 3, 6, 7, '2020-05-03 23:40:13', '2020-05-03 23:40:13'),
(1159, '1', 11, 1, 4, 7, '2020-05-03 23:40:13', '2020-05-03 23:40:13'),
(1160, '1', 11, 2, 4, 7, '2020-05-03 23:40:13', '2020-05-03 23:40:13'),
(1161, '1', 11, 3, 6, 7, '2020-05-03 23:40:13', '2020-05-03 23:40:13'),
(1162, '1', 12, 1, 4, 7, '2020-05-03 23:40:13', '2020-05-03 23:40:13'),
(1163, '1', 12, 2, 4, 7, '2020-05-03 23:40:13', '2020-05-03 23:40:13'),
(1164, '1', 12, 3, 6, 7, '2020-05-03 23:40:13', '2020-05-03 23:40:13'),
(1165, '1', 13, 1, 4, 7, '2020-05-03 23:40:13', '2020-05-03 23:40:13'),
(1166, '1', 13, 2, 4, 7, '2020-05-03 23:40:13', '2020-05-03 23:40:13'),
(1167, '1', 13, 3, 6, 7, '2020-05-03 23:40:13', '2020-05-03 23:40:13'),
(1168, '1', 14, 1, 4, 7, '2020-05-03 23:40:13', '2020-05-03 23:40:13'),
(1169, '1', 14, 2, 4, 7, '2020-05-03 23:40:13', '2020-05-03 23:40:13'),
(1170, '1', 14, 3, 6, 7, '2020-05-03 23:40:13', '2020-05-03 23:40:13'),
(1171, '1', 15, 1, 4, 7, '2020-05-03 23:40:13', '2020-05-03 23:40:13'),
(1172, '1', 15, 2, 4, 7, '2020-05-03 23:40:13', '2020-05-03 23:40:13'),
(1173, '1', 15, 3, 6, 7, '2020-05-03 23:40:13', '2020-05-03 23:40:13'),
(1174, '1', 16, 1, 4, 7, '2020-05-03 23:40:13', '2020-05-03 23:40:13'),
(1175, '1', 16, 2, 4, 7, '2020-05-03 23:40:13', '2020-05-03 23:40:13'),
(1176, '1', 16, 3, 6, 7, '2020-05-03 23:40:13', '2020-05-03 23:40:13'),
(1177, '1', 17, 1, 4, 7, '2020-05-03 23:40:13', '2020-05-03 23:40:13'),
(1178, '1', 17, 2, 4, 7, '2020-05-03 23:40:13', '2020-05-03 23:40:13'),
(1179, '1', 17, 3, 6, 7, '2020-05-03 23:40:13', '2020-05-03 23:40:13'),
(1180, '1', 18, 1, 4, 7, '2020-05-03 23:40:13', '2020-05-03 23:40:13'),
(1181, '1', 18, 2, 4, 7, '2020-05-03 23:40:13', '2020-05-03 23:40:13'),
(1182, '1', 18, 3, 6, 7, '2020-05-03 23:40:13', '2020-05-03 23:40:13'),
(1183, '1', 19, 1, 4, 7, '2020-05-03 23:40:13', '2020-05-03 23:40:13'),
(1184, '1', 19, 2, 4, 7, '2020-05-03 23:40:13', '2020-05-03 23:40:13'),
(1185, '1', 19, 3, 6, 7, '2020-05-03 23:40:13', '2020-05-03 23:40:13'),
(1186, '1', 20, 1, 4, 7, '2020-05-03 23:40:13', '2020-05-03 23:40:13'),
(1187, '1', 20, 2, 4, 7, '2020-05-03 23:40:13', '2020-05-03 23:40:13'),
(1188, '1', 20, 3, 6, 7, '2020-05-03 23:40:13', '2020-05-03 23:40:13'),
(1189, '1', 21, 1, 4, 7, '2020-05-03 23:40:13', '2020-05-03 23:40:13'),
(1190, '1', 21, 2, 4, 7, '2020-05-03 23:40:13', '2020-05-03 23:40:13'),
(1191, '1', 21, 3, 6, 7, '2020-05-03 23:40:13', '2020-05-03 23:40:13'),
(1192, '1', 22, 1, 4, 7, '2020-05-03 23:40:13', '2020-05-03 23:40:13'),
(1193, '1', 22, 2, 4, 7, '2020-05-03 23:40:13', '2020-05-03 23:40:13'),
(1194, '1', 22, 3, 6, 7, '2020-05-03 23:40:13', '2020-05-03 23:40:13'),
(1195, '1', 23, 1, 4, 7, '2020-05-03 23:40:13', '2020-05-03 23:40:13'),
(1196, '1', 23, 2, 4, 7, '2020-05-03 23:40:13', '2020-05-03 23:40:13'),
(1197, '1', 23, 3, 6, 7, '2020-05-03 23:40:13', '2020-05-03 23:40:13'),
(1198, '1', 24, 1, 4, 7, '2020-05-03 23:40:13', '2020-05-03 23:40:13'),
(1199, '1', 24, 2, 4, 7, '2020-05-03 23:40:13', '2020-05-03 23:40:13'),
(1200, '1', 24, 3, 6, 7, '2020-05-03 23:40:13', '2020-05-03 23:40:13'),
(1201, '1', 25, 1, 4, 7, '2020-05-03 23:40:13', '2020-05-03 23:40:13'),
(1202, '1', 25, 2, 4, 7, '2020-05-03 23:40:13', '2020-05-03 23:40:13'),
(1203, '1', 25, 3, 6, 7, '2020-05-03 23:40:13', '2020-05-03 23:40:13'),
(1204, '1', 26, 1, 4, 7, '2020-05-03 23:40:13', '2020-05-03 23:40:13'),
(1205, '1', 26, 2, 4, 7, '2020-05-03 23:40:13', '2020-05-03 23:40:13'),
(1206, '1', 26, 3, 6, 7, '2020-05-03 23:40:13', '2020-05-03 23:40:13'),
(1207, '1', 27, 1, 4, 7, '2020-05-03 23:40:13', '2020-05-03 23:40:13'),
(1208, '1', 27, 2, 4, 7, '2020-05-03 23:40:13', '2020-05-03 23:40:13'),
(1209, '1', 27, 3, 6, 7, '2020-05-03 23:40:13', '2020-05-03 23:40:13'),
(1210, '1', 28, 1, 4, 7, '2020-05-03 23:40:13', '2020-05-03 23:40:13'),
(1211, '1', 28, 2, 4, 7, '2020-05-03 23:40:13', '2020-05-03 23:40:13'),
(1212, '1', 28, 3, 6, 7, '2020-05-03 23:40:13', '2020-05-03 23:40:13'),
(1213, '1', 29, 1, 4, 7, '2020-05-03 23:40:13', '2020-05-03 23:40:13'),
(1214, '1', 29, 2, 4, 7, '2020-05-03 23:40:13', '2020-05-03 23:40:13'),
(1215, '1', 29, 3, 6, 7, '2020-05-03 23:40:13', '2020-05-03 23:40:13'),
(1216, '1', 30, 1, 4, 7, '2020-05-03 23:40:13', '2020-05-03 23:40:13'),
(1217, '1', 30, 2, 4, 7, '2020-05-03 23:40:13', '2020-05-03 23:40:13'),
(1218, '1', 30, 3, 6, 7, '2020-05-03 23:40:13', '2020-05-03 23:40:13'),
(1219, '1', 31, 1, 4, 7, '2020-05-03 23:40:13', '2020-05-03 23:40:13'),
(1220, '1', 31, 2, 4, 7, '2020-05-03 23:40:13', '2020-05-03 23:40:13'),
(1221, '1', 31, 3, 6, 7, '2020-05-03 23:40:13', '2020-05-03 23:40:13'),
(1222, '1', 32, 1, 4, 7, '2020-05-03 23:40:13', '2020-05-03 23:40:13'),
(1223, '1', 32, 2, 4, 7, '2020-05-03 23:40:13', '2020-05-03 23:40:13'),
(1224, '1', 32, 3, 6, 7, '2020-05-03 23:40:13', '2020-05-03 23:40:13'),
(1225, '1', 33, 1, 4, 7, '2020-05-03 23:40:13', '2020-05-03 23:40:13'),
(1226, '1', 33, 2, 4, 7, '2020-05-03 23:40:13', '2020-05-03 23:40:13'),
(1227, '1', 33, 3, 6, 7, '2020-05-03 23:40:13', '2020-05-03 23:40:13'),
(1228, '1', 34, 1, 4, 7, '2020-05-03 23:40:13', '2020-05-03 23:40:13'),
(1229, '1', 34, 2, 4, 7, '2020-05-03 23:40:13', '2020-05-03 23:40:13'),
(1230, '1', 34, 3, 6, 7, '2020-05-03 23:40:13', '2020-05-03 23:40:13'),
(1231, '1', 35, 1, 4, 7, '2020-05-03 23:40:13', '2020-05-03 23:40:13'),
(1232, '1', 35, 2, 4, 7, '2020-05-03 23:40:13', '2020-05-03 23:40:13'),
(1233, '1', 35, 3, 6, 7, '2020-05-03 23:40:13', '2020-05-03 23:40:13'),
(1234, '1', 36, 1, 4, 7, '2020-05-03 23:40:13', '2020-05-03 23:40:13'),
(1235, '1', 36, 2, 4, 7, '2020-05-03 23:40:13', '2020-05-03 23:40:13'),
(1236, '1', 36, 3, 6, 7, '2020-05-03 23:40:13', '2020-05-03 23:40:13'),
(1237, '1', 37, 1, 4, 7, '2020-05-03 23:40:13', '2020-05-03 23:40:13'),
(1238, '1', 37, 2, 4, 7, '2020-05-03 23:40:13', '2020-05-03 23:40:13'),
(1239, '1', 37, 3, 6, 7, '2020-05-03 23:40:13', '2020-05-03 23:40:13'),
(1240, '1', 38, 1, 4, 7, '2020-05-03 23:40:13', '2020-05-03 23:40:13'),
(1241, '1', 38, 2, 4, 7, '2020-05-03 23:40:13', '2020-05-03 23:40:13'),
(1242, '1', 38, 3, 6, 7, '2020-05-03 23:40:13', '2020-05-03 23:40:13'),
(1243, '1', 39, 1, 4, 7, '2020-05-03 23:40:13', '2020-05-03 23:40:13'),
(1244, '1', 39, 2, 4, 7, '2020-05-03 23:40:13', '2020-05-03 23:40:13'),
(1245, '1', 39, 3, 6, 7, '2020-05-03 23:40:13', '2020-05-03 23:40:13'),
(1246, '1', 40, 1, 4, 7, '2020-05-03 23:40:13', '2020-05-03 23:40:13'),
(1247, '1', 40, 2, 4, 7, '2020-05-03 23:40:13', '2020-05-03 23:40:13'),
(1248, '1', 40, 3, 6, 7, '2020-05-03 23:40:13', '2020-05-03 23:40:13'),
(1249, '1', 41, 1, 4, 7, '2020-05-03 23:40:13', '2020-05-03 23:40:13'),
(1250, '1', 41, 2, 4, 7, '2020-05-03 23:40:13', '2020-05-03 23:40:13'),
(1251, '1', 41, 3, 6, 7, '2020-05-03 23:40:13', '2020-05-03 23:40:13'),
(1252, '1', 42, 1, 4, 7, '2020-05-03 23:40:13', '2020-05-03 23:40:13'),
(1253, '1', 42, 2, 4, 7, '2020-05-03 23:40:13', '2020-05-03 23:40:13'),
(1254, '1', 42, 3, 6, 7, '2020-05-03 23:40:13', '2020-05-03 23:40:13'),
(1255, '1', 43, 1, 4, 7, '2020-05-03 23:40:13', '2020-05-03 23:40:13'),
(1256, '1', 43, 2, 4, 7, '2020-05-03 23:40:13', '2020-05-03 23:40:13'),
(1257, '1', 43, 3, 6, 7, '2020-05-03 23:40:13', '2020-05-03 23:40:13'),
(1258, '1', 44, 1, 4, 7, '2020-05-03 23:40:13', '2020-05-03 23:40:13'),
(1259, '1', 44, 2, 4, 7, '2020-05-03 23:40:13', '2020-05-03 23:40:13'),
(1260, '1', 44, 3, 6, 7, '2020-05-03 23:40:13', '2020-05-03 23:40:13'),
(1261, '1', 45, 1, 4, 7, '2020-05-03 23:40:13', '2020-05-03 23:40:13'),
(1262, '1', 45, 2, 4, 7, '2020-05-03 23:40:13', '2020-05-03 23:40:13'),
(1263, '1', 45, 3, 6, 7, '2020-05-03 23:40:13', '2020-05-03 23:40:13'),
(1264, '1', 46, 1, 4, 7, '2020-05-03 23:40:13', '2020-05-03 23:40:13'),
(1265, '1', 46, 2, 4, 7, '2020-05-03 23:40:13', '2020-05-03 23:40:13'),
(1266, '1', 46, 3, 6, 7, '2020-05-03 23:40:13', '2020-05-03 23:40:13'),
(1267, '1', 47, 1, 4, 7, '2020-05-03 23:40:13', '2020-05-03 23:40:13'),
(1268, '1', 47, 2, 4, 7, '2020-05-03 23:40:13', '2020-05-03 23:40:13'),
(1269, '1', 47, 3, 6, 7, '2020-05-03 23:40:13', '2020-05-03 23:40:13'),
(1270, '1', 48, 1, 4, 7, '2020-05-03 23:40:13', '2020-05-03 23:40:13'),
(1271, '1', 48, 2, 4, 7, '2020-05-03 23:40:13', '2020-05-03 23:40:13'),
(1272, '1', 48, 3, 6, 7, '2020-05-03 23:40:13', '2020-05-03 23:40:13'),
(1273, '1', 49, 1, 4, 7, '2020-05-03 23:40:13', '2020-05-03 23:40:13'),
(1274, '1', 49, 2, 4, 7, '2020-05-03 23:40:13', '2020-05-03 23:40:13'),
(1275, '1', 49, 3, 6, 7, '2020-05-03 23:40:13', '2020-05-03 23:40:13'),
(1276, '1', 50, 1, 4, 7, '2020-05-03 23:40:13', '2020-05-03 23:40:13'),
(1277, '1', 50, 2, 4, 7, '2020-05-03 23:40:13', '2020-05-03 23:40:13'),
(1278, '1', 50, 3, 6, 7, '2020-05-03 23:40:13', '2020-05-03 23:40:13'),
(1279, '1', 51, 1, 4, 7, '2020-05-03 23:40:13', '2020-05-03 23:40:13'),
(1280, '1', 51, 2, 4, 7, '2020-05-03 23:40:13', '2020-05-03 23:40:13'),
(1281, '1', 51, 3, 6, 7, '2020-05-03 23:40:13', '2020-05-03 23:40:13'),
(1282, '1', 52, 1, 4, 7, '2020-05-03 23:40:13', '2020-05-03 23:40:13'),
(1283, '1', 52, 2, 4, 7, '2020-05-03 23:40:13', '2020-05-03 23:40:13'),
(1284, '1', 52, 3, 6, 7, '2020-05-03 23:40:13', '2020-05-03 23:40:13'),
(1285, '1', 53, 1, 4, 7, '2020-05-03 23:40:13', '2020-05-03 23:40:13'),
(1286, '1', 53, 2, 4, 7, '2020-05-03 23:40:13', '2020-05-03 23:40:13'),
(1287, '1', 53, 3, 6, 7, '2020-05-03 23:40:13', '2020-05-03 23:40:13'),
(1288, '1', 54, 1, 4, 7, '2020-05-03 23:40:13', '2020-05-03 23:40:13'),
(1289, '1', 54, 2, 4, 7, '2020-05-03 23:40:13', '2020-05-03 23:40:13'),
(1290, '1', 54, 3, 6, 7, '2020-05-03 23:40:13', '2020-05-03 23:40:13'),
(1291, '1', 55, 1, 4, 7, '2020-05-03 23:40:13', '2020-05-03 23:40:13'),
(1292, '1', 55, 2, 4, 7, '2020-05-03 23:40:13', '2020-05-03 23:40:13'),
(1293, '1', 55, 3, 6, 7, '2020-05-03 23:40:13', '2020-05-03 23:40:13'),
(1294, '1', 56, 1, 4, 7, '2020-05-03 23:40:13', '2020-05-03 23:40:13'),
(1295, '1', 56, 2, 4, 7, '2020-05-03 23:40:13', '2020-05-03 23:40:13'),
(1296, '1', 56, 3, 6, 7, '2020-05-03 23:40:13', '2020-05-03 23:40:13'),
(1297, '1', 57, 1, 4, 7, '2020-05-03 23:40:13', '2020-05-03 23:40:13'),
(1298, '1', 57, 2, 4, 7, '2020-05-03 23:40:13', '2020-05-03 23:40:13'),
(1299, '1', 57, 3, 6, 7, '2020-05-03 23:40:13', '2020-05-03 23:40:13'),
(1300, '1', 58, 1, 3, 7, '2020-05-03 23:40:13', '2020-05-03 23:40:13'),
(1301, '1', 58, 2, 1, 7, '2020-05-03 23:40:13', '2020-05-03 23:40:13'),
(1302, '1', 58, 3, 5, 7, '2020-05-03 23:40:13', '2020-05-03 23:40:13'),
(1303, '1', 59, 1, 1, 7, '2020-05-03 23:40:13', '2020-05-03 23:40:13'),
(1304, '1', 59, 2, 1, 7, '2020-05-03 23:40:13', '2020-05-03 23:40:13'),
(1305, '1', 59, 3, 5, 7, '2020-05-03 23:40:13', '2020-05-03 23:40:13'),
(1306, '1', 60, 1, 1, 7, '2020-05-03 23:40:13', '2020-05-03 23:40:13'),
(1307, '1', 60, 2, 1, 7, '2020-05-03 23:40:13', '2020-05-03 23:40:13'),
(1308, '1', 60, 3, 5, 7, '2020-05-03 23:40:13', '2020-05-03 23:40:13'),
(1309, '1', 61, 1, 1, 7, '2020-05-03 23:40:13', '2020-05-03 23:40:13'),
(1310, '1', 61, 2, 1, 7, '2020-05-03 23:40:13', '2020-05-03 23:40:13'),
(1311, '1', 61, 3, 5, 7, '2020-05-03 23:40:13', '2020-05-03 23:40:13'),
(1312, '1', 62, 1, 1, 7, '2020-05-03 23:40:13', '2020-05-03 23:40:13'),
(1313, '1', 62, 2, 1, 7, '2020-05-03 23:40:13', '2020-05-03 23:40:13'),
(1314, '1', 62, 3, 5, 7, '2020-05-03 23:40:13', '2020-05-03 23:40:13'),
(1315, '1', 63, 1, 1, 7, '2020-05-03 23:40:13', '2020-05-03 23:40:13'),
(1316, '1', 63, 2, 1, 7, '2020-05-03 23:40:13', '2020-05-03 23:40:13'),
(1317, '1', 63, 3, 5, 7, '2020-05-03 23:40:13', '2020-05-03 23:40:13'),
(1318, '1', 64, 1, 1, 7, '2020-05-03 23:40:13', '2020-05-03 23:40:13'),
(1319, '1', 64, 2, 1, 7, '2020-05-03 23:40:13', '2020-05-03 23:40:13'),
(1320, '1', 64, 3, 5, 7, '2020-05-03 23:40:13', '2020-05-03 23:40:13'),
(1321, '1', 65, 1, 1, 7, '2020-05-03 23:40:13', '2020-05-03 23:40:13'),
(1322, '1', 65, 2, 1, 7, '2020-05-03 23:40:13', '2020-05-03 23:40:13'),
(1323, '1', 65, 3, 5, 7, '2020-05-03 23:40:13', '2020-05-03 23:40:13'),
(1324, '1', 66, 1, 1, 7, '2020-05-03 23:40:13', '2020-05-03 23:40:13'),
(1325, '1', 66, 2, 1, 7, '2020-05-03 23:40:13', '2020-05-03 23:40:13'),
(1326, '1', 66, 3, 5, 7, '2020-05-03 23:40:13', '2020-05-03 23:40:13'),
(1327, '1', 67, 1, 1, 7, '2020-05-03 23:40:13', '2020-05-03 23:40:13'),
(1328, '1', 67, 2, 1, 7, '2020-05-03 23:40:13', '2020-05-03 23:40:13'),
(1329, '1', 67, 3, 5, 7, '2020-05-03 23:40:13', '2020-05-03 23:40:13'),
(1330, '1', 68, 1, 1, 7, '2020-05-03 23:40:13', '2020-05-03 23:40:13'),
(1331, '1', 68, 2, 1, 7, '2020-05-03 23:40:13', '2020-05-03 23:40:13'),
(1332, '1', 68, 3, 5, 7, '2020-05-03 23:40:13', '2020-05-03 23:40:13'),
(1333, '1', 69, 1, 1, 7, '2020-05-03 23:40:13', '2020-05-03 23:40:13'),
(1334, '1', 69, 2, 1, 7, '2020-05-03 23:40:13', '2020-05-03 23:40:13'),
(1335, '1', 69, 3, 5, 7, '2020-05-03 23:40:13', '2020-05-03 23:40:13'),
(1336, '1', 70, 1, 1, 7, '2020-05-03 23:40:13', '2020-05-03 23:40:13'),
(1337, '1', 70, 2, 1, 7, '2020-05-03 23:40:13', '2020-05-03 23:40:13'),
(1338, '1', 70, 3, 5, 7, '2020-05-03 23:40:13', '2020-05-03 23:40:13'),
(1339, '1', 71, 1, 1, 7, '2020-05-03 23:40:13', '2020-05-03 23:40:13'),
(1340, '1', 71, 2, 1, 7, '2020-05-03 23:40:13', '2020-05-03 23:40:13'),
(1341, '1', 71, 3, 5, 7, '2020-05-03 23:40:13', '2020-05-03 23:40:13'),
(1342, '1', 72, 1, 1, 7, '2020-05-03 23:40:13', '2020-05-03 23:40:13'),
(1343, '1', 72, 2, 1, 7, '2020-05-03 23:40:13', '2020-05-03 23:40:13'),
(1344, '1', 72, 3, 5, 7, '2020-05-03 23:40:13', '2020-05-03 23:40:13'),
(1345, '1', 73, 1, 1, 7, '2020-05-03 23:40:13', '2020-05-03 23:40:13'),
(1346, '1', 73, 2, 1, 7, '2020-05-03 23:40:13', '2020-05-03 23:40:13'),
(1347, '1', 73, 3, 5, 7, '2020-05-03 23:40:13', '2020-05-03 23:40:13'),
(1348, '1', 74, 1, 1, 7, '2020-05-03 23:40:13', '2020-05-03 23:40:13'),
(1349, '1', 74, 2, 1, 7, '2020-05-03 23:40:13', '2020-05-03 23:40:13'),
(1350, '1', 74, 3, 5, 7, '2020-05-03 23:40:13', '2020-05-03 23:40:13'),
(1351, '1', 75, 1, 1, 7, '2020-05-03 23:40:13', '2020-05-03 23:40:13'),
(1352, '1', 75, 2, 1, 7, '2020-05-03 23:40:13', '2020-05-03 23:40:13'),
(1353, '1', 75, 3, 5, 7, '2020-05-03 23:40:13', '2020-05-03 23:40:13'),
(1354, '1', 76, 1, 1, 7, '2020-05-03 23:40:13', '2020-05-03 23:40:13'),
(1355, '1', 76, 2, 1, 7, '2020-05-03 23:40:13', '2020-05-03 23:40:13'),
(1356, '1', 76, 3, 5, 7, '2020-05-03 23:40:13', '2020-05-03 23:40:13'),
(1357, '1', 77, 1, 1, 7, '2020-05-03 23:40:13', '2020-05-03 23:40:13'),
(1358, '1', 77, 2, 1, 7, '2020-05-03 23:40:13', '2020-05-03 23:40:13'),
(1359, '1', 77, 3, 5, 7, '2020-05-03 23:40:13', '2020-05-03 23:40:13'),
(1360, '1', 78, 1, 1, 7, '2020-05-03 23:40:13', '2020-05-03 23:40:13'),
(1361, '1', 78, 2, 1, 7, '2020-05-03 23:40:13', '2020-05-03 23:40:13'),
(1362, '1', 78, 3, 5, 7, '2020-05-03 23:40:13', '2020-05-03 23:40:13'),
(1363, '1', 79, 1, 1, 7, '2020-05-03 23:40:13', '2020-05-03 23:40:13'),
(1364, '1', 79, 2, 1, 7, '2020-05-03 23:40:13', '2020-05-03 23:40:13'),
(1365, '1', 79, 3, 5, 7, '2020-05-03 23:40:13', '2020-05-03 23:40:13'),
(1366, '1', 80, 1, 1, 7, '2020-05-03 23:40:13', '2020-05-03 23:40:13'),
(1367, '1', 80, 2, 1, 7, '2020-05-03 23:40:13', '2020-05-03 23:40:13'),
(1368, '1', 80, 3, 5, 7, '2020-05-03 23:40:13', '2020-05-03 23:40:13'),
(1369, '1', 81, 1, 1, 7, '2020-05-03 23:40:13', '2020-05-03 23:40:13'),
(1370, '1', 81, 2, 1, 7, '2020-05-03 23:40:13', '2020-05-03 23:40:13'),
(1371, '1', 81, 3, 5, 7, '2020-05-03 23:40:13', '2020-05-03 23:40:13'),
(1372, '1', 82, 1, 1, 7, '2020-05-03 23:40:13', '2020-05-03 23:40:13'),
(1373, '1', 82, 2, 1, 7, '2020-05-03 23:40:13', '2020-05-03 23:40:13'),
(1374, '1', 82, 3, 5, 7, '2020-05-03 23:40:13', '2020-05-03 23:40:13'),
(1375, '1', 1, 1, 1, 8, '2020-05-03 23:44:04', '2020-05-03 23:44:04'),
(1376, '1', 1, 2, 1, 8, '2020-05-03 23:44:04', '2020-05-03 23:44:04'),
(1377, '1', 1, 3, 5, 8, '2020-05-03 23:44:04', '2020-05-03 23:44:04'),
(1378, '1', 2, 1, 1, 8, '2020-05-03 23:44:04', '2020-05-03 23:44:04'),
(1379, '1', 2, 2, 1, 8, '2020-05-03 23:44:04', '2020-05-03 23:44:04'),
(1380, '1', 2, 3, 5, 8, '2020-05-03 23:44:04', '2020-05-03 23:44:04'),
(1381, '1', 3, 1, 1, 8, '2020-05-03 23:44:04', '2020-05-03 23:44:04'),
(1382, '1', 3, 2, 1, 8, '2020-05-03 23:44:04', '2020-05-03 23:44:04'),
(1383, '1', 3, 3, 5, 8, '2020-05-03 23:44:04', '2020-05-03 23:44:04'),
(1384, '1', 4, 1, 1, 8, '2020-05-03 23:44:04', '2020-05-03 23:44:04'),
(1385, '1', 4, 2, 1, 8, '2020-05-03 23:44:04', '2020-05-03 23:44:04'),
(1386, '1', 4, 3, 5, 8, '2020-05-03 23:44:04', '2020-05-03 23:44:04'),
(1387, '1', 5, 1, 1, 8, '2020-05-03 23:44:04', '2020-05-03 23:44:04'),
(1388, '1', 5, 2, 1, 8, '2020-05-03 23:44:04', '2020-05-03 23:44:04'),
(1389, '1', 5, 3, 5, 8, '2020-05-03 23:44:04', '2020-05-03 23:44:04'),
(1390, '1', 6, 1, 1, 8, '2020-05-03 23:44:04', '2020-05-03 23:44:04'),
(1391, '1', 6, 2, 1, 8, '2020-05-03 23:44:04', '2020-05-03 23:44:04'),
(1392, '1', 6, 3, 5, 8, '2020-05-03 23:44:04', '2020-05-03 23:44:04'),
(1393, '1', 7, 1, 1, 8, '2020-05-03 23:44:04', '2020-05-03 23:44:04'),
(1394, '1', 7, 2, 1, 8, '2020-05-03 23:44:04', '2020-05-03 23:44:04'),
(1395, '1', 7, 3, 5, 8, '2020-05-03 23:44:04', '2020-05-03 23:44:04'),
(1396, '1', 8, 1, 1, 8, '2020-05-03 23:44:04', '2020-05-03 23:44:04'),
(1397, '1', 8, 2, 1, 8, '2020-05-03 23:44:04', '2020-05-03 23:44:04'),
(1398, '1', 8, 3, 5, 8, '2020-05-03 23:44:04', '2020-05-03 23:44:04'),
(1399, '1', 9, 1, 1, 8, '2020-05-03 23:44:04', '2020-05-03 23:44:04'),
(1400, '1', 9, 2, 1, 8, '2020-05-03 23:44:04', '2020-05-03 23:44:04'),
(1401, '1', 9, 3, 5, 8, '2020-05-03 23:44:04', '2020-05-03 23:44:04'),
(1402, '1', 10, 1, 1, 8, '2020-05-03 23:44:04', '2020-05-03 23:44:04'),
(1403, '1', 10, 2, 1, 8, '2020-05-03 23:44:04', '2020-05-03 23:44:04'),
(1404, '1', 10, 3, 5, 8, '2020-05-03 23:44:04', '2020-05-03 23:44:04'),
(1405, '1', 11, 1, 1, 8, '2020-05-03 23:44:04', '2020-05-03 23:44:04'),
(1406, '1', 11, 2, 1, 8, '2020-05-03 23:44:04', '2020-05-03 23:44:04'),
(1407, '1', 11, 3, 5, 8, '2020-05-03 23:44:04', '2020-05-03 23:44:04'),
(1408, '1', 12, 1, 1, 8, '2020-05-03 23:44:04', '2020-05-03 23:44:04'),
(1409, '1', 12, 2, 1, 8, '2020-05-03 23:44:04', '2020-05-03 23:44:04'),
(1410, '1', 12, 3, 5, 8, '2020-05-03 23:44:04', '2020-05-03 23:44:04'),
(1411, '1', 13, 1, 1, 8, '2020-05-03 23:44:04', '2020-05-03 23:44:04'),
(1412, '1', 13, 2, 1, 8, '2020-05-03 23:44:04', '2020-05-03 23:44:04'),
(1413, '1', 13, 3, 5, 8, '2020-05-03 23:44:04', '2020-05-03 23:44:04'),
(1414, '1', 14, 1, 1, 8, '2020-05-03 23:44:04', '2020-05-03 23:44:04'),
(1415, '1', 14, 2, 1, 8, '2020-05-03 23:44:04', '2020-05-03 23:44:04'),
(1416, '1', 14, 3, 5, 8, '2020-05-03 23:44:04', '2020-05-03 23:44:04');
INSERT INTO `encuesta_respuesta` (`id`, `estado`, `pregunta_id`, `subpregunta_id`, `respuesta_id`, `encuesta_puntaje_id`, `created_at`, `updated_at`) VALUES
(1417, '1', 15, 1, 1, 8, '2020-05-03 23:44:04', '2020-05-03 23:44:04'),
(1418, '1', 15, 2, 1, 8, '2020-05-03 23:44:04', '2020-05-03 23:44:04'),
(1419, '1', 15, 3, 5, 8, '2020-05-03 23:44:04', '2020-05-03 23:44:04'),
(1420, '1', 16, 1, 1, 8, '2020-05-03 23:44:04', '2020-05-03 23:44:04'),
(1421, '1', 16, 2, 1, 8, '2020-05-03 23:44:04', '2020-05-03 23:44:04'),
(1422, '1', 16, 3, 5, 8, '2020-05-03 23:44:04', '2020-05-03 23:44:04'),
(1423, '1', 17, 1, 1, 8, '2020-05-03 23:44:04', '2020-05-03 23:44:04'),
(1424, '1', 17, 2, 1, 8, '2020-05-03 23:44:04', '2020-05-03 23:44:04'),
(1425, '1', 17, 3, 5, 8, '2020-05-03 23:44:04', '2020-05-03 23:44:04'),
(1426, '1', 18, 1, 1, 8, '2020-05-03 23:44:04', '2020-05-03 23:44:04'),
(1427, '1', 18, 2, 1, 8, '2020-05-03 23:44:04', '2020-05-03 23:44:04'),
(1428, '1', 18, 3, 5, 8, '2020-05-03 23:44:04', '2020-05-03 23:44:04'),
(1429, '1', 19, 1, 1, 8, '2020-05-03 23:44:04', '2020-05-03 23:44:04'),
(1430, '1', 19, 2, 1, 8, '2020-05-03 23:44:04', '2020-05-03 23:44:04'),
(1431, '1', 19, 3, 5, 8, '2020-05-03 23:44:04', '2020-05-03 23:44:04'),
(1432, '1', 20, 1, 1, 8, '2020-05-03 23:44:04', '2020-05-03 23:44:04'),
(1433, '1', 20, 2, 1, 8, '2020-05-03 23:44:04', '2020-05-03 23:44:04'),
(1434, '1', 20, 3, 5, 8, '2020-05-03 23:44:04', '2020-05-03 23:44:04'),
(1435, '1', 21, 1, 1, 8, '2020-05-03 23:44:04', '2020-05-03 23:44:04'),
(1436, '1', 21, 2, 1, 8, '2020-05-03 23:44:04', '2020-05-03 23:44:04'),
(1437, '1', 21, 3, 5, 8, '2020-05-03 23:44:04', '2020-05-03 23:44:04'),
(1438, '1', 22, 1, 1, 8, '2020-05-03 23:44:04', '2020-05-03 23:44:04'),
(1439, '1', 22, 2, 1, 8, '2020-05-03 23:44:04', '2020-05-03 23:44:04'),
(1440, '1', 22, 3, 5, 8, '2020-05-03 23:44:04', '2020-05-03 23:44:04'),
(1441, '1', 23, 1, 1, 8, '2020-05-03 23:44:04', '2020-05-03 23:44:04'),
(1442, '1', 23, 2, 1, 8, '2020-05-03 23:44:04', '2020-05-03 23:44:04'),
(1443, '1', 23, 3, 5, 8, '2020-05-03 23:44:04', '2020-05-03 23:44:04'),
(1444, '1', 24, 1, 1, 8, '2020-05-03 23:44:04', '2020-05-03 23:44:04'),
(1445, '1', 24, 2, 1, 8, '2020-05-03 23:44:04', '2020-05-03 23:44:04'),
(1446, '1', 24, 3, 5, 8, '2020-05-03 23:44:04', '2020-05-03 23:44:04'),
(1447, '1', 25, 1, 1, 8, '2020-05-03 23:44:04', '2020-05-03 23:44:04'),
(1448, '1', 25, 2, 1, 8, '2020-05-03 23:44:04', '2020-05-03 23:44:04'),
(1449, '1', 25, 3, 5, 8, '2020-05-03 23:44:04', '2020-05-03 23:44:04'),
(1450, '1', 26, 1, 1, 8, '2020-05-03 23:44:04', '2020-05-03 23:44:04'),
(1451, '1', 26, 2, 1, 8, '2020-05-03 23:44:04', '2020-05-03 23:44:04'),
(1452, '1', 26, 3, 5, 8, '2020-05-03 23:44:04', '2020-05-03 23:44:04'),
(1453, '1', 27, 1, 1, 8, '2020-05-03 23:44:04', '2020-05-03 23:44:04'),
(1454, '1', 27, 2, 1, 8, '2020-05-03 23:44:04', '2020-05-03 23:44:04'),
(1455, '1', 27, 3, 5, 8, '2020-05-03 23:44:04', '2020-05-03 23:44:04'),
(1456, '1', 28, 1, 1, 8, '2020-05-03 23:44:05', '2020-05-03 23:44:05'),
(1457, '1', 28, 2, 1, 8, '2020-05-03 23:44:05', '2020-05-03 23:44:05'),
(1458, '1', 28, 3, 5, 8, '2020-05-03 23:44:05', '2020-05-03 23:44:05'),
(1459, '1', 29, 1, 1, 8, '2020-05-03 23:44:05', '2020-05-03 23:44:05'),
(1460, '1', 29, 2, 1, 8, '2020-05-03 23:44:05', '2020-05-03 23:44:05'),
(1461, '1', 29, 3, 5, 8, '2020-05-03 23:44:05', '2020-05-03 23:44:05'),
(1462, '1', 30, 1, 4, 8, '2020-05-03 23:44:05', '2020-05-03 23:44:05'),
(1463, '1', 30, 2, 4, 8, '2020-05-03 23:44:05', '2020-05-03 23:44:05'),
(1464, '1', 30, 3, 6, 8, '2020-05-03 23:44:05', '2020-05-03 23:44:05'),
(1465, '1', 31, 1, 4, 8, '2020-05-03 23:44:05', '2020-05-03 23:44:05'),
(1466, '1', 31, 2, 4, 8, '2020-05-03 23:44:05', '2020-05-03 23:44:05'),
(1467, '1', 31, 3, 6, 8, '2020-05-03 23:44:05', '2020-05-03 23:44:05'),
(1468, '1', 32, 1, 4, 8, '2020-05-03 23:44:05', '2020-05-03 23:44:05'),
(1469, '1', 32, 2, 4, 8, '2020-05-03 23:44:05', '2020-05-03 23:44:05'),
(1470, '1', 32, 3, 6, 8, '2020-05-03 23:44:05', '2020-05-03 23:44:05'),
(1471, '1', 33, 1, 4, 8, '2020-05-03 23:44:05', '2020-05-03 23:44:05'),
(1472, '1', 33, 2, 4, 8, '2020-05-03 23:44:05', '2020-05-03 23:44:05'),
(1473, '1', 33, 3, 6, 8, '2020-05-03 23:44:05', '2020-05-03 23:44:05'),
(1474, '1', 34, 1, 4, 8, '2020-05-03 23:44:05', '2020-05-03 23:44:05'),
(1475, '1', 34, 2, 4, 8, '2020-05-03 23:44:05', '2020-05-03 23:44:05'),
(1476, '1', 34, 3, 6, 8, '2020-05-03 23:44:05', '2020-05-03 23:44:05'),
(1477, '1', 35, 1, 4, 8, '2020-05-03 23:44:05', '2020-05-03 23:44:05'),
(1478, '1', 35, 2, 4, 8, '2020-05-03 23:44:05', '2020-05-03 23:44:05'),
(1479, '1', 35, 3, 6, 8, '2020-05-03 23:44:05', '2020-05-03 23:44:05'),
(1480, '1', 36, 1, 4, 8, '2020-05-03 23:44:05', '2020-05-03 23:44:05'),
(1481, '1', 36, 2, 4, 8, '2020-05-03 23:44:05', '2020-05-03 23:44:05'),
(1482, '1', 36, 3, 6, 8, '2020-05-03 23:44:05', '2020-05-03 23:44:05'),
(1483, '1', 37, 1, 4, 8, '2020-05-03 23:44:05', '2020-05-03 23:44:05'),
(1484, '1', 37, 2, 4, 8, '2020-05-03 23:44:05', '2020-05-03 23:44:05'),
(1485, '1', 37, 3, 6, 8, '2020-05-03 23:44:05', '2020-05-03 23:44:05'),
(1486, '1', 38, 1, 4, 8, '2020-05-03 23:44:05', '2020-05-03 23:44:05'),
(1487, '1', 38, 2, 4, 8, '2020-05-03 23:44:05', '2020-05-03 23:44:05'),
(1488, '1', 38, 3, 6, 8, '2020-05-03 23:44:05', '2020-05-03 23:44:05'),
(1489, '1', 39, 1, 4, 8, '2020-05-03 23:44:05', '2020-05-03 23:44:05'),
(1490, '1', 39, 2, 4, 8, '2020-05-03 23:44:05', '2020-05-03 23:44:05'),
(1491, '1', 39, 3, 6, 8, '2020-05-03 23:44:05', '2020-05-03 23:44:05'),
(1492, '1', 40, 1, 4, 8, '2020-05-03 23:44:05', '2020-05-03 23:44:05'),
(1493, '1', 40, 2, 4, 8, '2020-05-03 23:44:05', '2020-05-03 23:44:05'),
(1494, '1', 40, 3, 6, 8, '2020-05-03 23:44:05', '2020-05-03 23:44:05'),
(1495, '1', 41, 1, 4, 8, '2020-05-03 23:44:05', '2020-05-03 23:44:05'),
(1496, '1', 41, 2, 4, 8, '2020-05-03 23:44:05', '2020-05-03 23:44:05'),
(1497, '1', 41, 3, 6, 8, '2020-05-03 23:44:05', '2020-05-03 23:44:05'),
(1498, '1', 42, 1, 4, 8, '2020-05-03 23:44:05', '2020-05-03 23:44:05'),
(1499, '1', 42, 2, 4, 8, '2020-05-03 23:44:05', '2020-05-03 23:44:05'),
(1500, '1', 42, 3, 6, 8, '2020-05-03 23:44:05', '2020-05-03 23:44:05'),
(1501, '1', 43, 1, 4, 8, '2020-05-03 23:44:05', '2020-05-03 23:44:05'),
(1502, '1', 43, 2, 4, 8, '2020-05-03 23:44:05', '2020-05-03 23:44:05'),
(1503, '1', 43, 3, 6, 8, '2020-05-03 23:44:05', '2020-05-03 23:44:05'),
(1504, '1', 44, 1, 4, 8, '2020-05-03 23:44:05', '2020-05-03 23:44:05'),
(1505, '1', 44, 2, 4, 8, '2020-05-03 23:44:05', '2020-05-03 23:44:05'),
(1506, '1', 44, 3, 6, 8, '2020-05-03 23:44:05', '2020-05-03 23:44:05'),
(1507, '1', 45, 1, 4, 8, '2020-05-03 23:44:05', '2020-05-03 23:44:05'),
(1508, '1', 45, 2, 4, 8, '2020-05-03 23:44:05', '2020-05-03 23:44:05'),
(1509, '1', 45, 3, 6, 8, '2020-05-03 23:44:05', '2020-05-03 23:44:05'),
(1510, '1', 46, 1, 4, 8, '2020-05-03 23:44:05', '2020-05-03 23:44:05'),
(1511, '1', 46, 2, 4, 8, '2020-05-03 23:44:05', '2020-05-03 23:44:05'),
(1512, '1', 46, 3, 6, 8, '2020-05-03 23:44:05', '2020-05-03 23:44:05'),
(1513, '1', 47, 1, 4, 8, '2020-05-03 23:44:05', '2020-05-03 23:44:05'),
(1514, '1', 47, 2, 4, 8, '2020-05-03 23:44:05', '2020-05-03 23:44:05'),
(1515, '1', 47, 3, 6, 8, '2020-05-03 23:44:05', '2020-05-03 23:44:05'),
(1516, '1', 48, 1, 4, 8, '2020-05-03 23:44:05', '2020-05-03 23:44:05'),
(1517, '1', 48, 2, 4, 8, '2020-05-03 23:44:05', '2020-05-03 23:44:05'),
(1518, '1', 48, 3, 6, 8, '2020-05-03 23:44:05', '2020-05-03 23:44:05'),
(1519, '1', 49, 1, 4, 8, '2020-05-03 23:44:05', '2020-05-03 23:44:05'),
(1520, '1', 49, 2, 4, 8, '2020-05-03 23:44:05', '2020-05-03 23:44:05'),
(1521, '1', 49, 3, 6, 8, '2020-05-03 23:44:05', '2020-05-03 23:44:05'),
(1522, '1', 50, 1, 4, 8, '2020-05-03 23:44:05', '2020-05-03 23:44:05'),
(1523, '1', 50, 2, 4, 8, '2020-05-03 23:44:05', '2020-05-03 23:44:05'),
(1524, '1', 50, 3, 6, 8, '2020-05-03 23:44:05', '2020-05-03 23:44:05'),
(1525, '1', 51, 1, 4, 8, '2020-05-03 23:44:05', '2020-05-03 23:44:05'),
(1526, '1', 51, 2, 4, 8, '2020-05-03 23:44:05', '2020-05-03 23:44:05'),
(1527, '1', 51, 3, 6, 8, '2020-05-03 23:44:05', '2020-05-03 23:44:05'),
(1528, '1', 52, 1, 4, 8, '2020-05-03 23:44:05', '2020-05-03 23:44:05'),
(1529, '1', 52, 2, 4, 8, '2020-05-03 23:44:05', '2020-05-03 23:44:05'),
(1530, '1', 52, 3, 6, 8, '2020-05-03 23:44:05', '2020-05-03 23:44:05'),
(1531, '1', 53, 1, 4, 8, '2020-05-03 23:44:05', '2020-05-03 23:44:05'),
(1532, '1', 53, 2, 4, 8, '2020-05-03 23:44:05', '2020-05-03 23:44:05'),
(1533, '1', 53, 3, 6, 8, '2020-05-03 23:44:05', '2020-05-03 23:44:05'),
(1534, '1', 54, 1, 4, 8, '2020-05-03 23:44:05', '2020-05-03 23:44:05'),
(1535, '1', 54, 2, 4, 8, '2020-05-03 23:44:05', '2020-05-03 23:44:05'),
(1536, '1', 54, 3, 6, 8, '2020-05-03 23:44:05', '2020-05-03 23:44:05'),
(1537, '1', 55, 1, 4, 8, '2020-05-03 23:44:05', '2020-05-03 23:44:05'),
(1538, '1', 55, 2, 4, 8, '2020-05-03 23:44:05', '2020-05-03 23:44:05'),
(1539, '1', 55, 3, 6, 8, '2020-05-03 23:44:05', '2020-05-03 23:44:05'),
(1540, '1', 56, 1, 4, 8, '2020-05-03 23:44:05', '2020-05-03 23:44:05'),
(1541, '1', 56, 2, 4, 8, '2020-05-03 23:44:05', '2020-05-03 23:44:05'),
(1542, '1', 56, 3, 6, 8, '2020-05-03 23:44:05', '2020-05-03 23:44:05'),
(1543, '1', 57, 1, 4, 8, '2020-05-03 23:44:05', '2020-05-03 23:44:05'),
(1544, '1', 57, 2, 4, 8, '2020-05-03 23:44:05', '2020-05-03 23:44:05'),
(1545, '1', 57, 3, 6, 8, '2020-05-03 23:44:05', '2020-05-03 23:44:05'),
(1546, '1', 58, 1, 4, 8, '2020-05-03 23:44:05', '2020-05-03 23:44:05'),
(1547, '1', 58, 2, 4, 8, '2020-05-03 23:44:05', '2020-05-03 23:44:05'),
(1548, '1', 58, 3, 6, 8, '2020-05-03 23:44:05', '2020-05-03 23:44:05'),
(1549, '1', 59, 1, 4, 8, '2020-05-03 23:44:05', '2020-05-03 23:44:05'),
(1550, '1', 59, 2, 4, 8, '2020-05-03 23:44:05', '2020-05-03 23:44:05'),
(1551, '1', 59, 3, 6, 8, '2020-05-03 23:44:05', '2020-05-03 23:44:05'),
(1552, '1', 60, 1, 4, 8, '2020-05-03 23:44:05', '2020-05-03 23:44:05'),
(1553, '1', 60, 2, 4, 8, '2020-05-03 23:44:05', '2020-05-03 23:44:05'),
(1554, '1', 60, 3, 6, 8, '2020-05-03 23:44:05', '2020-05-03 23:44:05'),
(1555, '1', 61, 1, 4, 8, '2020-05-03 23:44:05', '2020-05-03 23:44:05'),
(1556, '1', 61, 2, 4, 8, '2020-05-03 23:44:05', '2020-05-03 23:44:05'),
(1557, '1', 61, 3, 6, 8, '2020-05-03 23:44:05', '2020-05-03 23:44:05'),
(1558, '1', 62, 1, 4, 8, '2020-05-03 23:44:05', '2020-05-03 23:44:05'),
(1559, '1', 62, 2, 4, 8, '2020-05-03 23:44:05', '2020-05-03 23:44:05'),
(1560, '1', 62, 3, 6, 8, '2020-05-03 23:44:05', '2020-05-03 23:44:05'),
(1561, '1', 63, 1, 4, 8, '2020-05-03 23:44:05', '2020-05-03 23:44:05'),
(1562, '1', 63, 2, 4, 8, '2020-05-03 23:44:05', '2020-05-03 23:44:05'),
(1563, '1', 63, 3, 6, 8, '2020-05-03 23:44:05', '2020-05-03 23:44:05'),
(1564, '1', 64, 1, 1, 8, '2020-05-03 23:44:05', '2020-05-03 23:44:05'),
(1565, '1', 64, 2, 1, 8, '2020-05-03 23:44:05', '2020-05-03 23:44:05'),
(1566, '1', 64, 3, 5, 8, '2020-05-03 23:44:05', '2020-05-03 23:44:05'),
(1567, '1', 65, 1, 1, 8, '2020-05-03 23:44:05', '2020-05-03 23:44:05'),
(1568, '1', 65, 2, 1, 8, '2020-05-03 23:44:05', '2020-05-03 23:44:05'),
(1569, '1', 65, 3, 5, 8, '2020-05-03 23:44:05', '2020-05-03 23:44:05'),
(1570, '1', 66, 1, 1, 8, '2020-05-03 23:44:05', '2020-05-03 23:44:05'),
(1571, '1', 66, 2, 1, 8, '2020-05-03 23:44:05', '2020-05-03 23:44:05'),
(1572, '1', 66, 3, 5, 8, '2020-05-03 23:44:05', '2020-05-03 23:44:05'),
(1573, '1', 67, 1, 1, 8, '2020-05-03 23:44:05', '2020-05-03 23:44:05'),
(1574, '1', 67, 2, 1, 8, '2020-05-03 23:44:05', '2020-05-03 23:44:05'),
(1575, '1', 67, 3, 5, 8, '2020-05-03 23:44:05', '2020-05-03 23:44:05'),
(1576, '1', 68, 1, 1, 8, '2020-05-03 23:44:05', '2020-05-03 23:44:05'),
(1577, '1', 68, 2, 1, 8, '2020-05-03 23:44:05', '2020-05-03 23:44:05'),
(1578, '1', 68, 3, 5, 8, '2020-05-03 23:44:05', '2020-05-03 23:44:05'),
(1579, '1', 69, 1, 1, 8, '2020-05-03 23:44:05', '2020-05-03 23:44:05'),
(1580, '1', 69, 2, 1, 8, '2020-05-03 23:44:05', '2020-05-03 23:44:05'),
(1581, '1', 69, 3, 5, 8, '2020-05-03 23:44:05', '2020-05-03 23:44:05'),
(1582, '1', 70, 1, 1, 8, '2020-05-03 23:44:05', '2020-05-03 23:44:05'),
(1583, '1', 70, 2, 1, 8, '2020-05-03 23:44:05', '2020-05-03 23:44:05'),
(1584, '1', 70, 3, 5, 8, '2020-05-03 23:44:05', '2020-05-03 23:44:05'),
(1585, '1', 71, 1, 1, 8, '2020-05-03 23:44:05', '2020-05-03 23:44:05'),
(1586, '1', 71, 2, 1, 8, '2020-05-03 23:44:05', '2020-05-03 23:44:05'),
(1587, '1', 71, 3, 5, 8, '2020-05-03 23:44:05', '2020-05-03 23:44:05'),
(1588, '1', 72, 1, 1, 8, '2020-05-03 23:44:05', '2020-05-03 23:44:05'),
(1589, '1', 72, 2, 1, 8, '2020-05-03 23:44:05', '2020-05-03 23:44:05'),
(1590, '1', 72, 3, 5, 8, '2020-05-03 23:44:05', '2020-05-03 23:44:05'),
(1591, '1', 73, 1, 1, 8, '2020-05-03 23:44:05', '2020-05-03 23:44:05'),
(1592, '1', 73, 2, 1, 8, '2020-05-03 23:44:05', '2020-05-03 23:44:05'),
(1593, '1', 73, 3, 5, 8, '2020-05-03 23:44:05', '2020-05-03 23:44:05'),
(1594, '1', 74, 1, 1, 8, '2020-05-03 23:44:05', '2020-05-03 23:44:05'),
(1595, '1', 74, 2, 1, 8, '2020-05-03 23:44:05', '2020-05-03 23:44:05'),
(1596, '1', 74, 3, 5, 8, '2020-05-03 23:44:05', '2020-05-03 23:44:05'),
(1597, '1', 75, 1, 1, 8, '2020-05-03 23:44:05', '2020-05-03 23:44:05'),
(1598, '1', 75, 2, 1, 8, '2020-05-03 23:44:05', '2020-05-03 23:44:05'),
(1599, '1', 75, 3, 5, 8, '2020-05-03 23:44:05', '2020-05-03 23:44:05'),
(1600, '1', 76, 1, 1, 8, '2020-05-03 23:44:05', '2020-05-03 23:44:05'),
(1601, '1', 76, 2, 1, 8, '2020-05-03 23:44:05', '2020-05-03 23:44:05'),
(1602, '1', 76, 3, 5, 8, '2020-05-03 23:44:05', '2020-05-03 23:44:05'),
(1603, '1', 77, 1, 1, 8, '2020-05-03 23:44:05', '2020-05-03 23:44:05'),
(1604, '1', 77, 2, 1, 8, '2020-05-03 23:44:05', '2020-05-03 23:44:05'),
(1605, '1', 77, 3, 5, 8, '2020-05-03 23:44:05', '2020-05-03 23:44:05'),
(1606, '1', 78, 1, 1, 8, '2020-05-03 23:44:05', '2020-05-03 23:44:05'),
(1607, '1', 78, 2, 1, 8, '2020-05-03 23:44:05', '2020-05-03 23:44:05'),
(1608, '1', 78, 3, 5, 8, '2020-05-03 23:44:05', '2020-05-03 23:44:05'),
(1609, '1', 79, 1, 1, 8, '2020-05-03 23:44:05', '2020-05-03 23:44:05'),
(1610, '1', 79, 2, 1, 8, '2020-05-03 23:44:05', '2020-05-03 23:44:05'),
(1611, '1', 79, 3, 5, 8, '2020-05-03 23:44:05', '2020-05-03 23:44:05'),
(1612, '1', 80, 1, 1, 8, '2020-05-03 23:44:05', '2020-05-03 23:44:05'),
(1613, '1', 80, 2, 1, 8, '2020-05-03 23:44:05', '2020-05-03 23:44:05'),
(1614, '1', 80, 3, 5, 8, '2020-05-03 23:44:05', '2020-05-03 23:44:05'),
(1615, '1', 81, 1, 1, 8, '2020-05-03 23:44:05', '2020-05-03 23:44:05'),
(1616, '1', 81, 2, 1, 8, '2020-05-03 23:44:05', '2020-05-03 23:44:05'),
(1617, '1', 81, 3, 5, 8, '2020-05-03 23:44:05', '2020-05-03 23:44:05'),
(1618, '1', 82, 1, 4, 8, '2020-05-03 23:44:05', '2020-05-03 23:44:05'),
(1619, '1', 82, 2, 1, 8, '2020-05-03 23:44:05', '2020-05-03 23:44:05'),
(1620, '1', 82, 3, 5, 8, '2020-05-03 23:44:05', '2020-05-03 23:44:05'),
(1621, '1', 1, 1, 4, 9, '2020-05-03 23:45:48', '2020-05-03 23:45:48'),
(1622, '1', 1, 2, 4, 9, '2020-05-03 23:45:48', '2020-05-03 23:45:48'),
(1623, '1', 1, 3, 6, 9, '2020-05-03 23:45:48', '2020-05-03 23:45:48'),
(1624, '1', 2, 1, 2, 9, '2020-05-03 23:45:48', '2020-05-03 23:45:48'),
(1625, '1', 2, 2, 4, 9, '2020-05-03 23:45:48', '2020-05-03 23:45:48'),
(1626, '1', 2, 3, 6, 9, '2020-05-03 23:45:48', '2020-05-03 23:45:48'),
(1627, '1', 3, 1, 4, 9, '2020-05-03 23:45:48', '2020-05-03 23:45:48'),
(1628, '1', 3, 2, 4, 9, '2020-05-03 23:45:48', '2020-05-03 23:45:48'),
(1629, '1', 3, 3, 6, 9, '2020-05-03 23:45:48', '2020-05-03 23:45:48'),
(1630, '1', 4, 1, 4, 9, '2020-05-03 23:45:48', '2020-05-03 23:45:48'),
(1631, '1', 4, 2, 4, 9, '2020-05-03 23:45:48', '2020-05-03 23:45:48'),
(1632, '1', 4, 3, 6, 9, '2020-05-03 23:45:48', '2020-05-03 23:45:48'),
(1633, '1', 5, 1, 4, 9, '2020-05-03 23:45:48', '2020-05-03 23:45:48'),
(1634, '1', 5, 2, 4, 9, '2020-05-03 23:45:48', '2020-05-03 23:45:48'),
(1635, '1', 5, 3, 6, 9, '2020-05-03 23:45:48', '2020-05-03 23:45:48'),
(1636, '1', 6, 1, 4, 9, '2020-05-03 23:45:48', '2020-05-03 23:45:48'),
(1637, '1', 6, 2, 4, 9, '2020-05-03 23:45:48', '2020-05-03 23:45:48'),
(1638, '1', 6, 3, 6, 9, '2020-05-03 23:45:48', '2020-05-03 23:45:48'),
(1639, '1', 7, 1, 4, 9, '2020-05-03 23:45:48', '2020-05-03 23:45:48'),
(1640, '1', 7, 2, 4, 9, '2020-05-03 23:45:48', '2020-05-03 23:45:48'),
(1641, '1', 7, 3, 6, 9, '2020-05-03 23:45:48', '2020-05-03 23:45:48'),
(1642, '1', 8, 1, 4, 9, '2020-05-03 23:45:48', '2020-05-03 23:45:48'),
(1643, '1', 8, 2, 4, 9, '2020-05-03 23:45:48', '2020-05-03 23:45:48'),
(1644, '1', 8, 3, 6, 9, '2020-05-03 23:45:48', '2020-05-03 23:45:48'),
(1645, '1', 9, 1, 4, 9, '2020-05-03 23:45:48', '2020-05-03 23:45:48'),
(1646, '1', 9, 2, 4, 9, '2020-05-03 23:45:48', '2020-05-03 23:45:48'),
(1647, '1', 9, 3, 6, 9, '2020-05-03 23:45:48', '2020-05-03 23:45:48'),
(1648, '1', 10, 1, 4, 9, '2020-05-03 23:45:48', '2020-05-03 23:45:48'),
(1649, '1', 10, 2, 4, 9, '2020-05-03 23:45:48', '2020-05-03 23:45:48'),
(1650, '1', 10, 3, 6, 9, '2020-05-03 23:45:48', '2020-05-03 23:45:48'),
(1651, '1', 11, 1, 4, 9, '2020-05-03 23:45:48', '2020-05-03 23:45:48'),
(1652, '1', 11, 2, 4, 9, '2020-05-03 23:45:48', '2020-05-03 23:45:48'),
(1653, '1', 11, 3, 6, 9, '2020-05-03 23:45:48', '2020-05-03 23:45:48'),
(1654, '1', 12, 1, 4, 9, '2020-05-03 23:45:48', '2020-05-03 23:45:48'),
(1655, '1', 12, 2, 4, 9, '2020-05-03 23:45:48', '2020-05-03 23:45:48'),
(1656, '1', 12, 3, 6, 9, '2020-05-03 23:45:48', '2020-05-03 23:45:48'),
(1657, '1', 13, 1, 4, 9, '2020-05-03 23:45:48', '2020-05-03 23:45:48'),
(1658, '1', 13, 2, 4, 9, '2020-05-03 23:45:48', '2020-05-03 23:45:48'),
(1659, '1', 13, 3, 6, 9, '2020-05-03 23:45:48', '2020-05-03 23:45:48'),
(1660, '1', 14, 1, 4, 9, '2020-05-03 23:45:48', '2020-05-03 23:45:48'),
(1661, '1', 14, 2, 4, 9, '2020-05-03 23:45:48', '2020-05-03 23:45:48'),
(1662, '1', 14, 3, 6, 9, '2020-05-03 23:45:48', '2020-05-03 23:45:48'),
(1663, '1', 15, 1, 4, 9, '2020-05-03 23:45:48', '2020-05-03 23:45:48'),
(1664, '1', 15, 2, 4, 9, '2020-05-03 23:45:48', '2020-05-03 23:45:48'),
(1665, '1', 15, 3, 6, 9, '2020-05-03 23:45:48', '2020-05-03 23:45:48'),
(1666, '1', 16, 1, 4, 9, '2020-05-03 23:45:48', '2020-05-03 23:45:48'),
(1667, '1', 16, 2, 4, 9, '2020-05-03 23:45:48', '2020-05-03 23:45:48'),
(1668, '1', 16, 3, 6, 9, '2020-05-03 23:45:48', '2020-05-03 23:45:48'),
(1669, '1', 17, 1, 4, 9, '2020-05-03 23:45:48', '2020-05-03 23:45:48'),
(1670, '1', 17, 2, 4, 9, '2020-05-03 23:45:48', '2020-05-03 23:45:48'),
(1671, '1', 17, 3, 6, 9, '2020-05-03 23:45:48', '2020-05-03 23:45:48'),
(1672, '1', 18, 1, 4, 9, '2020-05-03 23:45:48', '2020-05-03 23:45:48'),
(1673, '1', 18, 2, 4, 9, '2020-05-03 23:45:48', '2020-05-03 23:45:48'),
(1674, '1', 18, 3, 6, 9, '2020-05-03 23:45:48', '2020-05-03 23:45:48'),
(1675, '1', 19, 1, 4, 9, '2020-05-03 23:45:48', '2020-05-03 23:45:48'),
(1676, '1', 19, 2, 4, 9, '2020-05-03 23:45:48', '2020-05-03 23:45:48'),
(1677, '1', 19, 3, 6, 9, '2020-05-03 23:45:48', '2020-05-03 23:45:48'),
(1678, '1', 20, 1, 4, 9, '2020-05-03 23:45:48', '2020-05-03 23:45:48'),
(1679, '1', 20, 2, 4, 9, '2020-05-03 23:45:48', '2020-05-03 23:45:48'),
(1680, '1', 20, 3, 6, 9, '2020-05-03 23:45:48', '2020-05-03 23:45:48'),
(1681, '1', 21, 1, 4, 9, '2020-05-03 23:45:48', '2020-05-03 23:45:48'),
(1682, '1', 21, 2, 4, 9, '2020-05-03 23:45:48', '2020-05-03 23:45:48'),
(1683, '1', 21, 3, 6, 9, '2020-05-03 23:45:48', '2020-05-03 23:45:48'),
(1684, '1', 22, 1, 4, 9, '2020-05-03 23:45:48', '2020-05-03 23:45:48'),
(1685, '1', 22, 2, 4, 9, '2020-05-03 23:45:48', '2020-05-03 23:45:48'),
(1686, '1', 22, 3, 6, 9, '2020-05-03 23:45:48', '2020-05-03 23:45:48'),
(1687, '1', 23, 1, 4, 9, '2020-05-03 23:45:48', '2020-05-03 23:45:48'),
(1688, '1', 23, 2, 4, 9, '2020-05-03 23:45:48', '2020-05-03 23:45:48'),
(1689, '1', 23, 3, 6, 9, '2020-05-03 23:45:48', '2020-05-03 23:45:48'),
(1690, '1', 24, 1, 4, 9, '2020-05-03 23:45:48', '2020-05-03 23:45:48'),
(1691, '1', 24, 2, 4, 9, '2020-05-03 23:45:48', '2020-05-03 23:45:48'),
(1692, '1', 24, 3, 6, 9, '2020-05-03 23:45:48', '2020-05-03 23:45:48'),
(1693, '1', 25, 1, 4, 9, '2020-05-03 23:45:48', '2020-05-03 23:45:48'),
(1694, '1', 25, 2, 4, 9, '2020-05-03 23:45:48', '2020-05-03 23:45:48'),
(1695, '1', 25, 3, 6, 9, '2020-05-03 23:45:48', '2020-05-03 23:45:48'),
(1696, '1', 26, 1, 4, 9, '2020-05-03 23:45:48', '2020-05-03 23:45:48'),
(1697, '1', 26, 2, 4, 9, '2020-05-03 23:45:48', '2020-05-03 23:45:48'),
(1698, '1', 26, 3, 6, 9, '2020-05-03 23:45:48', '2020-05-03 23:45:48'),
(1699, '1', 27, 1, 4, 9, '2020-05-03 23:45:48', '2020-05-03 23:45:48'),
(1700, '1', 27, 2, 4, 9, '2020-05-03 23:45:48', '2020-05-03 23:45:48'),
(1701, '1', 27, 3, 6, 9, '2020-05-03 23:45:48', '2020-05-03 23:45:48'),
(1702, '1', 28, 1, 2, 9, '2020-05-03 23:45:48', '2020-05-03 23:45:48'),
(1703, '1', 28, 2, 1, 9, '2020-05-03 23:45:48', '2020-05-03 23:45:48'),
(1704, '1', 28, 3, 5, 9, '2020-05-03 23:45:48', '2020-05-03 23:45:48'),
(1705, '1', 29, 1, 1, 9, '2020-05-03 23:45:48', '2020-05-03 23:45:48'),
(1706, '1', 29, 2, 1, 9, '2020-05-03 23:45:48', '2020-05-03 23:45:48'),
(1707, '1', 29, 3, 5, 9, '2020-05-03 23:45:48', '2020-05-03 23:45:48'),
(1708, '1', 30, 1, 1, 9, '2020-05-03 23:45:48', '2020-05-03 23:45:48'),
(1709, '1', 30, 2, 1, 9, '2020-05-03 23:45:48', '2020-05-03 23:45:48'),
(1710, '1', 30, 3, 5, 9, '2020-05-03 23:45:48', '2020-05-03 23:45:48'),
(1711, '1', 31, 1, 1, 9, '2020-05-03 23:45:48', '2020-05-03 23:45:48'),
(1712, '1', 31, 2, 1, 9, '2020-05-03 23:45:48', '2020-05-03 23:45:48'),
(1713, '1', 31, 3, 5, 9, '2020-05-03 23:45:48', '2020-05-03 23:45:48'),
(1714, '1', 32, 1, 1, 9, '2020-05-03 23:45:48', '2020-05-03 23:45:48'),
(1715, '1', 32, 2, 1, 9, '2020-05-03 23:45:48', '2020-05-03 23:45:48'),
(1716, '1', 32, 3, 5, 9, '2020-05-03 23:45:48', '2020-05-03 23:45:48'),
(1717, '1', 33, 1, 1, 9, '2020-05-03 23:45:48', '2020-05-03 23:45:48'),
(1718, '1', 33, 2, 1, 9, '2020-05-03 23:45:48', '2020-05-03 23:45:48'),
(1719, '1', 33, 3, 5, 9, '2020-05-03 23:45:48', '2020-05-03 23:45:48'),
(1720, '1', 34, 1, 1, 9, '2020-05-03 23:45:48', '2020-05-03 23:45:48'),
(1721, '1', 34, 2, 1, 9, '2020-05-03 23:45:48', '2020-05-03 23:45:48'),
(1722, '1', 34, 3, 5, 9, '2020-05-03 23:45:48', '2020-05-03 23:45:48'),
(1723, '1', 35, 1, 1, 9, '2020-05-03 23:45:48', '2020-05-03 23:45:48'),
(1724, '1', 35, 2, 1, 9, '2020-05-03 23:45:48', '2020-05-03 23:45:48'),
(1725, '1', 35, 3, 5, 9, '2020-05-03 23:45:48', '2020-05-03 23:45:48'),
(1726, '1', 36, 1, 1, 9, '2020-05-03 23:45:48', '2020-05-03 23:45:48'),
(1727, '1', 36, 2, 1, 9, '2020-05-03 23:45:48', '2020-05-03 23:45:48'),
(1728, '1', 36, 3, 5, 9, '2020-05-03 23:45:48', '2020-05-03 23:45:48'),
(1729, '1', 37, 1, 1, 9, '2020-05-03 23:45:48', '2020-05-03 23:45:48'),
(1730, '1', 37, 2, 1, 9, '2020-05-03 23:45:48', '2020-05-03 23:45:48'),
(1731, '1', 37, 3, 5, 9, '2020-05-03 23:45:48', '2020-05-03 23:45:48'),
(1732, '1', 38, 1, 1, 9, '2020-05-03 23:45:48', '2020-05-03 23:45:48'),
(1733, '1', 38, 2, 1, 9, '2020-05-03 23:45:48', '2020-05-03 23:45:48'),
(1734, '1', 38, 3, 5, 9, '2020-05-03 23:45:48', '2020-05-03 23:45:48'),
(1735, '1', 39, 1, 1, 9, '2020-05-03 23:45:48', '2020-05-03 23:45:48'),
(1736, '1', 39, 2, 1, 9, '2020-05-03 23:45:48', '2020-05-03 23:45:48'),
(1737, '1', 39, 3, 5, 9, '2020-05-03 23:45:48', '2020-05-03 23:45:48'),
(1738, '1', 40, 1, 1, 9, '2020-05-03 23:45:48', '2020-05-03 23:45:48'),
(1739, '1', 40, 2, 1, 9, '2020-05-03 23:45:48', '2020-05-03 23:45:48'),
(1740, '1', 40, 3, 5, 9, '2020-05-03 23:45:48', '2020-05-03 23:45:48'),
(1741, '1', 41, 1, 1, 9, '2020-05-03 23:45:48', '2020-05-03 23:45:48'),
(1742, '1', 41, 2, 1, 9, '2020-05-03 23:45:48', '2020-05-03 23:45:48'),
(1743, '1', 41, 3, 5, 9, '2020-05-03 23:45:48', '2020-05-03 23:45:48'),
(1744, '1', 42, 1, 1, 9, '2020-05-03 23:45:48', '2020-05-03 23:45:48'),
(1745, '1', 42, 2, 1, 9, '2020-05-03 23:45:48', '2020-05-03 23:45:48'),
(1746, '1', 42, 3, 5, 9, '2020-05-03 23:45:48', '2020-05-03 23:45:48'),
(1747, '1', 43, 1, 1, 9, '2020-05-03 23:45:48', '2020-05-03 23:45:48'),
(1748, '1', 43, 2, 1, 9, '2020-05-03 23:45:48', '2020-05-03 23:45:48'),
(1749, '1', 43, 3, 5, 9, '2020-05-03 23:45:48', '2020-05-03 23:45:48'),
(1750, '1', 44, 1, 1, 9, '2020-05-03 23:45:48', '2020-05-03 23:45:48'),
(1751, '1', 44, 2, 1, 9, '2020-05-03 23:45:48', '2020-05-03 23:45:48'),
(1752, '1', 44, 3, 5, 9, '2020-05-03 23:45:48', '2020-05-03 23:45:48'),
(1753, '1', 45, 1, 1, 9, '2020-05-03 23:45:48', '2020-05-03 23:45:48'),
(1754, '1', 45, 2, 1, 9, '2020-05-03 23:45:48', '2020-05-03 23:45:48'),
(1755, '1', 45, 3, 5, 9, '2020-05-03 23:45:48', '2020-05-03 23:45:48'),
(1756, '1', 46, 1, 1, 9, '2020-05-03 23:45:48', '2020-05-03 23:45:48'),
(1757, '1', 46, 2, 1, 9, '2020-05-03 23:45:48', '2020-05-03 23:45:48'),
(1758, '1', 46, 3, 5, 9, '2020-05-03 23:45:48', '2020-05-03 23:45:48'),
(1759, '1', 47, 1, 1, 9, '2020-05-03 23:45:48', '2020-05-03 23:45:48'),
(1760, '1', 47, 2, 1, 9, '2020-05-03 23:45:48', '2020-05-03 23:45:48'),
(1761, '1', 47, 3, 5, 9, '2020-05-03 23:45:48', '2020-05-03 23:45:48'),
(1762, '1', 48, 1, 1, 9, '2020-05-03 23:45:48', '2020-05-03 23:45:48'),
(1763, '1', 48, 2, 1, 9, '2020-05-03 23:45:48', '2020-05-03 23:45:48'),
(1764, '1', 48, 3, 5, 9, '2020-05-03 23:45:48', '2020-05-03 23:45:48'),
(1765, '1', 49, 1, 1, 9, '2020-05-03 23:45:48', '2020-05-03 23:45:48'),
(1766, '1', 49, 2, 1, 9, '2020-05-03 23:45:48', '2020-05-03 23:45:48'),
(1767, '1', 49, 3, 5, 9, '2020-05-03 23:45:48', '2020-05-03 23:45:48'),
(1768, '1', 50, 1, 1, 9, '2020-05-03 23:45:48', '2020-05-03 23:45:48'),
(1769, '1', 50, 2, 1, 9, '2020-05-03 23:45:48', '2020-05-03 23:45:48'),
(1770, '1', 50, 3, 5, 9, '2020-05-03 23:45:48', '2020-05-03 23:45:48'),
(1771, '1', 51, 1, 1, 9, '2020-05-03 23:45:48', '2020-05-03 23:45:48'),
(1772, '1', 51, 2, 1, 9, '2020-05-03 23:45:48', '2020-05-03 23:45:48'),
(1773, '1', 51, 3, 5, 9, '2020-05-03 23:45:48', '2020-05-03 23:45:48'),
(1774, '1', 52, 1, 1, 9, '2020-05-03 23:45:48', '2020-05-03 23:45:48'),
(1775, '1', 52, 2, 1, 9, '2020-05-03 23:45:48', '2020-05-03 23:45:48'),
(1776, '1', 52, 3, 5, 9, '2020-05-03 23:45:48', '2020-05-03 23:45:48'),
(1777, '1', 53, 1, 1, 9, '2020-05-03 23:45:48', '2020-05-03 23:45:48'),
(1778, '1', 53, 2, 1, 9, '2020-05-03 23:45:48', '2020-05-03 23:45:48'),
(1779, '1', 53, 3, 5, 9, '2020-05-03 23:45:48', '2020-05-03 23:45:48'),
(1780, '1', 54, 1, 1, 9, '2020-05-03 23:45:48', '2020-05-03 23:45:48'),
(1781, '1', 54, 2, 1, 9, '2020-05-03 23:45:48', '2020-05-03 23:45:48'),
(1782, '1', 54, 3, 5, 9, '2020-05-03 23:45:48', '2020-05-03 23:45:48'),
(1783, '1', 55, 1, 1, 9, '2020-05-03 23:45:48', '2020-05-03 23:45:48'),
(1784, '1', 55, 2, 1, 9, '2020-05-03 23:45:48', '2020-05-03 23:45:48'),
(1785, '1', 55, 3, 5, 9, '2020-05-03 23:45:48', '2020-05-03 23:45:48'),
(1786, '1', 56, 1, 1, 9, '2020-05-03 23:45:48', '2020-05-03 23:45:48'),
(1787, '1', 56, 2, 1, 9, '2020-05-03 23:45:48', '2020-05-03 23:45:48'),
(1788, '1', 56, 3, 5, 9, '2020-05-03 23:45:48', '2020-05-03 23:45:48'),
(1789, '1', 57, 1, 1, 9, '2020-05-03 23:45:48', '2020-05-03 23:45:48'),
(1790, '1', 57, 2, 1, 9, '2020-05-03 23:45:48', '2020-05-03 23:45:48'),
(1791, '1', 57, 3, 5, 9, '2020-05-03 23:45:48', '2020-05-03 23:45:48'),
(1792, '1', 58, 1, 1, 9, '2020-05-03 23:45:48', '2020-05-03 23:45:48'),
(1793, '1', 58, 2, 1, 9, '2020-05-03 23:45:48', '2020-05-03 23:45:48'),
(1794, '1', 58, 3, 5, 9, '2020-05-03 23:45:48', '2020-05-03 23:45:48'),
(1795, '1', 59, 1, 1, 9, '2020-05-03 23:45:48', '2020-05-03 23:45:48'),
(1796, '1', 59, 2, 1, 9, '2020-05-03 23:45:48', '2020-05-03 23:45:48'),
(1797, '1', 59, 3, 5, 9, '2020-05-03 23:45:48', '2020-05-03 23:45:48'),
(1798, '1', 60, 1, 1, 9, '2020-05-03 23:45:48', '2020-05-03 23:45:48'),
(1799, '1', 60, 2, 1, 9, '2020-05-03 23:45:48', '2020-05-03 23:45:48'),
(1800, '1', 60, 3, 5, 9, '2020-05-03 23:45:48', '2020-05-03 23:45:48'),
(1801, '1', 61, 1, 1, 9, '2020-05-03 23:45:48', '2020-05-03 23:45:48'),
(1802, '1', 61, 2, 1, 9, '2020-05-03 23:45:48', '2020-05-03 23:45:48'),
(1803, '1', 61, 3, 5, 9, '2020-05-03 23:45:48', '2020-05-03 23:45:48'),
(1804, '1', 62, 1, 1, 9, '2020-05-03 23:45:48', '2020-05-03 23:45:48'),
(1805, '1', 62, 2, 1, 9, '2020-05-03 23:45:48', '2020-05-03 23:45:48'),
(1806, '1', 62, 3, 5, 9, '2020-05-03 23:45:48', '2020-05-03 23:45:48'),
(1807, '1', 63, 1, 1, 9, '2020-05-03 23:45:48', '2020-05-03 23:45:48'),
(1808, '1', 63, 2, 1, 9, '2020-05-03 23:45:48', '2020-05-03 23:45:48'),
(1809, '1', 63, 3, 5, 9, '2020-05-03 23:45:48', '2020-05-03 23:45:48'),
(1810, '1', 64, 1, 1, 9, '2020-05-03 23:45:48', '2020-05-03 23:45:48'),
(1811, '1', 64, 2, 1, 9, '2020-05-03 23:45:48', '2020-05-03 23:45:48'),
(1812, '1', 64, 3, 5, 9, '2020-05-03 23:45:48', '2020-05-03 23:45:48'),
(1813, '1', 65, 1, 1, 9, '2020-05-03 23:45:48', '2020-05-03 23:45:48'),
(1814, '1', 65, 2, 1, 9, '2020-05-03 23:45:48', '2020-05-03 23:45:48'),
(1815, '1', 65, 3, 5, 9, '2020-05-03 23:45:48', '2020-05-03 23:45:48'),
(1816, '1', 66, 1, 1, 9, '2020-05-03 23:45:48', '2020-05-03 23:45:48'),
(1817, '1', 66, 2, 1, 9, '2020-05-03 23:45:48', '2020-05-03 23:45:48'),
(1818, '1', 66, 3, 5, 9, '2020-05-03 23:45:48', '2020-05-03 23:45:48'),
(1819, '1', 67, 1, 1, 9, '2020-05-03 23:45:48', '2020-05-03 23:45:48'),
(1820, '1', 67, 2, 1, 9, '2020-05-03 23:45:48', '2020-05-03 23:45:48'),
(1821, '1', 67, 3, 5, 9, '2020-05-03 23:45:48', '2020-05-03 23:45:48'),
(1822, '1', 68, 1, 1, 9, '2020-05-03 23:45:48', '2020-05-03 23:45:48'),
(1823, '1', 68, 2, 1, 9, '2020-05-03 23:45:48', '2020-05-03 23:45:48'),
(1824, '1', 68, 3, 5, 9, '2020-05-03 23:45:48', '2020-05-03 23:45:48'),
(1825, '1', 69, 1, 4, 9, '2020-05-03 23:45:48', '2020-05-03 23:45:48'),
(1826, '1', 69, 2, 4, 9, '2020-05-03 23:45:48', '2020-05-03 23:45:48'),
(1827, '1', 69, 3, 6, 9, '2020-05-03 23:45:48', '2020-05-03 23:45:48'),
(1828, '1', 70, 1, 4, 9, '2020-05-03 23:45:48', '2020-05-03 23:45:48'),
(1829, '1', 70, 2, 4, 9, '2020-05-03 23:45:48', '2020-05-03 23:45:48'),
(1830, '1', 70, 3, 6, 9, '2020-05-03 23:45:48', '2020-05-03 23:45:48'),
(1831, '1', 71, 1, 4, 9, '2020-05-03 23:45:48', '2020-05-03 23:45:48'),
(1832, '1', 71, 2, 4, 9, '2020-05-03 23:45:48', '2020-05-03 23:45:48'),
(1833, '1', 71, 3, 6, 9, '2020-05-03 23:45:48', '2020-05-03 23:45:48'),
(1834, '1', 72, 1, 4, 9, '2020-05-03 23:45:48', '2020-05-03 23:45:48'),
(1835, '1', 72, 2, 4, 9, '2020-05-03 23:45:48', '2020-05-03 23:45:48'),
(1836, '1', 72, 3, 6, 9, '2020-05-03 23:45:48', '2020-05-03 23:45:48'),
(1837, '1', 73, 1, 4, 9, '2020-05-03 23:45:48', '2020-05-03 23:45:48'),
(1838, '1', 73, 2, 4, 9, '2020-05-03 23:45:48', '2020-05-03 23:45:48'),
(1839, '1', 73, 3, 6, 9, '2020-05-03 23:45:48', '2020-05-03 23:45:48'),
(1840, '1', 74, 1, 4, 9, '2020-05-03 23:45:48', '2020-05-03 23:45:48'),
(1841, '1', 74, 2, 4, 9, '2020-05-03 23:45:48', '2020-05-03 23:45:48'),
(1842, '1', 74, 3, 6, 9, '2020-05-03 23:45:48', '2020-05-03 23:45:48'),
(1843, '1', 75, 1, 4, 9, '2020-05-03 23:45:48', '2020-05-03 23:45:48'),
(1844, '1', 75, 2, 4, 9, '2020-05-03 23:45:48', '2020-05-03 23:45:48'),
(1845, '1', 75, 3, 6, 9, '2020-05-03 23:45:48', '2020-05-03 23:45:48'),
(1846, '1', 76, 1, 4, 9, '2020-05-03 23:45:48', '2020-05-03 23:45:48'),
(1847, '1', 76, 2, 4, 9, '2020-05-03 23:45:48', '2020-05-03 23:45:48'),
(1848, '1', 76, 3, 6, 9, '2020-05-03 23:45:48', '2020-05-03 23:45:48'),
(1849, '1', 77, 1, 4, 9, '2020-05-03 23:45:48', '2020-05-03 23:45:48'),
(1850, '1', 77, 2, 4, 9, '2020-05-03 23:45:48', '2020-05-03 23:45:48'),
(1851, '1', 77, 3, 6, 9, '2020-05-03 23:45:48', '2020-05-03 23:45:48'),
(1852, '1', 78, 1, 4, 9, '2020-05-03 23:45:48', '2020-05-03 23:45:48'),
(1853, '1', 78, 2, 4, 9, '2020-05-03 23:45:48', '2020-05-03 23:45:48'),
(1854, '1', 78, 3, 6, 9, '2020-05-03 23:45:48', '2020-05-03 23:45:48'),
(1855, '1', 79, 1, 4, 9, '2020-05-03 23:45:48', '2020-05-03 23:45:48'),
(1856, '1', 79, 2, 4, 9, '2020-05-03 23:45:48', '2020-05-03 23:45:48'),
(1857, '1', 79, 3, 6, 9, '2020-05-03 23:45:48', '2020-05-03 23:45:48'),
(1858, '1', 80, 1, 4, 9, '2020-05-03 23:45:48', '2020-05-03 23:45:48'),
(1859, '1', 80, 2, 4, 9, '2020-05-03 23:45:48', '2020-05-03 23:45:48'),
(1860, '1', 80, 3, 6, 9, '2020-05-03 23:45:48', '2020-05-03 23:45:48'),
(1861, '1', 81, 1, 4, 9, '2020-05-03 23:45:48', '2020-05-03 23:45:48'),
(1862, '1', 81, 2, 4, 9, '2020-05-03 23:45:48', '2020-05-03 23:45:48'),
(1863, '1', 81, 3, 6, 9, '2020-05-03 23:45:48', '2020-05-03 23:45:48'),
(1864, '1', 82, 1, 4, 9, '2020-05-03 23:45:48', '2020-05-03 23:45:48'),
(1865, '1', 82, 2, 4, 9, '2020-05-03 23:45:48', '2020-05-03 23:45:48'),
(1866, '1', 82, 3, 6, 9, '2020-05-03 23:45:48', '2020-05-03 23:45:48'),
(1867, '1', 1, 1, 1, 10, '2020-05-03 23:47:17', '2020-05-03 23:47:17'),
(1868, '1', 1, 2, 1, 10, '2020-05-03 23:47:17', '2020-05-03 23:47:17'),
(1869, '1', 1, 3, 5, 10, '2020-05-03 23:47:17', '2020-05-03 23:47:17'),
(1870, '1', 2, 1, 1, 10, '2020-05-03 23:47:17', '2020-05-03 23:47:17'),
(1871, '1', 2, 2, 1, 10, '2020-05-03 23:47:17', '2020-05-03 23:47:17'),
(1872, '1', 2, 3, 5, 10, '2020-05-03 23:47:17', '2020-05-03 23:47:17'),
(1873, '1', 3, 1, 1, 10, '2020-05-03 23:47:17', '2020-05-03 23:47:17'),
(1874, '1', 3, 2, 1, 10, '2020-05-03 23:47:17', '2020-05-03 23:47:17'),
(1875, '1', 3, 3, 5, 10, '2020-05-03 23:47:17', '2020-05-03 23:47:17'),
(1876, '1', 4, 1, 1, 10, '2020-05-03 23:47:17', '2020-05-03 23:47:17'),
(1877, '1', 4, 2, 1, 10, '2020-05-03 23:47:17', '2020-05-03 23:47:17'),
(1878, '1', 4, 3, 5, 10, '2020-05-03 23:47:17', '2020-05-03 23:47:17'),
(1879, '1', 5, 1, 1, 10, '2020-05-03 23:47:17', '2020-05-03 23:47:17'),
(1880, '1', 5, 2, 1, 10, '2020-05-03 23:47:17', '2020-05-03 23:47:17'),
(1881, '1', 5, 3, 5, 10, '2020-05-03 23:47:17', '2020-05-03 23:47:17'),
(1882, '1', 6, 1, 1, 10, '2020-05-03 23:47:17', '2020-05-03 23:47:17'),
(1883, '1', 6, 2, 1, 10, '2020-05-03 23:47:17', '2020-05-03 23:47:17'),
(1884, '1', 6, 3, 5, 10, '2020-05-03 23:47:17', '2020-05-03 23:47:17'),
(1885, '1', 7, 1, 1, 10, '2020-05-03 23:47:17', '2020-05-03 23:47:17'),
(1886, '1', 7, 2, 1, 10, '2020-05-03 23:47:17', '2020-05-03 23:47:17'),
(1887, '1', 7, 3, 5, 10, '2020-05-03 23:47:17', '2020-05-03 23:47:17'),
(1888, '1', 8, 1, 1, 10, '2020-05-03 23:47:17', '2020-05-03 23:47:17'),
(1889, '1', 8, 2, 1, 10, '2020-05-03 23:47:17', '2020-05-03 23:47:17'),
(1890, '1', 8, 3, 5, 10, '2020-05-03 23:47:17', '2020-05-03 23:47:17'),
(1891, '1', 9, 1, 1, 10, '2020-05-03 23:47:17', '2020-05-03 23:47:17'),
(1892, '1', 9, 2, 1, 10, '2020-05-03 23:47:17', '2020-05-03 23:47:17'),
(1893, '1', 9, 3, 5, 10, '2020-05-03 23:47:17', '2020-05-03 23:47:17'),
(1894, '1', 10, 1, 1, 10, '2020-05-03 23:47:17', '2020-05-03 23:47:17'),
(1895, '1', 10, 2, 1, 10, '2020-05-03 23:47:17', '2020-05-03 23:47:17'),
(1896, '1', 10, 3, 5, 10, '2020-05-03 23:47:17', '2020-05-03 23:47:17'),
(1897, '1', 11, 1, 1, 10, '2020-05-03 23:47:17', '2020-05-03 23:47:17'),
(1898, '1', 11, 2, 1, 10, '2020-05-03 23:47:17', '2020-05-03 23:47:17'),
(1899, '1', 11, 3, 5, 10, '2020-05-03 23:47:17', '2020-05-03 23:47:17'),
(1900, '1', 12, 1, 1, 10, '2020-05-03 23:47:17', '2020-05-03 23:47:17'),
(1901, '1', 12, 2, 1, 10, '2020-05-03 23:47:17', '2020-05-03 23:47:17'),
(1902, '1', 12, 3, 5, 10, '2020-05-03 23:47:17', '2020-05-03 23:47:17'),
(1903, '1', 13, 1, 1, 10, '2020-05-03 23:47:17', '2020-05-03 23:47:17'),
(1904, '1', 13, 2, 1, 10, '2020-05-03 23:47:17', '2020-05-03 23:47:17'),
(1905, '1', 13, 3, 5, 10, '2020-05-03 23:47:17', '2020-05-03 23:47:17'),
(1906, '1', 14, 1, 1, 10, '2020-05-03 23:47:17', '2020-05-03 23:47:17'),
(1907, '1', 14, 2, 1, 10, '2020-05-03 23:47:17', '2020-05-03 23:47:17'),
(1908, '1', 14, 3, 5, 10, '2020-05-03 23:47:17', '2020-05-03 23:47:17'),
(1909, '1', 15, 1, 1, 10, '2020-05-03 23:47:17', '2020-05-03 23:47:17'),
(1910, '1', 15, 2, 1, 10, '2020-05-03 23:47:17', '2020-05-03 23:47:17'),
(1911, '1', 15, 3, 5, 10, '2020-05-03 23:47:17', '2020-05-03 23:47:17'),
(1912, '1', 16, 1, 1, 10, '2020-05-03 23:47:17', '2020-05-03 23:47:17'),
(1913, '1', 16, 2, 1, 10, '2020-05-03 23:47:17', '2020-05-03 23:47:17'),
(1914, '1', 16, 3, 5, 10, '2020-05-03 23:47:17', '2020-05-03 23:47:17'),
(1915, '1', 17, 1, 1, 10, '2020-05-03 23:47:17', '2020-05-03 23:47:17'),
(1916, '1', 17, 2, 1, 10, '2020-05-03 23:47:17', '2020-05-03 23:47:17'),
(1917, '1', 17, 3, 5, 10, '2020-05-03 23:47:17', '2020-05-03 23:47:17'),
(1918, '1', 18, 1, 1, 10, '2020-05-03 23:47:17', '2020-05-03 23:47:17'),
(1919, '1', 18, 2, 1, 10, '2020-05-03 23:47:17', '2020-05-03 23:47:17'),
(1920, '1', 18, 3, 5, 10, '2020-05-03 23:47:17', '2020-05-03 23:47:17'),
(1921, '1', 19, 1, 1, 10, '2020-05-03 23:47:17', '2020-05-03 23:47:17'),
(1922, '1', 19, 2, 1, 10, '2020-05-03 23:47:17', '2020-05-03 23:47:17'),
(1923, '1', 19, 3, 5, 10, '2020-05-03 23:47:17', '2020-05-03 23:47:17'),
(1924, '1', 20, 1, 1, 10, '2020-05-03 23:47:17', '2020-05-03 23:47:17'),
(1925, '1', 20, 2, 1, 10, '2020-05-03 23:47:17', '2020-05-03 23:47:17'),
(1926, '1', 20, 3, 5, 10, '2020-05-03 23:47:17', '2020-05-03 23:47:17'),
(1927, '1', 21, 1, 1, 10, '2020-05-03 23:47:17', '2020-05-03 23:47:17'),
(1928, '1', 21, 2, 1, 10, '2020-05-03 23:47:17', '2020-05-03 23:47:17'),
(1929, '1', 21, 3, 5, 10, '2020-05-03 23:47:17', '2020-05-03 23:47:17'),
(1930, '1', 22, 1, 1, 10, '2020-05-03 23:47:17', '2020-05-03 23:47:17'),
(1931, '1', 22, 2, 1, 10, '2020-05-03 23:47:17', '2020-05-03 23:47:17'),
(1932, '1', 22, 3, 5, 10, '2020-05-03 23:47:17', '2020-05-03 23:47:17'),
(1933, '1', 23, 1, 1, 10, '2020-05-03 23:47:17', '2020-05-03 23:47:17'),
(1934, '1', 23, 2, 1, 10, '2020-05-03 23:47:17', '2020-05-03 23:47:17'),
(1935, '1', 23, 3, 5, 10, '2020-05-03 23:47:17', '2020-05-03 23:47:17'),
(1936, '1', 24, 1, 1, 10, '2020-05-03 23:47:17', '2020-05-03 23:47:17'),
(1937, '1', 24, 2, 1, 10, '2020-05-03 23:47:17', '2020-05-03 23:47:17'),
(1938, '1', 24, 3, 5, 10, '2020-05-03 23:47:17', '2020-05-03 23:47:17'),
(1939, '1', 25, 1, 1, 10, '2020-05-03 23:47:17', '2020-05-03 23:47:17'),
(1940, '1', 25, 2, 1, 10, '2020-05-03 23:47:17', '2020-05-03 23:47:17'),
(1941, '1', 25, 3, 5, 10, '2020-05-03 23:47:17', '2020-05-03 23:47:17'),
(1942, '1', 26, 1, 1, 10, '2020-05-03 23:47:17', '2020-05-03 23:47:17'),
(1943, '1', 26, 2, 1, 10, '2020-05-03 23:47:17', '2020-05-03 23:47:17'),
(1944, '1', 26, 3, 5, 10, '2020-05-03 23:47:17', '2020-05-03 23:47:17'),
(1945, '1', 27, 1, 1, 10, '2020-05-03 23:47:17', '2020-05-03 23:47:17'),
(1946, '1', 27, 2, 1, 10, '2020-05-03 23:47:17', '2020-05-03 23:47:17'),
(1947, '1', 27, 3, 5, 10, '2020-05-03 23:47:17', '2020-05-03 23:47:17'),
(1948, '1', 28, 1, 1, 10, '2020-05-03 23:47:17', '2020-05-03 23:47:17'),
(1949, '1', 28, 2, 1, 10, '2020-05-03 23:47:17', '2020-05-03 23:47:17'),
(1950, '1', 28, 3, 5, 10, '2020-05-03 23:47:17', '2020-05-03 23:47:17'),
(1951, '1', 29, 1, 1, 10, '2020-05-03 23:47:17', '2020-05-03 23:47:17'),
(1952, '1', 29, 2, 1, 10, '2020-05-03 23:47:17', '2020-05-03 23:47:17'),
(1953, '1', 29, 3, 5, 10, '2020-05-03 23:47:17', '2020-05-03 23:47:17'),
(1954, '1', 30, 1, 1, 10, '2020-05-03 23:47:17', '2020-05-03 23:47:17'),
(1955, '1', 30, 2, 1, 10, '2020-05-03 23:47:17', '2020-05-03 23:47:17'),
(1956, '1', 30, 3, 5, 10, '2020-05-03 23:47:17', '2020-05-03 23:47:17'),
(1957, '1', 31, 1, 1, 10, '2020-05-03 23:47:17', '2020-05-03 23:47:17'),
(1958, '1', 31, 2, 1, 10, '2020-05-03 23:47:17', '2020-05-03 23:47:17'),
(1959, '1', 31, 3, 5, 10, '2020-05-03 23:47:17', '2020-05-03 23:47:17'),
(1960, '1', 32, 1, 1, 10, '2020-05-03 23:47:17', '2020-05-03 23:47:17'),
(1961, '1', 32, 2, 1, 10, '2020-05-03 23:47:17', '2020-05-03 23:47:17'),
(1962, '1', 32, 3, 5, 10, '2020-05-03 23:47:17', '2020-05-03 23:47:17'),
(1963, '1', 33, 1, 1, 10, '2020-05-03 23:47:17', '2020-05-03 23:47:17'),
(1964, '1', 33, 2, 1, 10, '2020-05-03 23:47:17', '2020-05-03 23:47:17'),
(1965, '1', 33, 3, 5, 10, '2020-05-03 23:47:17', '2020-05-03 23:47:17'),
(1966, '1', 34, 1, 1, 10, '2020-05-03 23:47:17', '2020-05-03 23:47:17'),
(1967, '1', 34, 2, 1, 10, '2020-05-03 23:47:17', '2020-05-03 23:47:17'),
(1968, '1', 34, 3, 5, 10, '2020-05-03 23:47:17', '2020-05-03 23:47:17'),
(1969, '1', 35, 1, 1, 10, '2020-05-03 23:47:17', '2020-05-03 23:47:17'),
(1970, '1', 35, 2, 1, 10, '2020-05-03 23:47:17', '2020-05-03 23:47:17'),
(1971, '1', 35, 3, 5, 10, '2020-05-03 23:47:17', '2020-05-03 23:47:17'),
(1972, '1', 36, 1, 1, 10, '2020-05-03 23:47:17', '2020-05-03 23:47:17'),
(1973, '1', 36, 2, 1, 10, '2020-05-03 23:47:17', '2020-05-03 23:47:17'),
(1974, '1', 36, 3, 5, 10, '2020-05-03 23:47:17', '2020-05-03 23:47:17'),
(1975, '1', 37, 1, 1, 10, '2020-05-03 23:47:17', '2020-05-03 23:47:17'),
(1976, '1', 37, 2, 1, 10, '2020-05-03 23:47:17', '2020-05-03 23:47:17'),
(1977, '1', 37, 3, 5, 10, '2020-05-03 23:47:17', '2020-05-03 23:47:17'),
(1978, '1', 38, 1, 1, 10, '2020-05-03 23:47:17', '2020-05-03 23:47:17'),
(1979, '1', 38, 2, 1, 10, '2020-05-03 23:47:17', '2020-05-03 23:47:17'),
(1980, '1', 38, 3, 5, 10, '2020-05-03 23:47:17', '2020-05-03 23:47:17'),
(1981, '1', 39, 1, 1, 10, '2020-05-03 23:47:17', '2020-05-03 23:47:17'),
(1982, '1', 39, 2, 1, 10, '2020-05-03 23:47:17', '2020-05-03 23:47:17'),
(1983, '1', 39, 3, 5, 10, '2020-05-03 23:47:17', '2020-05-03 23:47:17'),
(1984, '1', 40, 1, 1, 10, '2020-05-03 23:47:17', '2020-05-03 23:47:17'),
(1985, '1', 40, 2, 1, 10, '2020-05-03 23:47:17', '2020-05-03 23:47:17'),
(1986, '1', 40, 3, 5, 10, '2020-05-03 23:47:17', '2020-05-03 23:47:17'),
(1987, '1', 41, 1, 1, 10, '2020-05-03 23:47:17', '2020-05-03 23:47:17'),
(1988, '1', 41, 2, 1, 10, '2020-05-03 23:47:17', '2020-05-03 23:47:17'),
(1989, '1', 41, 3, 5, 10, '2020-05-03 23:47:17', '2020-05-03 23:47:17'),
(1990, '1', 42, 1, 1, 10, '2020-05-03 23:47:17', '2020-05-03 23:47:17'),
(1991, '1', 42, 2, 1, 10, '2020-05-03 23:47:17', '2020-05-03 23:47:17'),
(1992, '1', 42, 3, 5, 10, '2020-05-03 23:47:17', '2020-05-03 23:47:17'),
(1993, '1', 43, 1, 1, 10, '2020-05-03 23:47:17', '2020-05-03 23:47:17'),
(1994, '1', 43, 2, 1, 10, '2020-05-03 23:47:17', '2020-05-03 23:47:17'),
(1995, '1', 43, 3, 5, 10, '2020-05-03 23:47:17', '2020-05-03 23:47:17'),
(1996, '1', 44, 1, 1, 10, '2020-05-03 23:47:17', '2020-05-03 23:47:17'),
(1997, '1', 44, 2, 1, 10, '2020-05-03 23:47:17', '2020-05-03 23:47:17'),
(1998, '1', 44, 3, 5, 10, '2020-05-03 23:47:17', '2020-05-03 23:47:17'),
(1999, '1', 45, 1, 1, 10, '2020-05-03 23:47:17', '2020-05-03 23:47:17'),
(2000, '1', 45, 2, 1, 10, '2020-05-03 23:47:17', '2020-05-03 23:47:17'),
(2001, '1', 45, 3, 5, 10, '2020-05-03 23:47:17', '2020-05-03 23:47:17'),
(2002, '1', 46, 1, 1, 10, '2020-05-03 23:47:17', '2020-05-03 23:47:17'),
(2003, '1', 46, 2, 1, 10, '2020-05-03 23:47:17', '2020-05-03 23:47:17'),
(2004, '1', 46, 3, 5, 10, '2020-05-03 23:47:17', '2020-05-03 23:47:17'),
(2005, '1', 47, 1, 1, 10, '2020-05-03 23:47:17', '2020-05-03 23:47:17'),
(2006, '1', 47, 2, 1, 10, '2020-05-03 23:47:17', '2020-05-03 23:47:17'),
(2007, '1', 47, 3, 5, 10, '2020-05-03 23:47:17', '2020-05-03 23:47:17'),
(2008, '1', 48, 1, 1, 10, '2020-05-03 23:47:17', '2020-05-03 23:47:17'),
(2009, '1', 48, 2, 1, 10, '2020-05-03 23:47:17', '2020-05-03 23:47:17'),
(2010, '1', 48, 3, 5, 10, '2020-05-03 23:47:17', '2020-05-03 23:47:17'),
(2011, '1', 49, 1, 1, 10, '2020-05-03 23:47:17', '2020-05-03 23:47:17'),
(2012, '1', 49, 2, 1, 10, '2020-05-03 23:47:17', '2020-05-03 23:47:17'),
(2013, '1', 49, 3, 5, 10, '2020-05-03 23:47:17', '2020-05-03 23:47:17'),
(2014, '1', 50, 1, 1, 10, '2020-05-03 23:47:17', '2020-05-03 23:47:17'),
(2015, '1', 50, 2, 1, 10, '2020-05-03 23:47:17', '2020-05-03 23:47:17'),
(2016, '1', 50, 3, 5, 10, '2020-05-03 23:47:17', '2020-05-03 23:47:17'),
(2017, '1', 51, 1, 1, 10, '2020-05-03 23:47:17', '2020-05-03 23:47:17'),
(2018, '1', 51, 2, 1, 10, '2020-05-03 23:47:17', '2020-05-03 23:47:17'),
(2019, '1', 51, 3, 5, 10, '2020-05-03 23:47:17', '2020-05-03 23:47:17'),
(2020, '1', 52, 1, 1, 10, '2020-05-03 23:47:17', '2020-05-03 23:47:17'),
(2021, '1', 52, 2, 1, 10, '2020-05-03 23:47:17', '2020-05-03 23:47:17'),
(2022, '1', 52, 3, 5, 10, '2020-05-03 23:47:17', '2020-05-03 23:47:17'),
(2023, '1', 53, 1, 1, 10, '2020-05-03 23:47:17', '2020-05-03 23:47:17'),
(2024, '1', 53, 2, 1, 10, '2020-05-03 23:47:17', '2020-05-03 23:47:17'),
(2025, '1', 53, 3, 5, 10, '2020-05-03 23:47:17', '2020-05-03 23:47:17'),
(2026, '1', 54, 1, 1, 10, '2020-05-03 23:47:17', '2020-05-03 23:47:17'),
(2027, '1', 54, 2, 1, 10, '2020-05-03 23:47:17', '2020-05-03 23:47:17'),
(2028, '1', 54, 3, 5, 10, '2020-05-03 23:47:17', '2020-05-03 23:47:17'),
(2029, '1', 55, 1, 1, 10, '2020-05-03 23:47:17', '2020-05-03 23:47:17'),
(2030, '1', 55, 2, 1, 10, '2020-05-03 23:47:17', '2020-05-03 23:47:17'),
(2031, '1', 55, 3, 5, 10, '2020-05-03 23:47:17', '2020-05-03 23:47:17'),
(2032, '1', 56, 1, 1, 10, '2020-05-03 23:47:17', '2020-05-03 23:47:17'),
(2033, '1', 56, 2, 1, 10, '2020-05-03 23:47:17', '2020-05-03 23:47:17'),
(2034, '1', 56, 3, 5, 10, '2020-05-03 23:47:17', '2020-05-03 23:47:17'),
(2035, '1', 57, 1, 1, 10, '2020-05-03 23:47:17', '2020-05-03 23:47:17'),
(2036, '1', 57, 2, 1, 10, '2020-05-03 23:47:17', '2020-05-03 23:47:17'),
(2037, '1', 57, 3, 5, 10, '2020-05-03 23:47:17', '2020-05-03 23:47:17'),
(2038, '1', 58, 1, 1, 10, '2020-05-03 23:47:17', '2020-05-03 23:47:17'),
(2039, '1', 58, 2, 1, 10, '2020-05-03 23:47:17', '2020-05-03 23:47:17'),
(2040, '1', 58, 3, 5, 10, '2020-05-03 23:47:17', '2020-05-03 23:47:17'),
(2041, '1', 59, 1, 1, 10, '2020-05-03 23:47:17', '2020-05-03 23:47:17'),
(2042, '1', 59, 2, 1, 10, '2020-05-03 23:47:17', '2020-05-03 23:47:17'),
(2043, '1', 59, 3, 5, 10, '2020-05-03 23:47:17', '2020-05-03 23:47:17'),
(2044, '1', 60, 1, 1, 10, '2020-05-03 23:47:17', '2020-05-03 23:47:17'),
(2045, '1', 60, 2, 1, 10, '2020-05-03 23:47:17', '2020-05-03 23:47:17'),
(2046, '1', 60, 3, 5, 10, '2020-05-03 23:47:17', '2020-05-03 23:47:17'),
(2047, '1', 61, 1, 1, 10, '2020-05-03 23:47:17', '2020-05-03 23:47:17'),
(2048, '1', 61, 2, 1, 10, '2020-05-03 23:47:17', '2020-05-03 23:47:17'),
(2049, '1', 61, 3, 5, 10, '2020-05-03 23:47:17', '2020-05-03 23:47:17'),
(2050, '1', 62, 1, 1, 10, '2020-05-03 23:47:17', '2020-05-03 23:47:17'),
(2051, '1', 62, 2, 1, 10, '2020-05-03 23:47:17', '2020-05-03 23:47:17'),
(2052, '1', 62, 3, 5, 10, '2020-05-03 23:47:17', '2020-05-03 23:47:17'),
(2053, '1', 63, 1, 1, 10, '2020-05-03 23:47:17', '2020-05-03 23:47:17'),
(2054, '1', 63, 2, 1, 10, '2020-05-03 23:47:17', '2020-05-03 23:47:17'),
(2055, '1', 63, 3, 5, 10, '2020-05-03 23:47:17', '2020-05-03 23:47:17'),
(2056, '1', 64, 1, 1, 10, '2020-05-03 23:47:17', '2020-05-03 23:47:17'),
(2057, '1', 64, 2, 1, 10, '2020-05-03 23:47:17', '2020-05-03 23:47:17'),
(2058, '1', 64, 3, 5, 10, '2020-05-03 23:47:17', '2020-05-03 23:47:17'),
(2059, '1', 65, 1, 1, 10, '2020-05-03 23:47:17', '2020-05-03 23:47:17'),
(2060, '1', 65, 2, 1, 10, '2020-05-03 23:47:17', '2020-05-03 23:47:17'),
(2061, '1', 65, 3, 5, 10, '2020-05-03 23:47:17', '2020-05-03 23:47:17'),
(2062, '1', 66, 1, 1, 10, '2020-05-03 23:47:17', '2020-05-03 23:47:17'),
(2063, '1', 66, 2, 1, 10, '2020-05-03 23:47:17', '2020-05-03 23:47:17'),
(2064, '1', 66, 3, 5, 10, '2020-05-03 23:47:17', '2020-05-03 23:47:17'),
(2065, '1', 67, 1, 1, 10, '2020-05-03 23:47:17', '2020-05-03 23:47:17'),
(2066, '1', 67, 2, 1, 10, '2020-05-03 23:47:17', '2020-05-03 23:47:17'),
(2067, '1', 67, 3, 5, 10, '2020-05-03 23:47:17', '2020-05-03 23:47:17'),
(2068, '1', 68, 1, 1, 10, '2020-05-03 23:47:17', '2020-05-03 23:47:17'),
(2069, '1', 68, 2, 1, 10, '2020-05-03 23:47:17', '2020-05-03 23:47:17'),
(2070, '1', 68, 3, 5, 10, '2020-05-03 23:47:17', '2020-05-03 23:47:17'),
(2071, '1', 69, 1, 1, 10, '2020-05-03 23:47:17', '2020-05-03 23:47:17'),
(2072, '1', 69, 2, 1, 10, '2020-05-03 23:47:17', '2020-05-03 23:47:17'),
(2073, '1', 69, 3, 5, 10, '2020-05-03 23:47:17', '2020-05-03 23:47:17'),
(2074, '1', 70, 1, 1, 10, '2020-05-03 23:47:17', '2020-05-03 23:47:17'),
(2075, '1', 70, 2, 1, 10, '2020-05-03 23:47:17', '2020-05-03 23:47:17'),
(2076, '1', 70, 3, 5, 10, '2020-05-03 23:47:17', '2020-05-03 23:47:17'),
(2077, '1', 71, 1, 1, 10, '2020-05-03 23:47:17', '2020-05-03 23:47:17'),
(2078, '1', 71, 2, 1, 10, '2020-05-03 23:47:17', '2020-05-03 23:47:17'),
(2079, '1', 71, 3, 5, 10, '2020-05-03 23:47:17', '2020-05-03 23:47:17'),
(2080, '1', 72, 1, 1, 10, '2020-05-03 23:47:17', '2020-05-03 23:47:17'),
(2081, '1', 72, 2, 1, 10, '2020-05-03 23:47:17', '2020-05-03 23:47:17'),
(2082, '1', 72, 3, 5, 10, '2020-05-03 23:47:17', '2020-05-03 23:47:17'),
(2083, '1', 73, 1, 1, 10, '2020-05-03 23:47:17', '2020-05-03 23:47:17'),
(2084, '1', 73, 2, 1, 10, '2020-05-03 23:47:17', '2020-05-03 23:47:17'),
(2085, '1', 73, 3, 5, 10, '2020-05-03 23:47:17', '2020-05-03 23:47:17'),
(2086, '1', 74, 1, 1, 10, '2020-05-03 23:47:17', '2020-05-03 23:47:17'),
(2087, '1', 74, 2, 1, 10, '2020-05-03 23:47:17', '2020-05-03 23:47:17'),
(2088, '1', 74, 3, 5, 10, '2020-05-03 23:47:17', '2020-05-03 23:47:17'),
(2089, '1', 75, 1, 1, 10, '2020-05-03 23:47:17', '2020-05-03 23:47:17'),
(2090, '1', 75, 2, 1, 10, '2020-05-03 23:47:17', '2020-05-03 23:47:17'),
(2091, '1', 75, 3, 5, 10, '2020-05-03 23:47:17', '2020-05-03 23:47:17'),
(2092, '1', 76, 1, 1, 10, '2020-05-03 23:47:17', '2020-05-03 23:47:17'),
(2093, '1', 76, 2, 1, 10, '2020-05-03 23:47:17', '2020-05-03 23:47:17'),
(2094, '1', 76, 3, 5, 10, '2020-05-03 23:47:17', '2020-05-03 23:47:17'),
(2095, '1', 77, 1, 1, 10, '2020-05-03 23:47:17', '2020-05-03 23:47:17'),
(2096, '1', 77, 2, 1, 10, '2020-05-03 23:47:17', '2020-05-03 23:47:17'),
(2097, '1', 77, 3, 5, 10, '2020-05-03 23:47:17', '2020-05-03 23:47:17'),
(2098, '1', 78, 1, 1, 10, '2020-05-03 23:47:17', '2020-05-03 23:47:17'),
(2099, '1', 78, 2, 1, 10, '2020-05-03 23:47:17', '2020-05-03 23:47:17'),
(2100, '1', 78, 3, 5, 10, '2020-05-03 23:47:17', '2020-05-03 23:47:17'),
(2101, '1', 79, 1, 1, 10, '2020-05-03 23:47:17', '2020-05-03 23:47:17'),
(2102, '1', 79, 2, 1, 10, '2020-05-03 23:47:17', '2020-05-03 23:47:17'),
(2103, '1', 79, 3, 5, 10, '2020-05-03 23:47:17', '2020-05-03 23:47:17'),
(2104, '1', 80, 1, 1, 10, '2020-05-03 23:47:17', '2020-05-03 23:47:17'),
(2105, '1', 80, 2, 1, 10, '2020-05-03 23:47:17', '2020-05-03 23:47:17'),
(2106, '1', 80, 3, 5, 10, '2020-05-03 23:47:17', '2020-05-03 23:47:17'),
(2107, '1', 81, 1, 1, 10, '2020-05-03 23:47:17', '2020-05-03 23:47:17'),
(2108, '1', 81, 2, 1, 10, '2020-05-03 23:47:17', '2020-05-03 23:47:17'),
(2109, '1', 81, 3, 5, 10, '2020-05-03 23:47:17', '2020-05-03 23:47:17'),
(2110, '1', 82, 1, 1, 10, '2020-05-03 23:47:17', '2020-05-03 23:47:17'),
(2111, '1', 82, 2, 1, 10, '2020-05-03 23:47:17', '2020-05-03 23:47:17'),
(2112, '1', 82, 3, 5, 10, '2020-05-03 23:47:17', '2020-05-03 23:47:17'),
(2113, '1', 83, NULL, 7, 11, '2020-05-04 01:23:23', '2020-05-04 01:23:23'),
(2114, '1', 84, NULL, 8, 11, '2020-05-04 01:23:23', '2020-05-04 01:23:23'),
(2115, '1', 85, NULL, 13, 11, '2020-05-04 01:23:23', '2020-05-04 01:23:23'),
(2116, '1', 86, NULL, 13, 11, '2020-05-04 01:23:23', '2020-05-04 01:23:23'),
(2117, '1', 87, NULL, 13, 11, '2020-05-04 01:23:23', '2020-05-04 01:23:23'),
(2118, '1', 88, NULL, 13, 11, '2020-05-04 01:23:23', '2020-05-04 01:23:23'),
(2119, '1', 89, NULL, 13, 11, '2020-05-04 01:23:23', '2020-05-04 01:23:23'),
(2120, '1', 90, NULL, 13, 11, '2020-05-04 01:23:23', '2020-05-04 01:23:23'),
(2121, '1', 91, NULL, 13, 11, '2020-05-04 01:23:23', '2020-05-04 01:23:23'),
(2122, '1', 92, NULL, 13, 11, '2020-05-04 01:23:23', '2020-05-04 01:23:23'),
(2123, '1', 93, NULL, 13, 11, '2020-05-04 01:23:23', '2020-05-04 01:23:23'),
(2124, '1', 94, NULL, 13, 11, '2020-05-04 01:23:23', '2020-05-04 01:23:23');
INSERT INTO `encuesta_respuesta` (`id`, `estado`, `pregunta_id`, `subpregunta_id`, `respuesta_id`, `encuesta_puntaje_id`, `created_at`, `updated_at`) VALUES
(2125, '1', 95, NULL, 13, 11, '2020-05-04 01:23:23', '2020-05-04 01:23:23'),
(2126, '1', 96, NULL, 13, 11, '2020-05-04 01:23:23', '2020-05-04 01:23:23'),
(2127, '1', 97, NULL, 13, 11, '2020-05-04 01:23:23', '2020-05-04 01:23:23'),
(2128, '1', 98, NULL, 13, 11, '2020-05-04 01:23:23', '2020-05-04 01:23:23'),
(2129, '1', 99, NULL, 13, 11, '2020-05-04 01:23:23', '2020-05-04 01:23:23'),
(2130, '1', 100, NULL, 13, 11, '2020-05-04 01:23:23', '2020-05-04 01:23:23'),
(2131, '1', 101, NULL, 13, 11, '2020-05-04 01:23:23', '2020-05-04 01:23:23'),
(2132, '1', 102, NULL, 13, 11, '2020-05-04 01:23:23', '2020-05-04 01:23:23'),
(2133, '1', 103, NULL, 13, 11, '2020-05-04 01:23:23', '2020-05-04 01:23:23'),
(2134, '1', 104, NULL, 13, 11, '2020-05-04 01:23:23', '2020-05-04 01:23:23'),
(2135, '1', 105, NULL, 13, 11, '2020-05-04 01:23:23', '2020-05-04 01:23:23'),
(2136, '1', 106, NULL, 13, 11, '2020-05-04 01:23:23', '2020-05-04 01:23:23'),
(2137, '1', 107, NULL, 13, 11, '2020-05-04 01:23:23', '2020-05-04 01:23:23'),
(2138, '1', 108, NULL, 13, 11, '2020-05-04 01:23:23', '2020-05-04 01:23:23'),
(2139, '1', 109, NULL, 13, 11, '2020-05-04 01:23:23', '2020-05-04 01:23:23'),
(2140, '1', 110, NULL, 13, 11, '2020-05-04 01:23:23', '2020-05-04 01:23:23'),
(2141, '1', 111, NULL, 13, 11, '2020-05-04 01:23:23', '2020-05-04 01:23:23'),
(2142, '1', 112, NULL, 13, 11, '2020-05-04 01:23:23', '2020-05-04 01:23:23'),
(2143, '1', 113, NULL, 13, 11, '2020-05-04 01:23:23', '2020-05-04 01:23:23'),
(2144, '1', 114, NULL, 13, 11, '2020-05-04 01:23:23', '2020-05-04 01:23:23'),
(2145, '1', 115, NULL, 13, 11, '2020-05-04 01:23:23', '2020-05-04 01:23:23'),
(2146, '1', 116, NULL, 13, 11, '2020-05-04 01:23:23', '2020-05-04 01:23:23'),
(2147, '1', 117, NULL, 13, 11, '2020-05-04 01:23:23', '2020-05-04 01:23:23'),
(2148, '1', 118, NULL, 13, 11, '2020-05-04 01:23:23', '2020-05-04 01:23:23'),
(2149, '1', 119, NULL, 13, 11, '2020-05-04 01:23:23', '2020-05-04 01:23:23'),
(2150, '1', 120, NULL, 13, 11, '2020-05-04 01:23:23', '2020-05-04 01:23:23'),
(2151, '1', 121, NULL, 13, 11, '2020-05-04 01:23:23', '2020-05-04 01:23:23'),
(2152, '1', 122, NULL, 13, 11, '2020-05-04 01:23:23', '2020-05-04 01:23:23'),
(2153, '1', 123, NULL, 13, 11, '2020-05-04 01:23:23', '2020-05-04 01:23:23'),
(2154, '1', 124, NULL, 13, 11, '2020-05-04 01:23:23', '2020-05-04 01:23:23'),
(2155, '1', 125, NULL, 13, 11, '2020-05-04 01:23:23', '2020-05-04 01:23:23'),
(2156, '1', 126, NULL, 13, 11, '2020-05-04 01:23:23', '2020-05-04 01:23:23'),
(2157, '1', 127, NULL, 13, 11, '2020-05-04 01:23:23', '2020-05-04 01:23:23'),
(2158, '1', 128, NULL, 13, 11, '2020-05-04 01:23:23', '2020-05-04 01:23:23'),
(2159, '1', 129, NULL, 13, 11, '2020-05-04 01:23:23', '2020-05-04 01:23:23'),
(2160, '1', 130, NULL, 13, 11, '2020-05-04 01:23:23', '2020-05-04 01:23:23'),
(2161, '1', 131, NULL, 13, 11, '2020-05-04 01:23:23', '2020-05-04 01:23:23'),
(2162, '1', 132, NULL, 13, 11, '2020-05-04 01:23:23', '2020-05-04 01:23:23'),
(2163, '1', 133, NULL, 13, 11, '2020-05-04 01:23:23', '2020-05-04 01:23:23'),
(2164, '1', 134, NULL, 13, 11, '2020-05-04 01:23:23', '2020-05-04 01:23:23'),
(2165, '1', 135, NULL, 13, 11, '2020-05-04 01:23:23', '2020-05-04 01:23:23'),
(2166, '1', 136, NULL, 13, 11, '2020-05-04 01:23:23', '2020-05-04 01:23:23'),
(2167, '1', 137, NULL, 13, 11, '2020-05-04 01:23:23', '2020-05-04 01:23:23'),
(2168, '1', 138, NULL, 13, 11, '2020-05-04 01:23:23', '2020-05-04 01:23:23'),
(2169, '1', 139, NULL, 13, 11, '2020-05-04 01:23:23', '2020-05-04 01:23:23'),
(2170, '1', 140, NULL, 13, 11, '2020-05-04 01:23:23', '2020-05-04 01:23:23'),
(2171, '1', 141, NULL, 13, 11, '2020-05-04 01:23:23', '2020-05-04 01:23:23'),
(2172, '1', 142, NULL, 13, 11, '2020-05-04 01:23:23', '2020-05-04 01:23:23'),
(2173, '1', 143, NULL, 13, 11, '2020-05-04 01:23:23', '2020-05-04 01:23:23'),
(2174, '1', 144, NULL, 13, 11, '2020-05-04 01:23:23', '2020-05-04 01:23:23'),
(2175, '1', 145, NULL, 9, 11, '2020-05-04 01:23:23', '2020-05-04 01:23:23'),
(2176, '1', 146, NULL, 7, 11, '2020-05-04 01:23:23', '2020-05-04 01:23:23'),
(2177, '1', 147, NULL, 7, 11, '2020-05-04 01:23:23', '2020-05-04 01:23:23'),
(2178, '1', 148, NULL, 7, 11, '2020-05-04 01:23:23', '2020-05-04 01:23:23'),
(2179, '1', 149, NULL, 7, 11, '2020-05-04 01:23:23', '2020-05-04 01:23:23'),
(2180, '1', 150, NULL, 7, 11, '2020-05-04 01:23:23', '2020-05-04 01:23:23'),
(2181, '1', 151, NULL, 7, 11, '2020-05-04 01:23:23', '2020-05-04 01:23:23'),
(2182, '1', 152, NULL, 7, 11, '2020-05-04 01:23:23', '2020-05-04 01:23:23'),
(2183, '1', 153, NULL, 7, 11, '2020-05-04 01:23:23', '2020-05-04 01:23:23'),
(2184, '1', 154, NULL, 7, 11, '2020-05-04 01:23:23', '2020-05-04 01:23:23'),
(2185, '1', 155, NULL, 7, 11, '2020-05-04 01:23:23', '2020-05-04 01:23:23'),
(2186, '1', 156, NULL, 7, 11, '2020-05-04 01:23:23', '2020-05-04 01:23:23'),
(2187, '1', 157, NULL, 7, 11, '2020-05-04 01:23:23', '2020-05-04 01:23:23'),
(2188, '1', 158, NULL, 7, 11, '2020-05-04 01:23:23', '2020-05-04 01:23:23'),
(2189, '1', 159, NULL, 7, 11, '2020-05-04 01:23:23', '2020-05-04 01:23:23'),
(2190, '1', 160, NULL, 7, 11, '2020-05-04 01:23:23', '2020-05-04 01:23:23'),
(2191, '1', 161, NULL, 7, 11, '2020-05-04 01:23:23', '2020-05-04 01:23:23'),
(2192, '1', 162, NULL, 7, 11, '2020-05-04 01:23:23', '2020-05-04 01:23:23'),
(2193, '1', 163, NULL, 7, 11, '2020-05-04 01:23:23', '2020-05-04 01:23:23'),
(2194, '1', 164, NULL, 7, 11, '2020-05-04 01:23:23', '2020-05-04 01:23:23'),
(2195, '1', 165, NULL, 7, 11, '2020-05-04 01:23:23', '2020-05-04 01:23:23'),
(2196, '1', 166, NULL, 7, 11, '2020-05-04 01:23:23', '2020-05-04 01:23:23'),
(2197, '1', 167, NULL, 7, 11, '2020-05-04 01:23:23', '2020-05-04 01:23:23'),
(2198, '1', 168, NULL, 7, 11, '2020-05-04 01:23:23', '2020-05-04 01:23:23'),
(2199, '1', 169, NULL, 7, 11, '2020-05-04 01:23:23', '2020-05-04 01:23:23'),
(2200, '1', 170, NULL, 7, 11, '2020-05-04 01:23:23', '2020-05-04 01:23:23'),
(2201, '1', 171, NULL, 7, 11, '2020-05-04 01:23:23', '2020-05-04 01:23:23'),
(2202, '1', 172, NULL, 7, 11, '2020-05-04 01:23:23', '2020-05-04 01:23:23'),
(2203, '1', 173, NULL, 7, 11, '2020-05-04 01:23:23', '2020-05-04 01:23:23'),
(2204, '1', 174, NULL, 7, 11, '2020-05-04 01:23:23', '2020-05-04 01:23:23'),
(2205, '1', 175, NULL, 7, 11, '2020-05-04 01:23:23', '2020-05-04 01:23:23'),
(2206, '1', 176, NULL, 7, 11, '2020-05-04 01:23:23', '2020-05-04 01:23:23'),
(2207, '1', 177, NULL, 7, 11, '2020-05-04 01:23:23', '2020-05-04 01:23:23'),
(2208, '1', 178, NULL, 7, 11, '2020-05-04 01:23:23', '2020-05-04 01:23:23'),
(2209, '1', 179, NULL, 7, 11, '2020-05-04 01:23:23', '2020-05-04 01:23:23'),
(2210, '1', 180, NULL, 7, 11, '2020-05-04 01:23:23', '2020-05-04 01:23:23'),
(2211, '1', 181, NULL, 7, 11, '2020-05-04 01:23:23', '2020-05-04 01:23:23'),
(2212, '1', 182, NULL, 7, 11, '2020-05-04 01:23:23', '2020-05-04 01:23:23'),
(2213, '1', 183, NULL, 7, 11, '2020-05-04 01:23:23', '2020-05-04 01:23:23'),
(2214, '1', 184, NULL, 7, 11, '2020-05-04 01:23:23', '2020-05-04 01:23:23'),
(2215, '1', 185, NULL, 7, 11, '2020-05-04 01:23:23', '2020-05-04 01:23:23'),
(2216, '1', 186, NULL, 7, 11, '2020-05-04 01:23:23', '2020-05-04 01:23:23'),
(2217, '1', 187, NULL, 7, 11, '2020-05-04 01:23:23', '2020-05-04 01:23:23'),
(2218, '1', 188, NULL, 7, 11, '2020-05-04 01:23:23', '2020-05-04 01:23:23'),
(2219, '1', 189, NULL, 7, 11, '2020-05-04 01:23:23', '2020-05-04 01:23:23'),
(2220, '1', 190, NULL, 7, 11, '2020-05-04 01:23:23', '2020-05-04 01:23:23'),
(2221, '1', 191, NULL, 7, 11, '2020-05-04 01:23:23', '2020-05-04 01:23:23'),
(2222, '1', 192, NULL, 7, 11, '2020-05-04 01:23:23', '2020-05-04 01:23:23'),
(2223, '1', 193, NULL, 7, 11, '2020-05-04 01:23:23', '2020-05-04 01:23:23'),
(2224, '1', 194, NULL, 7, 11, '2020-05-04 01:23:23', '2020-05-04 01:23:23'),
(2225, '1', 195, NULL, 7, 11, '2020-05-04 01:23:23', '2020-05-04 01:23:23'),
(2226, '1', 196, NULL, 7, 11, '2020-05-04 01:23:23', '2020-05-04 01:23:23'),
(2227, '1', 197, NULL, 7, 11, '2020-05-04 01:23:23', '2020-05-04 01:23:23'),
(2228, '1', 198, NULL, 7, 11, '2020-05-04 01:23:23', '2020-05-04 01:23:23'),
(2229, '1', 199, NULL, 7, 11, '2020-05-04 01:23:23', '2020-05-04 01:23:23'),
(2230, '1', 200, NULL, 7, 11, '2020-05-04 01:23:23', '2020-05-04 01:23:23'),
(2231, '1', 201, NULL, 7, 11, '2020-05-04 01:23:23', '2020-05-04 01:23:23'),
(2232, '1', 202, NULL, 7, 11, '2020-05-04 01:23:23', '2020-05-04 01:23:23'),
(2233, '1', 203, NULL, 7, 11, '2020-05-04 01:23:23', '2020-05-04 01:23:23'),
(2234, '1', 204, NULL, 7, 11, '2020-05-04 01:23:23', '2020-05-04 01:23:23'),
(2235, '1', 205, NULL, 7, 11, '2020-05-04 01:23:23', '2020-05-04 01:23:23'),
(2236, '1', 206, NULL, 7, 11, '2020-05-04 01:23:23', '2020-05-04 01:23:23'),
(2237, '1', 207, NULL, 7, 11, '2020-05-04 01:23:23', '2020-05-04 01:23:23'),
(2238, '1', 208, NULL, 7, 11, '2020-05-04 01:23:23', '2020-05-04 01:23:23'),
(2239, '1', 209, NULL, 7, 11, '2020-05-04 01:23:23', '2020-05-04 01:23:23'),
(2240, '1', 210, NULL, 7, 11, '2020-05-04 01:23:23', '2020-05-04 01:23:23'),
(2241, '1', 211, NULL, 7, 11, '2020-05-04 01:23:23', '2020-05-04 01:23:23'),
(2242, '1', 212, NULL, 7, 11, '2020-05-04 01:23:23', '2020-05-04 01:23:23'),
(2243, '1', 83, NULL, 8, 12, '2020-05-04 01:24:42', '2020-05-04 01:24:42'),
(2244, '1', 84, NULL, 7, 12, '2020-05-04 01:24:42', '2020-05-04 01:24:42'),
(2245, '1', 85, NULL, 7, 12, '2020-05-04 01:24:42', '2020-05-04 01:24:42'),
(2246, '1', 86, NULL, 7, 12, '2020-05-04 01:24:42', '2020-05-04 01:24:42'),
(2247, '1', 87, NULL, 7, 12, '2020-05-04 01:24:42', '2020-05-04 01:24:42'),
(2248, '1', 88, NULL, 7, 12, '2020-05-04 01:24:42', '2020-05-04 01:24:42'),
(2249, '1', 89, NULL, 7, 12, '2020-05-04 01:24:42', '2020-05-04 01:24:42'),
(2250, '1', 90, NULL, 7, 12, '2020-05-04 01:24:42', '2020-05-04 01:24:42'),
(2251, '1', 91, NULL, 7, 12, '2020-05-04 01:24:42', '2020-05-04 01:24:42'),
(2252, '1', 92, NULL, 7, 12, '2020-05-04 01:24:42', '2020-05-04 01:24:42'),
(2253, '1', 93, NULL, 7, 12, '2020-05-04 01:24:42', '2020-05-04 01:24:42'),
(2254, '1', 94, NULL, 7, 12, '2020-05-04 01:24:42', '2020-05-04 01:24:42'),
(2255, '1', 95, NULL, 7, 12, '2020-05-04 01:24:42', '2020-05-04 01:24:42'),
(2256, '1', 96, NULL, 7, 12, '2020-05-04 01:24:42', '2020-05-04 01:24:42'),
(2257, '1', 97, NULL, 7, 12, '2020-05-04 01:24:42', '2020-05-04 01:24:42'),
(2258, '1', 98, NULL, 7, 12, '2020-05-04 01:24:42', '2020-05-04 01:24:42'),
(2259, '1', 99, NULL, 7, 12, '2020-05-04 01:24:42', '2020-05-04 01:24:42'),
(2260, '1', 100, NULL, 7, 12, '2020-05-04 01:24:42', '2020-05-04 01:24:42'),
(2261, '1', 101, NULL, 7, 12, '2020-05-04 01:24:42', '2020-05-04 01:24:42'),
(2262, '1', 102, NULL, 7, 12, '2020-05-04 01:24:42', '2020-05-04 01:24:42'),
(2263, '1', 103, NULL, 7, 12, '2020-05-04 01:24:42', '2020-05-04 01:24:42'),
(2264, '1', 104, NULL, 7, 12, '2020-05-04 01:24:42', '2020-05-04 01:24:42'),
(2265, '1', 105, NULL, 7, 12, '2020-05-04 01:24:42', '2020-05-04 01:24:42'),
(2266, '1', 106, NULL, 7, 12, '2020-05-04 01:24:42', '2020-05-04 01:24:42'),
(2267, '1', 107, NULL, 7, 12, '2020-05-04 01:24:42', '2020-05-04 01:24:42'),
(2268, '1', 108, NULL, 7, 12, '2020-05-04 01:24:42', '2020-05-04 01:24:42'),
(2269, '1', 109, NULL, 7, 12, '2020-05-04 01:24:42', '2020-05-04 01:24:42'),
(2270, '1', 110, NULL, 7, 12, '2020-05-04 01:24:42', '2020-05-04 01:24:42'),
(2271, '1', 111, NULL, 7, 12, '2020-05-04 01:24:42', '2020-05-04 01:24:42'),
(2272, '1', 112, NULL, 7, 12, '2020-05-04 01:24:42', '2020-05-04 01:24:42'),
(2273, '1', 113, NULL, 7, 12, '2020-05-04 01:24:42', '2020-05-04 01:24:42'),
(2274, '1', 114, NULL, 7, 12, '2020-05-04 01:24:42', '2020-05-04 01:24:42'),
(2275, '1', 115, NULL, 7, 12, '2020-05-04 01:24:42', '2020-05-04 01:24:42'),
(2276, '1', 116, NULL, 7, 12, '2020-05-04 01:24:42', '2020-05-04 01:24:42'),
(2277, '1', 117, NULL, 7, 12, '2020-05-04 01:24:42', '2020-05-04 01:24:42'),
(2278, '1', 118, NULL, 7, 12, '2020-05-04 01:24:42', '2020-05-04 01:24:42'),
(2279, '1', 119, NULL, 7, 12, '2020-05-04 01:24:42', '2020-05-04 01:24:42'),
(2280, '1', 120, NULL, 7, 12, '2020-05-04 01:24:42', '2020-05-04 01:24:42'),
(2281, '1', 121, NULL, 7, 12, '2020-05-04 01:24:42', '2020-05-04 01:24:42'),
(2282, '1', 122, NULL, 7, 12, '2020-05-04 01:24:42', '2020-05-04 01:24:42'),
(2283, '1', 123, NULL, 7, 12, '2020-05-04 01:24:42', '2020-05-04 01:24:42'),
(2284, '1', 124, NULL, 7, 12, '2020-05-04 01:24:42', '2020-05-04 01:24:42'),
(2285, '1', 125, NULL, 7, 12, '2020-05-04 01:24:42', '2020-05-04 01:24:42'),
(2286, '1', 126, NULL, 7, 12, '2020-05-04 01:24:42', '2020-05-04 01:24:42'),
(2287, '1', 127, NULL, 7, 12, '2020-05-04 01:24:42', '2020-05-04 01:24:42'),
(2288, '1', 128, NULL, 7, 12, '2020-05-04 01:24:42', '2020-05-04 01:24:42'),
(2289, '1', 129, NULL, 7, 12, '2020-05-04 01:24:42', '2020-05-04 01:24:42'),
(2290, '1', 130, NULL, 7, 12, '2020-05-04 01:24:42', '2020-05-04 01:24:42'),
(2291, '1', 131, NULL, 7, 12, '2020-05-04 01:24:42', '2020-05-04 01:24:42'),
(2292, '1', 132, NULL, 7, 12, '2020-05-04 01:24:42', '2020-05-04 01:24:42'),
(2293, '1', 133, NULL, 7, 12, '2020-05-04 01:24:42', '2020-05-04 01:24:42'),
(2294, '1', 134, NULL, 7, 12, '2020-05-04 01:24:42', '2020-05-04 01:24:42'),
(2295, '1', 135, NULL, 7, 12, '2020-05-04 01:24:42', '2020-05-04 01:24:42'),
(2296, '1', 136, NULL, 7, 12, '2020-05-04 01:24:42', '2020-05-04 01:24:42'),
(2297, '1', 137, NULL, 7, 12, '2020-05-04 01:24:42', '2020-05-04 01:24:42'),
(2298, '1', 138, NULL, 7, 12, '2020-05-04 01:24:42', '2020-05-04 01:24:42'),
(2299, '1', 139, NULL, 7, 12, '2020-05-04 01:24:42', '2020-05-04 01:24:42'),
(2300, '1', 140, NULL, 7, 12, '2020-05-04 01:24:42', '2020-05-04 01:24:42'),
(2301, '1', 141, NULL, 7, 12, '2020-05-04 01:24:42', '2020-05-04 01:24:42'),
(2302, '1', 142, NULL, 7, 12, '2020-05-04 01:24:42', '2020-05-04 01:24:42'),
(2303, '1', 143, NULL, 7, 12, '2020-05-04 01:24:42', '2020-05-04 01:24:42'),
(2304, '1', 144, NULL, 7, 12, '2020-05-04 01:24:42', '2020-05-04 01:24:42'),
(2305, '1', 145, NULL, 7, 12, '2020-05-04 01:24:42', '2020-05-04 01:24:42'),
(2306, '1', 146, NULL, 7, 12, '2020-05-04 01:24:42', '2020-05-04 01:24:42'),
(2307, '1', 147, NULL, 7, 12, '2020-05-04 01:24:42', '2020-05-04 01:24:42'),
(2308, '1', 148, NULL, 7, 12, '2020-05-04 01:24:42', '2020-05-04 01:24:42'),
(2309, '1', 149, NULL, 7, 12, '2020-05-04 01:24:42', '2020-05-04 01:24:42'),
(2310, '1', 150, NULL, 7, 12, '2020-05-04 01:24:42', '2020-05-04 01:24:42'),
(2311, '1', 151, NULL, 7, 12, '2020-05-04 01:24:42', '2020-05-04 01:24:42'),
(2312, '1', 152, NULL, 7, 12, '2020-05-04 01:24:42', '2020-05-04 01:24:42'),
(2313, '1', 153, NULL, 7, 12, '2020-05-04 01:24:42', '2020-05-04 01:24:42'),
(2314, '1', 154, NULL, 7, 12, '2020-05-04 01:24:42', '2020-05-04 01:24:42'),
(2315, '1', 155, NULL, 7, 12, '2020-05-04 01:24:42', '2020-05-04 01:24:42'),
(2316, '1', 156, NULL, 7, 12, '2020-05-04 01:24:42', '2020-05-04 01:24:42'),
(2317, '1', 157, NULL, 7, 12, '2020-05-04 01:24:42', '2020-05-04 01:24:42'),
(2318, '1', 158, NULL, 7, 12, '2020-05-04 01:24:42', '2020-05-04 01:24:42'),
(2319, '1', 159, NULL, 7, 12, '2020-05-04 01:24:42', '2020-05-04 01:24:42'),
(2320, '1', 160, NULL, 7, 12, '2020-05-04 01:24:42', '2020-05-04 01:24:42'),
(2321, '1', 161, NULL, 7, 12, '2020-05-04 01:24:42', '2020-05-04 01:24:42'),
(2322, '1', 162, NULL, 7, 12, '2020-05-04 01:24:42', '2020-05-04 01:24:42'),
(2323, '1', 163, NULL, 7, 12, '2020-05-04 01:24:42', '2020-05-04 01:24:42'),
(2324, '1', 164, NULL, 7, 12, '2020-05-04 01:24:42', '2020-05-04 01:24:42'),
(2325, '1', 165, NULL, 7, 12, '2020-05-04 01:24:42', '2020-05-04 01:24:42'),
(2326, '1', 166, NULL, 7, 12, '2020-05-04 01:24:42', '2020-05-04 01:24:42'),
(2327, '1', 167, NULL, 7, 12, '2020-05-04 01:24:42', '2020-05-04 01:24:42'),
(2328, '1', 168, NULL, 7, 12, '2020-05-04 01:24:42', '2020-05-04 01:24:42'),
(2329, '1', 169, NULL, 7, 12, '2020-05-04 01:24:42', '2020-05-04 01:24:42'),
(2330, '1', 170, NULL, 7, 12, '2020-05-04 01:24:42', '2020-05-04 01:24:42'),
(2331, '1', 171, NULL, 7, 12, '2020-05-04 01:24:42', '2020-05-04 01:24:42'),
(2332, '1', 172, NULL, 7, 12, '2020-05-04 01:24:42', '2020-05-04 01:24:42'),
(2333, '1', 173, NULL, 7, 12, '2020-05-04 01:24:42', '2020-05-04 01:24:42'),
(2334, '1', 174, NULL, 7, 12, '2020-05-04 01:24:42', '2020-05-04 01:24:42'),
(2335, '1', 175, NULL, 7, 12, '2020-05-04 01:24:42', '2020-05-04 01:24:42'),
(2336, '1', 176, NULL, 7, 12, '2020-05-04 01:24:42', '2020-05-04 01:24:42'),
(2337, '1', 177, NULL, 7, 12, '2020-05-04 01:24:42', '2020-05-04 01:24:42'),
(2338, '1', 178, NULL, 7, 12, '2020-05-04 01:24:42', '2020-05-04 01:24:42'),
(2339, '1', 179, NULL, 7, 12, '2020-05-04 01:24:42', '2020-05-04 01:24:42'),
(2340, '1', 180, NULL, 7, 12, '2020-05-04 01:24:42', '2020-05-04 01:24:42'),
(2341, '1', 181, NULL, 7, 12, '2020-05-04 01:24:42', '2020-05-04 01:24:42'),
(2342, '1', 182, NULL, 7, 12, '2020-05-04 01:24:42', '2020-05-04 01:24:42'),
(2343, '1', 183, NULL, 7, 12, '2020-05-04 01:24:42', '2020-05-04 01:24:42'),
(2344, '1', 184, NULL, 7, 12, '2020-05-04 01:24:42', '2020-05-04 01:24:42'),
(2345, '1', 185, NULL, 7, 12, '2020-05-04 01:24:42', '2020-05-04 01:24:42'),
(2346, '1', 186, NULL, 7, 12, '2020-05-04 01:24:42', '2020-05-04 01:24:42'),
(2347, '1', 187, NULL, 7, 12, '2020-05-04 01:24:42', '2020-05-04 01:24:42'),
(2348, '1', 188, NULL, 7, 12, '2020-05-04 01:24:42', '2020-05-04 01:24:42'),
(2349, '1', 189, NULL, 7, 12, '2020-05-04 01:24:42', '2020-05-04 01:24:42'),
(2350, '1', 190, NULL, 7, 12, '2020-05-04 01:24:42', '2020-05-04 01:24:42'),
(2351, '1', 191, NULL, 7, 12, '2020-05-04 01:24:42', '2020-05-04 01:24:42'),
(2352, '1', 192, NULL, 7, 12, '2020-05-04 01:24:42', '2020-05-04 01:24:42'),
(2353, '1', 193, NULL, 7, 12, '2020-05-04 01:24:42', '2020-05-04 01:24:42'),
(2354, '1', 194, NULL, 7, 12, '2020-05-04 01:24:42', '2020-05-04 01:24:42'),
(2355, '1', 195, NULL, 7, 12, '2020-05-04 01:24:42', '2020-05-04 01:24:42'),
(2356, '1', 196, NULL, 7, 12, '2020-05-04 01:24:42', '2020-05-04 01:24:42'),
(2357, '1', 197, NULL, 7, 12, '2020-05-04 01:24:42', '2020-05-04 01:24:42'),
(2358, '1', 198, NULL, 7, 12, '2020-05-04 01:24:42', '2020-05-04 01:24:42'),
(2359, '1', 199, NULL, 7, 12, '2020-05-04 01:24:42', '2020-05-04 01:24:42'),
(2360, '1', 200, NULL, 7, 12, '2020-05-04 01:24:42', '2020-05-04 01:24:42'),
(2361, '1', 201, NULL, 7, 12, '2020-05-04 01:24:42', '2020-05-04 01:24:42'),
(2362, '1', 202, NULL, 7, 12, '2020-05-04 01:24:42', '2020-05-04 01:24:42'),
(2363, '1', 203, NULL, 7, 12, '2020-05-04 01:24:42', '2020-05-04 01:24:42'),
(2364, '1', 204, NULL, 7, 12, '2020-05-04 01:24:42', '2020-05-04 01:24:42'),
(2365, '1', 205, NULL, 7, 12, '2020-05-04 01:24:42', '2020-05-04 01:24:42'),
(2366, '1', 206, NULL, 7, 12, '2020-05-04 01:24:42', '2020-05-04 01:24:42'),
(2367, '1', 207, NULL, 7, 12, '2020-05-04 01:24:42', '2020-05-04 01:24:42'),
(2368, '1', 208, NULL, 7, 12, '2020-05-04 01:24:42', '2020-05-04 01:24:42'),
(2369, '1', 209, NULL, 7, 12, '2020-05-04 01:24:42', '2020-05-04 01:24:42'),
(2370, '1', 210, NULL, 7, 12, '2020-05-04 01:24:42', '2020-05-04 01:24:42'),
(2371, '1', 211, NULL, 7, 12, '2020-05-04 01:24:42', '2020-05-04 01:24:42'),
(2372, '1', 212, NULL, 7, 12, '2020-05-04 01:24:42', '2020-05-04 01:24:42'),
(2373, '1', 83, NULL, 8, 13, '2020-05-04 01:26:19', '2020-05-04 01:26:19'),
(2374, '1', 84, NULL, 8, 13, '2020-05-04 01:26:19', '2020-05-04 01:26:19'),
(2375, '1', 85, NULL, 8, 13, '2020-05-04 01:26:19', '2020-05-04 01:26:19'),
(2376, '1', 86, NULL, 7, 13, '2020-05-04 01:26:19', '2020-05-04 01:26:19'),
(2377, '1', 87, NULL, 7, 13, '2020-05-04 01:26:19', '2020-05-04 01:26:19'),
(2378, '1', 88, NULL, 7, 13, '2020-05-04 01:26:19', '2020-05-04 01:26:19'),
(2379, '1', 89, NULL, 13, 13, '2020-05-04 01:26:19', '2020-05-04 01:26:19'),
(2380, '1', 90, NULL, 13, 13, '2020-05-04 01:26:19', '2020-05-04 01:26:19'),
(2381, '1', 91, NULL, 13, 13, '2020-05-04 01:26:19', '2020-05-04 01:26:19'),
(2382, '1', 92, NULL, 13, 13, '2020-05-04 01:26:19', '2020-05-04 01:26:19'),
(2383, '1', 93, NULL, 13, 13, '2020-05-04 01:26:19', '2020-05-04 01:26:19'),
(2384, '1', 94, NULL, 13, 13, '2020-05-04 01:26:19', '2020-05-04 01:26:19'),
(2385, '1', 95, NULL, 13, 13, '2020-05-04 01:26:19', '2020-05-04 01:26:19'),
(2386, '1', 96, NULL, 13, 13, '2020-05-04 01:26:19', '2020-05-04 01:26:19'),
(2387, '1', 97, NULL, 13, 13, '2020-05-04 01:26:19', '2020-05-04 01:26:19'),
(2388, '1', 98, NULL, 13, 13, '2020-05-04 01:26:19', '2020-05-04 01:26:19'),
(2389, '1', 99, NULL, 13, 13, '2020-05-04 01:26:19', '2020-05-04 01:26:19'),
(2390, '1', 100, NULL, 13, 13, '2020-05-04 01:26:19', '2020-05-04 01:26:19'),
(2391, '1', 101, NULL, 13, 13, '2020-05-04 01:26:19', '2020-05-04 01:26:19'),
(2392, '1', 102, NULL, 13, 13, '2020-05-04 01:26:19', '2020-05-04 01:26:19'),
(2393, '1', 103, NULL, 13, 13, '2020-05-04 01:26:19', '2020-05-04 01:26:19'),
(2394, '1', 104, NULL, 13, 13, '2020-05-04 01:26:19', '2020-05-04 01:26:19'),
(2395, '1', 105, NULL, 13, 13, '2020-05-04 01:26:19', '2020-05-04 01:26:19'),
(2396, '1', 106, NULL, 13, 13, '2020-05-04 01:26:19', '2020-05-04 01:26:19'),
(2397, '1', 107, NULL, 13, 13, '2020-05-04 01:26:19', '2020-05-04 01:26:19'),
(2398, '1', 108, NULL, 13, 13, '2020-05-04 01:26:19', '2020-05-04 01:26:19'),
(2399, '1', 109, NULL, 13, 13, '2020-05-04 01:26:19', '2020-05-04 01:26:19'),
(2400, '1', 110, NULL, 13, 13, '2020-05-04 01:26:19', '2020-05-04 01:26:19'),
(2401, '1', 111, NULL, 13, 13, '2020-05-04 01:26:19', '2020-05-04 01:26:19'),
(2402, '1', 112, NULL, 13, 13, '2020-05-04 01:26:19', '2020-05-04 01:26:19'),
(2403, '1', 113, NULL, 13, 13, '2020-05-04 01:26:19', '2020-05-04 01:26:19'),
(2404, '1', 114, NULL, 13, 13, '2020-05-04 01:26:19', '2020-05-04 01:26:19'),
(2405, '1', 115, NULL, 13, 13, '2020-05-04 01:26:19', '2020-05-04 01:26:19'),
(2406, '1', 116, NULL, 13, 13, '2020-05-04 01:26:19', '2020-05-04 01:26:19'),
(2407, '1', 117, NULL, 13, 13, '2020-05-04 01:26:19', '2020-05-04 01:26:19'),
(2408, '1', 118, NULL, 13, 13, '2020-05-04 01:26:19', '2020-05-04 01:26:19'),
(2409, '1', 119, NULL, 13, 13, '2020-05-04 01:26:19', '2020-05-04 01:26:19'),
(2410, '1', 120, NULL, 13, 13, '2020-05-04 01:26:19', '2020-05-04 01:26:19'),
(2411, '1', 121, NULL, 13, 13, '2020-05-04 01:26:19', '2020-05-04 01:26:19'),
(2412, '1', 122, NULL, 13, 13, '2020-05-04 01:26:19', '2020-05-04 01:26:19'),
(2413, '1', 123, NULL, 13, 13, '2020-05-04 01:26:19', '2020-05-04 01:26:19'),
(2414, '1', 124, NULL, 13, 13, '2020-05-04 01:26:19', '2020-05-04 01:26:19'),
(2415, '1', 125, NULL, 13, 13, '2020-05-04 01:26:19', '2020-05-04 01:26:19'),
(2416, '1', 126, NULL, 13, 13, '2020-05-04 01:26:19', '2020-05-04 01:26:19'),
(2417, '1', 127, NULL, 13, 13, '2020-05-04 01:26:19', '2020-05-04 01:26:19'),
(2418, '1', 128, NULL, 13, 13, '2020-05-04 01:26:19', '2020-05-04 01:26:19'),
(2419, '1', 129, NULL, 13, 13, '2020-05-04 01:26:19', '2020-05-04 01:26:19'),
(2420, '1', 130, NULL, 13, 13, '2020-05-04 01:26:19', '2020-05-04 01:26:19'),
(2421, '1', 131, NULL, 13, 13, '2020-05-04 01:26:19', '2020-05-04 01:26:19'),
(2422, '1', 132, NULL, 13, 13, '2020-05-04 01:26:19', '2020-05-04 01:26:19'),
(2423, '1', 133, NULL, 13, 13, '2020-05-04 01:26:19', '2020-05-04 01:26:19'),
(2424, '1', 134, NULL, 13, 13, '2020-05-04 01:26:19', '2020-05-04 01:26:19'),
(2425, '1', 135, NULL, 13, 13, '2020-05-04 01:26:19', '2020-05-04 01:26:19'),
(2426, '1', 136, NULL, 13, 13, '2020-05-04 01:26:19', '2020-05-04 01:26:19'),
(2427, '1', 137, NULL, 13, 13, '2020-05-04 01:26:19', '2020-05-04 01:26:19'),
(2428, '1', 138, NULL, 13, 13, '2020-05-04 01:26:19', '2020-05-04 01:26:19'),
(2429, '1', 139, NULL, 13, 13, '2020-05-04 01:26:19', '2020-05-04 01:26:19'),
(2430, '1', 140, NULL, 13, 13, '2020-05-04 01:26:19', '2020-05-04 01:26:19'),
(2431, '1', 141, NULL, 13, 13, '2020-05-04 01:26:19', '2020-05-04 01:26:19'),
(2432, '1', 142, NULL, 13, 13, '2020-05-04 01:26:19', '2020-05-04 01:26:19'),
(2433, '1', 143, NULL, 13, 13, '2020-05-04 01:26:19', '2020-05-04 01:26:19'),
(2434, '1', 144, NULL, 13, 13, '2020-05-04 01:26:19', '2020-05-04 01:26:19'),
(2435, '1', 145, NULL, 13, 13, '2020-05-04 01:26:19', '2020-05-04 01:26:19'),
(2436, '1', 146, NULL, 13, 13, '2020-05-04 01:26:19', '2020-05-04 01:26:19'),
(2437, '1', 147, NULL, 13, 13, '2020-05-04 01:26:19', '2020-05-04 01:26:19'),
(2438, '1', 148, NULL, 13, 13, '2020-05-04 01:26:19', '2020-05-04 01:26:19'),
(2439, '1', 149, NULL, 13, 13, '2020-05-04 01:26:19', '2020-05-04 01:26:19'),
(2440, '1', 150, NULL, 13, 13, '2020-05-04 01:26:19', '2020-05-04 01:26:19'),
(2441, '1', 151, NULL, 13, 13, '2020-05-04 01:26:19', '2020-05-04 01:26:19'),
(2442, '1', 152, NULL, 13, 13, '2020-05-04 01:26:19', '2020-05-04 01:26:19'),
(2443, '1', 153, NULL, 13, 13, '2020-05-04 01:26:19', '2020-05-04 01:26:19'),
(2444, '1', 154, NULL, 13, 13, '2020-05-04 01:26:19', '2020-05-04 01:26:19'),
(2445, '1', 155, NULL, 13, 13, '2020-05-04 01:26:19', '2020-05-04 01:26:19'),
(2446, '1', 156, NULL, 13, 13, '2020-05-04 01:26:19', '2020-05-04 01:26:19'),
(2447, '1', 157, NULL, 13, 13, '2020-05-04 01:26:19', '2020-05-04 01:26:19'),
(2448, '1', 158, NULL, 13, 13, '2020-05-04 01:26:19', '2020-05-04 01:26:19'),
(2449, '1', 159, NULL, 13, 13, '2020-05-04 01:26:19', '2020-05-04 01:26:19'),
(2450, '1', 160, NULL, 13, 13, '2020-05-04 01:26:19', '2020-05-04 01:26:19'),
(2451, '1', 161, NULL, 13, 13, '2020-05-04 01:26:19', '2020-05-04 01:26:19'),
(2452, '1', 162, NULL, 13, 13, '2020-05-04 01:26:19', '2020-05-04 01:26:19'),
(2453, '1', 163, NULL, 13, 13, '2020-05-04 01:26:19', '2020-05-04 01:26:19'),
(2454, '1', 164, NULL, 13, 13, '2020-05-04 01:26:19', '2020-05-04 01:26:19'),
(2455, '1', 165, NULL, 13, 13, '2020-05-04 01:26:19', '2020-05-04 01:26:19'),
(2456, '1', 166, NULL, 13, 13, '2020-05-04 01:26:19', '2020-05-04 01:26:19'),
(2457, '1', 167, NULL, 13, 13, '2020-05-04 01:26:19', '2020-05-04 01:26:19'),
(2458, '1', 168, NULL, 13, 13, '2020-05-04 01:26:19', '2020-05-04 01:26:19'),
(2459, '1', 169, NULL, 13, 13, '2020-05-04 01:26:19', '2020-05-04 01:26:19'),
(2460, '1', 170, NULL, 13, 13, '2020-05-04 01:26:19', '2020-05-04 01:26:19'),
(2461, '1', 171, NULL, 13, 13, '2020-05-04 01:26:19', '2020-05-04 01:26:19'),
(2462, '1', 172, NULL, 13, 13, '2020-05-04 01:26:19', '2020-05-04 01:26:19'),
(2463, '1', 173, NULL, 13, 13, '2020-05-04 01:26:19', '2020-05-04 01:26:19'),
(2464, '1', 174, NULL, 13, 13, '2020-05-04 01:26:19', '2020-05-04 01:26:19'),
(2465, '1', 175, NULL, 13, 13, '2020-05-04 01:26:19', '2020-05-04 01:26:19'),
(2466, '1', 176, NULL, 13, 13, '2020-05-04 01:26:19', '2020-05-04 01:26:19'),
(2467, '1', 177, NULL, 13, 13, '2020-05-04 01:26:19', '2020-05-04 01:26:19'),
(2468, '1', 178, NULL, 13, 13, '2020-05-04 01:26:19', '2020-05-04 01:26:19'),
(2469, '1', 179, NULL, 13, 13, '2020-05-04 01:26:19', '2020-05-04 01:26:19'),
(2470, '1', 180, NULL, 13, 13, '2020-05-04 01:26:19', '2020-05-04 01:26:19'),
(2471, '1', 181, NULL, 13, 13, '2020-05-04 01:26:19', '2020-05-04 01:26:19'),
(2472, '1', 182, NULL, 13, 13, '2020-05-04 01:26:19', '2020-05-04 01:26:19'),
(2473, '1', 183, NULL, 13, 13, '2020-05-04 01:26:19', '2020-05-04 01:26:19'),
(2474, '1', 184, NULL, 13, 13, '2020-05-04 01:26:19', '2020-05-04 01:26:19'),
(2475, '1', 185, NULL, 13, 13, '2020-05-04 01:26:19', '2020-05-04 01:26:19'),
(2476, '1', 186, NULL, 13, 13, '2020-05-04 01:26:19', '2020-05-04 01:26:19'),
(2477, '1', 187, NULL, 13, 13, '2020-05-04 01:26:19', '2020-05-04 01:26:19'),
(2478, '1', 188, NULL, 13, 13, '2020-05-04 01:26:19', '2020-05-04 01:26:19'),
(2479, '1', 189, NULL, 13, 13, '2020-05-04 01:26:19', '2020-05-04 01:26:19'),
(2480, '1', 190, NULL, 13, 13, '2020-05-04 01:26:19', '2020-05-04 01:26:19'),
(2481, '1', 191, NULL, 13, 13, '2020-05-04 01:26:19', '2020-05-04 01:26:19'),
(2482, '1', 192, NULL, 13, 13, '2020-05-04 01:26:19', '2020-05-04 01:26:19'),
(2483, '1', 193, NULL, 13, 13, '2020-05-04 01:26:19', '2020-05-04 01:26:19'),
(2484, '1', 194, NULL, 13, 13, '2020-05-04 01:26:19', '2020-05-04 01:26:19'),
(2485, '1', 195, NULL, 13, 13, '2020-05-04 01:26:19', '2020-05-04 01:26:19'),
(2486, '1', 196, NULL, 13, 13, '2020-05-04 01:26:19', '2020-05-04 01:26:19'),
(2487, '1', 197, NULL, 13, 13, '2020-05-04 01:26:19', '2020-05-04 01:26:19'),
(2488, '1', 198, NULL, 13, 13, '2020-05-04 01:26:19', '2020-05-04 01:26:19'),
(2489, '1', 199, NULL, 13, 13, '2020-05-04 01:26:19', '2020-05-04 01:26:19'),
(2490, '1', 200, NULL, 13, 13, '2020-05-04 01:26:19', '2020-05-04 01:26:19'),
(2491, '1', 201, NULL, 13, 13, '2020-05-04 01:26:19', '2020-05-04 01:26:19'),
(2492, '1', 202, NULL, 13, 13, '2020-05-04 01:26:19', '2020-05-04 01:26:19'),
(2493, '1', 203, NULL, 13, 13, '2020-05-04 01:26:19', '2020-05-04 01:26:19'),
(2494, '1', 204, NULL, 13, 13, '2020-05-04 01:26:19', '2020-05-04 01:26:19'),
(2495, '1', 205, NULL, 13, 13, '2020-05-04 01:26:19', '2020-05-04 01:26:19'),
(2496, '1', 206, NULL, 13, 13, '2020-05-04 01:26:19', '2020-05-04 01:26:19'),
(2497, '1', 207, NULL, 13, 13, '2020-05-04 01:26:19', '2020-05-04 01:26:19'),
(2498, '1', 208, NULL, 13, 13, '2020-05-04 01:26:19', '2020-05-04 01:26:19'),
(2499, '1', 209, NULL, 13, 13, '2020-05-04 01:26:19', '2020-05-04 01:26:19'),
(2500, '1', 210, NULL, 13, 13, '2020-05-04 01:26:19', '2020-05-04 01:26:19'),
(2501, '1', 211, NULL, 13, 13, '2020-05-04 01:26:19', '2020-05-04 01:26:19'),
(2502, '1', 212, NULL, 13, 13, '2020-05-04 01:26:19', '2020-05-04 01:26:19'),
(2503, '1', 1, 1, 4, 14, '2020-05-04 01:28:07', '2020-05-04 01:28:07'),
(2504, '1', 1, 2, 4, 14, '2020-05-04 01:28:07', '2020-05-04 01:28:07'),
(2505, '1', 1, 3, 6, 14, '2020-05-04 01:28:07', '2020-05-04 01:28:07'),
(2506, '1', 2, 1, 4, 14, '2020-05-04 01:28:07', '2020-05-04 01:28:07'),
(2507, '1', 2, 2, 2, 14, '2020-05-04 01:28:07', '2020-05-04 01:28:07'),
(2508, '1', 2, 3, 6, 14, '2020-05-04 01:28:07', '2020-05-04 01:28:07'),
(2509, '1', 3, 1, 4, 14, '2020-05-04 01:28:07', '2020-05-04 01:28:07'),
(2510, '1', 3, 2, 4, 14, '2020-05-04 01:28:07', '2020-05-04 01:28:07'),
(2511, '1', 3, 3, 6, 14, '2020-05-04 01:28:07', '2020-05-04 01:28:07'),
(2512, '1', 4, 1, 4, 14, '2020-05-04 01:28:07', '2020-05-04 01:28:07'),
(2513, '1', 4, 2, 4, 14, '2020-05-04 01:28:07', '2020-05-04 01:28:07'),
(2514, '1', 4, 3, 6, 14, '2020-05-04 01:28:07', '2020-05-04 01:28:07'),
(2515, '1', 5, 1, 4, 14, '2020-05-04 01:28:07', '2020-05-04 01:28:07'),
(2516, '1', 5, 2, 4, 14, '2020-05-04 01:28:07', '2020-05-04 01:28:07'),
(2517, '1', 5, 3, 6, 14, '2020-05-04 01:28:07', '2020-05-04 01:28:07'),
(2518, '1', 6, 1, 4, 14, '2020-05-04 01:28:07', '2020-05-04 01:28:07'),
(2519, '1', 6, 2, 4, 14, '2020-05-04 01:28:07', '2020-05-04 01:28:07'),
(2520, '1', 6, 3, 6, 14, '2020-05-04 01:28:07', '2020-05-04 01:28:07'),
(2521, '1', 7, 1, 4, 14, '2020-05-04 01:28:07', '2020-05-04 01:28:07'),
(2522, '1', 7, 2, 4, 14, '2020-05-04 01:28:07', '2020-05-04 01:28:07'),
(2523, '1', 7, 3, 6, 14, '2020-05-04 01:28:07', '2020-05-04 01:28:07'),
(2524, '1', 8, 1, 4, 14, '2020-05-04 01:28:07', '2020-05-04 01:28:07'),
(2525, '1', 8, 2, 4, 14, '2020-05-04 01:28:07', '2020-05-04 01:28:07'),
(2526, '1', 8, 3, 6, 14, '2020-05-04 01:28:07', '2020-05-04 01:28:07'),
(2527, '1', 9, 1, 4, 14, '2020-05-04 01:28:07', '2020-05-04 01:28:07'),
(2528, '1', 9, 2, 4, 14, '2020-05-04 01:28:07', '2020-05-04 01:28:07'),
(2529, '1', 9, 3, 6, 14, '2020-05-04 01:28:07', '2020-05-04 01:28:07'),
(2530, '1', 10, 1, 4, 14, '2020-05-04 01:28:07', '2020-05-04 01:28:07'),
(2531, '1', 10, 2, 4, 14, '2020-05-04 01:28:07', '2020-05-04 01:28:07'),
(2532, '1', 10, 3, 6, 14, '2020-05-04 01:28:07', '2020-05-04 01:28:07'),
(2533, '1', 11, 1, 4, 14, '2020-05-04 01:28:07', '2020-05-04 01:28:07'),
(2534, '1', 11, 2, 4, 14, '2020-05-04 01:28:07', '2020-05-04 01:28:07'),
(2535, '1', 11, 3, 6, 14, '2020-05-04 01:28:07', '2020-05-04 01:28:07'),
(2536, '1', 12, 1, 4, 14, '2020-05-04 01:28:07', '2020-05-04 01:28:07'),
(2537, '1', 12, 2, 4, 14, '2020-05-04 01:28:07', '2020-05-04 01:28:07'),
(2538, '1', 12, 3, 6, 14, '2020-05-04 01:28:07', '2020-05-04 01:28:07'),
(2539, '1', 13, 1, 4, 14, '2020-05-04 01:28:07', '2020-05-04 01:28:07'),
(2540, '1', 13, 2, 4, 14, '2020-05-04 01:28:07', '2020-05-04 01:28:07'),
(2541, '1', 13, 3, 6, 14, '2020-05-04 01:28:07', '2020-05-04 01:28:07'),
(2542, '1', 14, 1, 4, 14, '2020-05-04 01:28:07', '2020-05-04 01:28:07'),
(2543, '1', 14, 2, 4, 14, '2020-05-04 01:28:07', '2020-05-04 01:28:07'),
(2544, '1', 14, 3, 6, 14, '2020-05-04 01:28:07', '2020-05-04 01:28:07'),
(2545, '1', 15, 1, 4, 14, '2020-05-04 01:28:07', '2020-05-04 01:28:07'),
(2546, '1', 15, 2, 4, 14, '2020-05-04 01:28:07', '2020-05-04 01:28:07'),
(2547, '1', 15, 3, 6, 14, '2020-05-04 01:28:07', '2020-05-04 01:28:07'),
(2548, '1', 16, 1, 4, 14, '2020-05-04 01:28:07', '2020-05-04 01:28:07'),
(2549, '1', 16, 2, 4, 14, '2020-05-04 01:28:07', '2020-05-04 01:28:07'),
(2550, '1', 16, 3, 6, 14, '2020-05-04 01:28:07', '2020-05-04 01:28:07'),
(2551, '1', 17, 1, 4, 14, '2020-05-04 01:28:07', '2020-05-04 01:28:07'),
(2552, '1', 17, 2, 4, 14, '2020-05-04 01:28:07', '2020-05-04 01:28:07'),
(2553, '1', 17, 3, 6, 14, '2020-05-04 01:28:07', '2020-05-04 01:28:07'),
(2554, '1', 18, 1, 4, 14, '2020-05-04 01:28:07', '2020-05-04 01:28:07'),
(2555, '1', 18, 2, 4, 14, '2020-05-04 01:28:07', '2020-05-04 01:28:07'),
(2556, '1', 18, 3, 6, 14, '2020-05-04 01:28:07', '2020-05-04 01:28:07'),
(2557, '1', 19, 1, 4, 14, '2020-05-04 01:28:07', '2020-05-04 01:28:07'),
(2558, '1', 19, 2, 4, 14, '2020-05-04 01:28:07', '2020-05-04 01:28:07'),
(2559, '1', 19, 3, 6, 14, '2020-05-04 01:28:07', '2020-05-04 01:28:07'),
(2560, '1', 20, 1, 4, 14, '2020-05-04 01:28:07', '2020-05-04 01:28:07'),
(2561, '1', 20, 2, 4, 14, '2020-05-04 01:28:07', '2020-05-04 01:28:07'),
(2562, '1', 20, 3, 6, 14, '2020-05-04 01:28:07', '2020-05-04 01:28:07'),
(2563, '1', 21, 1, 4, 14, '2020-05-04 01:28:07', '2020-05-04 01:28:07'),
(2564, '1', 21, 2, 4, 14, '2020-05-04 01:28:07', '2020-05-04 01:28:07'),
(2565, '1', 21, 3, 6, 14, '2020-05-04 01:28:07', '2020-05-04 01:28:07'),
(2566, '1', 22, 1, 4, 14, '2020-05-04 01:28:07', '2020-05-04 01:28:07'),
(2567, '1', 22, 2, 4, 14, '2020-05-04 01:28:07', '2020-05-04 01:28:07'),
(2568, '1', 22, 3, 6, 14, '2020-05-04 01:28:07', '2020-05-04 01:28:07'),
(2569, '1', 23, 1, 4, 14, '2020-05-04 01:28:07', '2020-05-04 01:28:07'),
(2570, '1', 23, 2, 4, 14, '2020-05-04 01:28:07', '2020-05-04 01:28:07'),
(2571, '1', 23, 3, 6, 14, '2020-05-04 01:28:07', '2020-05-04 01:28:07'),
(2572, '1', 24, 1, 4, 14, '2020-05-04 01:28:07', '2020-05-04 01:28:07'),
(2573, '1', 24, 2, 4, 14, '2020-05-04 01:28:07', '2020-05-04 01:28:07'),
(2574, '1', 24, 3, 6, 14, '2020-05-04 01:28:07', '2020-05-04 01:28:07'),
(2575, '1', 25, 1, 4, 14, '2020-05-04 01:28:07', '2020-05-04 01:28:07'),
(2576, '1', 25, 2, 4, 14, '2020-05-04 01:28:07', '2020-05-04 01:28:07'),
(2577, '1', 25, 3, 6, 14, '2020-05-04 01:28:07', '2020-05-04 01:28:07'),
(2578, '1', 26, 1, 4, 14, '2020-05-04 01:28:07', '2020-05-04 01:28:07'),
(2579, '1', 26, 2, 4, 14, '2020-05-04 01:28:07', '2020-05-04 01:28:07'),
(2580, '1', 26, 3, 6, 14, '2020-05-04 01:28:07', '2020-05-04 01:28:07'),
(2581, '1', 27, 1, 4, 14, '2020-05-04 01:28:07', '2020-05-04 01:28:07'),
(2582, '1', 27, 2, 4, 14, '2020-05-04 01:28:07', '2020-05-04 01:28:07'),
(2583, '1', 27, 3, 6, 14, '2020-05-04 01:28:07', '2020-05-04 01:28:07'),
(2584, '1', 28, 1, 4, 14, '2020-05-04 01:28:07', '2020-05-04 01:28:07'),
(2585, '1', 28, 2, 4, 14, '2020-05-04 01:28:07', '2020-05-04 01:28:07'),
(2586, '1', 28, 3, 6, 14, '2020-05-04 01:28:07', '2020-05-04 01:28:07'),
(2587, '1', 29, 1, 4, 14, '2020-05-04 01:28:07', '2020-05-04 01:28:07'),
(2588, '1', 29, 2, 4, 14, '2020-05-04 01:28:07', '2020-05-04 01:28:07'),
(2589, '1', 29, 3, 6, 14, '2020-05-04 01:28:07', '2020-05-04 01:28:07'),
(2590, '1', 30, 1, 4, 14, '2020-05-04 01:28:07', '2020-05-04 01:28:07'),
(2591, '1', 30, 2, 4, 14, '2020-05-04 01:28:07', '2020-05-04 01:28:07'),
(2592, '1', 30, 3, 6, 14, '2020-05-04 01:28:07', '2020-05-04 01:28:07'),
(2593, '1', 31, 1, 4, 14, '2020-05-04 01:28:07', '2020-05-04 01:28:07'),
(2594, '1', 31, 2, 4, 14, '2020-05-04 01:28:07', '2020-05-04 01:28:07'),
(2595, '1', 31, 3, 6, 14, '2020-05-04 01:28:07', '2020-05-04 01:28:07'),
(2596, '1', 32, 1, 4, 14, '2020-05-04 01:28:07', '2020-05-04 01:28:07'),
(2597, '1', 32, 2, 4, 14, '2020-05-04 01:28:07', '2020-05-04 01:28:07'),
(2598, '1', 32, 3, 6, 14, '2020-05-04 01:28:07', '2020-05-04 01:28:07'),
(2599, '1', 33, 1, 4, 14, '2020-05-04 01:28:07', '2020-05-04 01:28:07'),
(2600, '1', 33, 2, 4, 14, '2020-05-04 01:28:07', '2020-05-04 01:28:07'),
(2601, '1', 33, 3, 6, 14, '2020-05-04 01:28:07', '2020-05-04 01:28:07'),
(2602, '1', 34, 1, 4, 14, '2020-05-04 01:28:07', '2020-05-04 01:28:07'),
(2603, '1', 34, 2, 4, 14, '2020-05-04 01:28:07', '2020-05-04 01:28:07'),
(2604, '1', 34, 3, 6, 14, '2020-05-04 01:28:07', '2020-05-04 01:28:07'),
(2605, '1', 35, 1, 4, 14, '2020-05-04 01:28:07', '2020-05-04 01:28:07'),
(2606, '1', 35, 2, 4, 14, '2020-05-04 01:28:07', '2020-05-04 01:28:07'),
(2607, '1', 35, 3, 6, 14, '2020-05-04 01:28:07', '2020-05-04 01:28:07'),
(2608, '1', 36, 1, 4, 14, '2020-05-04 01:28:07', '2020-05-04 01:28:07'),
(2609, '1', 36, 2, 4, 14, '2020-05-04 01:28:07', '2020-05-04 01:28:07'),
(2610, '1', 36, 3, 6, 14, '2020-05-04 01:28:07', '2020-05-04 01:28:07'),
(2611, '1', 37, 1, 4, 14, '2020-05-04 01:28:07', '2020-05-04 01:28:07'),
(2612, '1', 37, 2, 4, 14, '2020-05-04 01:28:07', '2020-05-04 01:28:07'),
(2613, '1', 37, 3, 6, 14, '2020-05-04 01:28:07', '2020-05-04 01:28:07'),
(2614, '1', 38, 1, 4, 14, '2020-05-04 01:28:07', '2020-05-04 01:28:07'),
(2615, '1', 38, 2, 4, 14, '2020-05-04 01:28:07', '2020-05-04 01:28:07'),
(2616, '1', 38, 3, 6, 14, '2020-05-04 01:28:07', '2020-05-04 01:28:07'),
(2617, '1', 39, 1, 4, 14, '2020-05-04 01:28:07', '2020-05-04 01:28:07'),
(2618, '1', 39, 2, 4, 14, '2020-05-04 01:28:07', '2020-05-04 01:28:07'),
(2619, '1', 39, 3, 6, 14, '2020-05-04 01:28:07', '2020-05-04 01:28:07'),
(2620, '1', 40, 1, 4, 14, '2020-05-04 01:28:07', '2020-05-04 01:28:07'),
(2621, '1', 40, 2, 4, 14, '2020-05-04 01:28:07', '2020-05-04 01:28:07'),
(2622, '1', 40, 3, 6, 14, '2020-05-04 01:28:07', '2020-05-04 01:28:07'),
(2623, '1', 41, 1, 4, 14, '2020-05-04 01:28:07', '2020-05-04 01:28:07'),
(2624, '1', 41, 2, 4, 14, '2020-05-04 01:28:07', '2020-05-04 01:28:07'),
(2625, '1', 41, 3, 6, 14, '2020-05-04 01:28:07', '2020-05-04 01:28:07'),
(2626, '1', 42, 1, 4, 14, '2020-05-04 01:28:07', '2020-05-04 01:28:07'),
(2627, '1', 42, 2, 4, 14, '2020-05-04 01:28:07', '2020-05-04 01:28:07'),
(2628, '1', 42, 3, 6, 14, '2020-05-04 01:28:07', '2020-05-04 01:28:07'),
(2629, '1', 43, 1, 4, 14, '2020-05-04 01:28:07', '2020-05-04 01:28:07'),
(2630, '1', 43, 2, 4, 14, '2020-05-04 01:28:07', '2020-05-04 01:28:07'),
(2631, '1', 43, 3, 6, 14, '2020-05-04 01:28:07', '2020-05-04 01:28:07'),
(2632, '1', 44, 1, 4, 14, '2020-05-04 01:28:07', '2020-05-04 01:28:07'),
(2633, '1', 44, 2, 4, 14, '2020-05-04 01:28:07', '2020-05-04 01:28:07'),
(2634, '1', 44, 3, 6, 14, '2020-05-04 01:28:07', '2020-05-04 01:28:07'),
(2635, '1', 45, 1, 4, 14, '2020-05-04 01:28:07', '2020-05-04 01:28:07'),
(2636, '1', 45, 2, 4, 14, '2020-05-04 01:28:07', '2020-05-04 01:28:07'),
(2637, '1', 45, 3, 6, 14, '2020-05-04 01:28:07', '2020-05-04 01:28:07'),
(2638, '1', 46, 1, 4, 14, '2020-05-04 01:28:07', '2020-05-04 01:28:07'),
(2639, '1', 46, 2, 4, 14, '2020-05-04 01:28:07', '2020-05-04 01:28:07'),
(2640, '1', 46, 3, 6, 14, '2020-05-04 01:28:07', '2020-05-04 01:28:07'),
(2641, '1', 47, 1, 4, 14, '2020-05-04 01:28:07', '2020-05-04 01:28:07'),
(2642, '1', 47, 2, 4, 14, '2020-05-04 01:28:07', '2020-05-04 01:28:07'),
(2643, '1', 47, 3, 6, 14, '2020-05-04 01:28:07', '2020-05-04 01:28:07'),
(2644, '1', 48, 1, 4, 14, '2020-05-04 01:28:07', '2020-05-04 01:28:07'),
(2645, '1', 48, 2, 4, 14, '2020-05-04 01:28:07', '2020-05-04 01:28:07'),
(2646, '1', 48, 3, 6, 14, '2020-05-04 01:28:07', '2020-05-04 01:28:07'),
(2647, '1', 49, 1, 4, 14, '2020-05-04 01:28:07', '2020-05-04 01:28:07'),
(2648, '1', 49, 2, 4, 14, '2020-05-04 01:28:07', '2020-05-04 01:28:07'),
(2649, '1', 49, 3, 6, 14, '2020-05-04 01:28:07', '2020-05-04 01:28:07'),
(2650, '1', 50, 1, 4, 14, '2020-05-04 01:28:07', '2020-05-04 01:28:07'),
(2651, '1', 50, 2, 4, 14, '2020-05-04 01:28:07', '2020-05-04 01:28:07'),
(2652, '1', 50, 3, 6, 14, '2020-05-04 01:28:07', '2020-05-04 01:28:07'),
(2653, '1', 51, 1, 4, 14, '2020-05-04 01:28:07', '2020-05-04 01:28:07'),
(2654, '1', 51, 2, 4, 14, '2020-05-04 01:28:07', '2020-05-04 01:28:07'),
(2655, '1', 51, 3, 6, 14, '2020-05-04 01:28:07', '2020-05-04 01:28:07'),
(2656, '1', 52, 1, 4, 14, '2020-05-04 01:28:07', '2020-05-04 01:28:07'),
(2657, '1', 52, 2, 4, 14, '2020-05-04 01:28:07', '2020-05-04 01:28:07'),
(2658, '1', 52, 3, 6, 14, '2020-05-04 01:28:07', '2020-05-04 01:28:07'),
(2659, '1', 53, 1, 4, 14, '2020-05-04 01:28:07', '2020-05-04 01:28:07'),
(2660, '1', 53, 2, 4, 14, '2020-05-04 01:28:07', '2020-05-04 01:28:07'),
(2661, '1', 53, 3, 6, 14, '2020-05-04 01:28:07', '2020-05-04 01:28:07'),
(2662, '1', 54, 1, 4, 14, '2020-05-04 01:28:07', '2020-05-04 01:28:07'),
(2663, '1', 54, 2, 4, 14, '2020-05-04 01:28:07', '2020-05-04 01:28:07'),
(2664, '1', 54, 3, 6, 14, '2020-05-04 01:28:07', '2020-05-04 01:28:07'),
(2665, '1', 55, 1, 4, 14, '2020-05-04 01:28:07', '2020-05-04 01:28:07'),
(2666, '1', 55, 2, 4, 14, '2020-05-04 01:28:07', '2020-05-04 01:28:07'),
(2667, '1', 55, 3, 6, 14, '2020-05-04 01:28:07', '2020-05-04 01:28:07'),
(2668, '1', 56, 1, 4, 14, '2020-05-04 01:28:07', '2020-05-04 01:28:07'),
(2669, '1', 56, 2, 4, 14, '2020-05-04 01:28:07', '2020-05-04 01:28:07'),
(2670, '1', 56, 3, 6, 14, '2020-05-04 01:28:07', '2020-05-04 01:28:07'),
(2671, '1', 57, 1, 4, 14, '2020-05-04 01:28:07', '2020-05-04 01:28:07'),
(2672, '1', 57, 2, 4, 14, '2020-05-04 01:28:07', '2020-05-04 01:28:07'),
(2673, '1', 57, 3, 6, 14, '2020-05-04 01:28:07', '2020-05-04 01:28:07'),
(2674, '1', 58, 1, 4, 14, '2020-05-04 01:28:08', '2020-05-04 01:28:08'),
(2675, '1', 58, 2, 4, 14, '2020-05-04 01:28:08', '2020-05-04 01:28:08'),
(2676, '1', 58, 3, 6, 14, '2020-05-04 01:28:08', '2020-05-04 01:28:08'),
(2677, '1', 59, 1, 4, 14, '2020-05-04 01:28:08', '2020-05-04 01:28:08'),
(2678, '1', 59, 2, 4, 14, '2020-05-04 01:28:08', '2020-05-04 01:28:08'),
(2679, '1', 59, 3, 6, 14, '2020-05-04 01:28:08', '2020-05-04 01:28:08'),
(2680, '1', 60, 1, 4, 14, '2020-05-04 01:28:08', '2020-05-04 01:28:08'),
(2681, '1', 60, 2, 4, 14, '2020-05-04 01:28:08', '2020-05-04 01:28:08'),
(2682, '1', 60, 3, 6, 14, '2020-05-04 01:28:08', '2020-05-04 01:28:08'),
(2683, '1', 61, 1, 4, 14, '2020-05-04 01:28:08', '2020-05-04 01:28:08'),
(2684, '1', 61, 2, 4, 14, '2020-05-04 01:28:08', '2020-05-04 01:28:08'),
(2685, '1', 61, 3, 6, 14, '2020-05-04 01:28:08', '2020-05-04 01:28:08'),
(2686, '1', 62, 1, 4, 14, '2020-05-04 01:28:08', '2020-05-04 01:28:08'),
(2687, '1', 62, 2, 4, 14, '2020-05-04 01:28:08', '2020-05-04 01:28:08'),
(2688, '1', 62, 3, 6, 14, '2020-05-04 01:28:08', '2020-05-04 01:28:08'),
(2689, '1', 63, 1, 4, 14, '2020-05-04 01:28:08', '2020-05-04 01:28:08'),
(2690, '1', 63, 2, 4, 14, '2020-05-04 01:28:08', '2020-05-04 01:28:08'),
(2691, '1', 63, 3, 6, 14, '2020-05-04 01:28:08', '2020-05-04 01:28:08'),
(2692, '1', 64, 1, 4, 14, '2020-05-04 01:28:08', '2020-05-04 01:28:08'),
(2693, '1', 64, 2, 4, 14, '2020-05-04 01:28:08', '2020-05-04 01:28:08'),
(2694, '1', 64, 3, 6, 14, '2020-05-04 01:28:08', '2020-05-04 01:28:08'),
(2695, '1', 65, 1, 4, 14, '2020-05-04 01:28:08', '2020-05-04 01:28:08'),
(2696, '1', 65, 2, 4, 14, '2020-05-04 01:28:08', '2020-05-04 01:28:08'),
(2697, '1', 65, 3, 6, 14, '2020-05-04 01:28:08', '2020-05-04 01:28:08'),
(2698, '1', 66, 1, 4, 14, '2020-05-04 01:28:08', '2020-05-04 01:28:08'),
(2699, '1', 66, 2, 4, 14, '2020-05-04 01:28:08', '2020-05-04 01:28:08'),
(2700, '1', 66, 3, 6, 14, '2020-05-04 01:28:08', '2020-05-04 01:28:08'),
(2701, '1', 67, 1, 4, 14, '2020-05-04 01:28:08', '2020-05-04 01:28:08'),
(2702, '1', 67, 2, 4, 14, '2020-05-04 01:28:08', '2020-05-04 01:28:08'),
(2703, '1', 67, 3, 6, 14, '2020-05-04 01:28:08', '2020-05-04 01:28:08'),
(2704, '1', 68, 1, 4, 14, '2020-05-04 01:28:08', '2020-05-04 01:28:08'),
(2705, '1', 68, 2, 4, 14, '2020-05-04 01:28:08', '2020-05-04 01:28:08'),
(2706, '1', 68, 3, 6, 14, '2020-05-04 01:28:08', '2020-05-04 01:28:08'),
(2707, '1', 69, 1, 4, 14, '2020-05-04 01:28:08', '2020-05-04 01:28:08'),
(2708, '1', 69, 2, 4, 14, '2020-05-04 01:28:08', '2020-05-04 01:28:08'),
(2709, '1', 69, 3, 6, 14, '2020-05-04 01:28:08', '2020-05-04 01:28:08'),
(2710, '1', 70, 1, 4, 14, '2020-05-04 01:28:08', '2020-05-04 01:28:08'),
(2711, '1', 70, 2, 4, 14, '2020-05-04 01:28:08', '2020-05-04 01:28:08'),
(2712, '1', 70, 3, 6, 14, '2020-05-04 01:28:08', '2020-05-04 01:28:08'),
(2713, '1', 71, 1, 4, 14, '2020-05-04 01:28:08', '2020-05-04 01:28:08'),
(2714, '1', 71, 2, 4, 14, '2020-05-04 01:28:08', '2020-05-04 01:28:08'),
(2715, '1', 71, 3, 6, 14, '2020-05-04 01:28:08', '2020-05-04 01:28:08'),
(2716, '1', 72, 1, 4, 14, '2020-05-04 01:28:08', '2020-05-04 01:28:08'),
(2717, '1', 72, 2, 4, 14, '2020-05-04 01:28:08', '2020-05-04 01:28:08'),
(2718, '1', 72, 3, 6, 14, '2020-05-04 01:28:08', '2020-05-04 01:28:08'),
(2719, '1', 73, 1, 4, 14, '2020-05-04 01:28:08', '2020-05-04 01:28:08'),
(2720, '1', 73, 2, 4, 14, '2020-05-04 01:28:08', '2020-05-04 01:28:08'),
(2721, '1', 73, 3, 6, 14, '2020-05-04 01:28:08', '2020-05-04 01:28:08'),
(2722, '1', 74, 1, 4, 14, '2020-05-04 01:28:08', '2020-05-04 01:28:08'),
(2723, '1', 74, 2, 4, 14, '2020-05-04 01:28:08', '2020-05-04 01:28:08'),
(2724, '1', 74, 3, 6, 14, '2020-05-04 01:28:08', '2020-05-04 01:28:08'),
(2725, '1', 75, 1, 4, 14, '2020-05-04 01:28:08', '2020-05-04 01:28:08'),
(2726, '1', 75, 2, 4, 14, '2020-05-04 01:28:08', '2020-05-04 01:28:08'),
(2727, '1', 75, 3, 6, 14, '2020-05-04 01:28:08', '2020-05-04 01:28:08'),
(2728, '1', 76, 1, 4, 14, '2020-05-04 01:28:08', '2020-05-04 01:28:08'),
(2729, '1', 76, 2, 4, 14, '2020-05-04 01:28:08', '2020-05-04 01:28:08'),
(2730, '1', 76, 3, 6, 14, '2020-05-04 01:28:08', '2020-05-04 01:28:08'),
(2731, '1', 77, 1, 4, 14, '2020-05-04 01:28:08', '2020-05-04 01:28:08'),
(2732, '1', 77, 2, 4, 14, '2020-05-04 01:28:08', '2020-05-04 01:28:08'),
(2733, '1', 77, 3, 6, 14, '2020-05-04 01:28:08', '2020-05-04 01:28:08'),
(2734, '1', 78, 1, 4, 14, '2020-05-04 01:28:08', '2020-05-04 01:28:08'),
(2735, '1', 78, 2, 4, 14, '2020-05-04 01:28:08', '2020-05-04 01:28:08'),
(2736, '1', 78, 3, 6, 14, '2020-05-04 01:28:08', '2020-05-04 01:28:08'),
(2737, '1', 79, 1, 4, 14, '2020-05-04 01:28:08', '2020-05-04 01:28:08'),
(2738, '1', 79, 2, 4, 14, '2020-05-04 01:28:08', '2020-05-04 01:28:08'),
(2739, '1', 79, 3, 6, 14, '2020-05-04 01:28:08', '2020-05-04 01:28:08'),
(2740, '1', 80, 1, 4, 14, '2020-05-04 01:28:08', '2020-05-04 01:28:08'),
(2741, '1', 80, 2, 4, 14, '2020-05-04 01:28:08', '2020-05-04 01:28:08'),
(2742, '1', 80, 3, 6, 14, '2020-05-04 01:28:08', '2020-05-04 01:28:08'),
(2743, '1', 81, 1, 4, 14, '2020-05-04 01:28:08', '2020-05-04 01:28:08'),
(2744, '1', 81, 2, 4, 14, '2020-05-04 01:28:08', '2020-05-04 01:28:08'),
(2745, '1', 81, 3, 6, 14, '2020-05-04 01:28:08', '2020-05-04 01:28:08'),
(2746, '1', 82, 1, 4, 14, '2020-05-04 01:28:08', '2020-05-04 01:28:08'),
(2747, '1', 82, 2, 4, 14, '2020-05-04 01:28:08', '2020-05-04 01:28:08'),
(2748, '1', 82, 3, 6, 14, '2020-05-04 01:28:08', '2020-05-04 01:28:08'),
(2749, '1', 83, NULL, 13, 15, '2020-05-04 01:29:20', '2020-05-04 01:29:20'),
(2750, '1', 84, NULL, 13, 15, '2020-05-04 01:29:20', '2020-05-04 01:29:20'),
(2751, '1', 85, NULL, 13, 15, '2020-05-04 01:29:20', '2020-05-04 01:29:20'),
(2752, '1', 86, NULL, 13, 15, '2020-05-04 01:29:20', '2020-05-04 01:29:20'),
(2753, '1', 87, NULL, 13, 15, '2020-05-04 01:29:20', '2020-05-04 01:29:20'),
(2754, '1', 88, NULL, 13, 15, '2020-05-04 01:29:20', '2020-05-04 01:29:20'),
(2755, '1', 89, NULL, 13, 15, '2020-05-04 01:29:20', '2020-05-04 01:29:20'),
(2756, '1', 90, NULL, 13, 15, '2020-05-04 01:29:20', '2020-05-04 01:29:20'),
(2757, '1', 91, NULL, 13, 15, '2020-05-04 01:29:20', '2020-05-04 01:29:20'),
(2758, '1', 92, NULL, 13, 15, '2020-05-04 01:29:20', '2020-05-04 01:29:20'),
(2759, '1', 93, NULL, 13, 15, '2020-05-04 01:29:20', '2020-05-04 01:29:20'),
(2760, '1', 94, NULL, 13, 15, '2020-05-04 01:29:20', '2020-05-04 01:29:20'),
(2761, '1', 95, NULL, 13, 15, '2020-05-04 01:29:20', '2020-05-04 01:29:20'),
(2762, '1', 96, NULL, 13, 15, '2020-05-04 01:29:20', '2020-05-04 01:29:20'),
(2763, '1', 97, NULL, 13, 15, '2020-05-04 01:29:20', '2020-05-04 01:29:20'),
(2764, '1', 98, NULL, 13, 15, '2020-05-04 01:29:20', '2020-05-04 01:29:20'),
(2765, '1', 99, NULL, 13, 15, '2020-05-04 01:29:20', '2020-05-04 01:29:20'),
(2766, '1', 100, NULL, 13, 15, '2020-05-04 01:29:20', '2020-05-04 01:29:20'),
(2767, '1', 101, NULL, 13, 15, '2020-05-04 01:29:20', '2020-05-04 01:29:20'),
(2768, '1', 102, NULL, 13, 15, '2020-05-04 01:29:20', '2020-05-04 01:29:20'),
(2769, '1', 103, NULL, 13, 15, '2020-05-04 01:29:20', '2020-05-04 01:29:20'),
(2770, '1', 104, NULL, 13, 15, '2020-05-04 01:29:20', '2020-05-04 01:29:20'),
(2771, '1', 105, NULL, 13, 15, '2020-05-04 01:29:20', '2020-05-04 01:29:20'),
(2772, '1', 106, NULL, 13, 15, '2020-05-04 01:29:20', '2020-05-04 01:29:20'),
(2773, '1', 107, NULL, 13, 15, '2020-05-04 01:29:20', '2020-05-04 01:29:20'),
(2774, '1', 108, NULL, 13, 15, '2020-05-04 01:29:20', '2020-05-04 01:29:20'),
(2775, '1', 109, NULL, 13, 15, '2020-05-04 01:29:20', '2020-05-04 01:29:20'),
(2776, '1', 110, NULL, 13, 15, '2020-05-04 01:29:20', '2020-05-04 01:29:20'),
(2777, '1', 111, NULL, 13, 15, '2020-05-04 01:29:20', '2020-05-04 01:29:20'),
(2778, '1', 112, NULL, 13, 15, '2020-05-04 01:29:20', '2020-05-04 01:29:20'),
(2779, '1', 113, NULL, 13, 15, '2020-05-04 01:29:20', '2020-05-04 01:29:20'),
(2780, '1', 114, NULL, 13, 15, '2020-05-04 01:29:20', '2020-05-04 01:29:20'),
(2781, '1', 115, NULL, 13, 15, '2020-05-04 01:29:20', '2020-05-04 01:29:20'),
(2782, '1', 116, NULL, 13, 15, '2020-05-04 01:29:20', '2020-05-04 01:29:20'),
(2783, '1', 117, NULL, 13, 15, '2020-05-04 01:29:20', '2020-05-04 01:29:20'),
(2784, '1', 118, NULL, 13, 15, '2020-05-04 01:29:20', '2020-05-04 01:29:20'),
(2785, '1', 119, NULL, 13, 15, '2020-05-04 01:29:20', '2020-05-04 01:29:20'),
(2786, '1', 120, NULL, 13, 15, '2020-05-04 01:29:20', '2020-05-04 01:29:20'),
(2787, '1', 121, NULL, 13, 15, '2020-05-04 01:29:20', '2020-05-04 01:29:20'),
(2788, '1', 122, NULL, 13, 15, '2020-05-04 01:29:20', '2020-05-04 01:29:20'),
(2789, '1', 123, NULL, 13, 15, '2020-05-04 01:29:21', '2020-05-04 01:29:21'),
(2790, '1', 124, NULL, 13, 15, '2020-05-04 01:29:21', '2020-05-04 01:29:21'),
(2791, '1', 125, NULL, 13, 15, '2020-05-04 01:29:21', '2020-05-04 01:29:21'),
(2792, '1', 126, NULL, 13, 15, '2020-05-04 01:29:21', '2020-05-04 01:29:21'),
(2793, '1', 127, NULL, 13, 15, '2020-05-04 01:29:21', '2020-05-04 01:29:21'),
(2794, '1', 128, NULL, 13, 15, '2020-05-04 01:29:21', '2020-05-04 01:29:21'),
(2795, '1', 129, NULL, 13, 15, '2020-05-04 01:29:21', '2020-05-04 01:29:21'),
(2796, '1', 130, NULL, 13, 15, '2020-05-04 01:29:21', '2020-05-04 01:29:21'),
(2797, '1', 131, NULL, 13, 15, '2020-05-04 01:29:21', '2020-05-04 01:29:21'),
(2798, '1', 132, NULL, 13, 15, '2020-05-04 01:29:21', '2020-05-04 01:29:21'),
(2799, '1', 133, NULL, 13, 15, '2020-05-04 01:29:21', '2020-05-04 01:29:21');
INSERT INTO `encuesta_respuesta` (`id`, `estado`, `pregunta_id`, `subpregunta_id`, `respuesta_id`, `encuesta_puntaje_id`, `created_at`, `updated_at`) VALUES
(2800, '1', 134, NULL, 13, 15, '2020-05-04 01:29:21', '2020-05-04 01:29:21'),
(2801, '1', 135, NULL, 13, 15, '2020-05-04 01:29:21', '2020-05-04 01:29:21'),
(2802, '1', 136, NULL, 13, 15, '2020-05-04 01:29:21', '2020-05-04 01:29:21'),
(2803, '1', 137, NULL, 13, 15, '2020-05-04 01:29:21', '2020-05-04 01:29:21'),
(2804, '1', 138, NULL, 13, 15, '2020-05-04 01:29:21', '2020-05-04 01:29:21'),
(2805, '1', 139, NULL, 13, 15, '2020-05-04 01:29:21', '2020-05-04 01:29:21'),
(2806, '1', 140, NULL, 13, 15, '2020-05-04 01:29:21', '2020-05-04 01:29:21'),
(2807, '1', 141, NULL, 13, 15, '2020-05-04 01:29:21', '2020-05-04 01:29:21'),
(2808, '1', 142, NULL, 13, 15, '2020-05-04 01:29:21', '2020-05-04 01:29:21'),
(2809, '1', 143, NULL, 13, 15, '2020-05-04 01:29:21', '2020-05-04 01:29:21'),
(2810, '1', 144, NULL, 13, 15, '2020-05-04 01:29:21', '2020-05-04 01:29:21'),
(2811, '1', 145, NULL, 13, 15, '2020-05-04 01:29:21', '2020-05-04 01:29:21'),
(2812, '1', 146, NULL, 13, 15, '2020-05-04 01:29:21', '2020-05-04 01:29:21'),
(2813, '1', 147, NULL, 13, 15, '2020-05-04 01:29:21', '2020-05-04 01:29:21'),
(2814, '1', 148, NULL, 13, 15, '2020-05-04 01:29:21', '2020-05-04 01:29:21'),
(2815, '1', 149, NULL, 13, 15, '2020-05-04 01:29:21', '2020-05-04 01:29:21'),
(2816, '1', 150, NULL, 13, 15, '2020-05-04 01:29:21', '2020-05-04 01:29:21'),
(2817, '1', 151, NULL, 13, 15, '2020-05-04 01:29:21', '2020-05-04 01:29:21'),
(2818, '1', 152, NULL, 13, 15, '2020-05-04 01:29:21', '2020-05-04 01:29:21'),
(2819, '1', 153, NULL, 13, 15, '2020-05-04 01:29:21', '2020-05-04 01:29:21'),
(2820, '1', 154, NULL, 13, 15, '2020-05-04 01:29:21', '2020-05-04 01:29:21'),
(2821, '1', 155, NULL, 13, 15, '2020-05-04 01:29:21', '2020-05-04 01:29:21'),
(2822, '1', 156, NULL, 13, 15, '2020-05-04 01:29:21', '2020-05-04 01:29:21'),
(2823, '1', 157, NULL, 13, 15, '2020-05-04 01:29:21', '2020-05-04 01:29:21'),
(2824, '1', 158, NULL, 13, 15, '2020-05-04 01:29:21', '2020-05-04 01:29:21'),
(2825, '1', 159, NULL, 13, 15, '2020-05-04 01:29:21', '2020-05-04 01:29:21'),
(2826, '1', 160, NULL, 13, 15, '2020-05-04 01:29:21', '2020-05-04 01:29:21'),
(2827, '1', 161, NULL, 13, 15, '2020-05-04 01:29:21', '2020-05-04 01:29:21'),
(2828, '1', 162, NULL, 13, 15, '2020-05-04 01:29:21', '2020-05-04 01:29:21'),
(2829, '1', 163, NULL, 13, 15, '2020-05-04 01:29:21', '2020-05-04 01:29:21'),
(2830, '1', 164, NULL, 13, 15, '2020-05-04 01:29:21', '2020-05-04 01:29:21'),
(2831, '1', 165, NULL, 13, 15, '2020-05-04 01:29:21', '2020-05-04 01:29:21'),
(2832, '1', 166, NULL, 13, 15, '2020-05-04 01:29:21', '2020-05-04 01:29:21'),
(2833, '1', 167, NULL, 13, 15, '2020-05-04 01:29:21', '2020-05-04 01:29:21'),
(2834, '1', 168, NULL, 13, 15, '2020-05-04 01:29:21', '2020-05-04 01:29:21'),
(2835, '1', 169, NULL, 13, 15, '2020-05-04 01:29:21', '2020-05-04 01:29:21'),
(2836, '1', 170, NULL, 13, 15, '2020-05-04 01:29:21', '2020-05-04 01:29:21'),
(2837, '1', 171, NULL, 13, 15, '2020-05-04 01:29:21', '2020-05-04 01:29:21'),
(2838, '1', 172, NULL, 13, 15, '2020-05-04 01:29:21', '2020-05-04 01:29:21'),
(2839, '1', 173, NULL, 13, 15, '2020-05-04 01:29:21', '2020-05-04 01:29:21'),
(2840, '1', 174, NULL, 13, 15, '2020-05-04 01:29:21', '2020-05-04 01:29:21'),
(2841, '1', 175, NULL, 13, 15, '2020-05-04 01:29:21', '2020-05-04 01:29:21'),
(2842, '1', 176, NULL, 13, 15, '2020-05-04 01:29:21', '2020-05-04 01:29:21'),
(2843, '1', 177, NULL, 13, 15, '2020-05-04 01:29:21', '2020-05-04 01:29:21'),
(2844, '1', 178, NULL, 13, 15, '2020-05-04 01:29:21', '2020-05-04 01:29:21'),
(2845, '1', 179, NULL, 13, 15, '2020-05-04 01:29:21', '2020-05-04 01:29:21'),
(2846, '1', 180, NULL, 10, 15, '2020-05-04 01:29:21', '2020-05-04 01:29:21'),
(2847, '1', 181, NULL, 7, 15, '2020-05-04 01:29:21', '2020-05-04 01:29:21'),
(2848, '1', 182, NULL, 7, 15, '2020-05-04 01:29:21', '2020-05-04 01:29:21'),
(2849, '1', 183, NULL, 7, 15, '2020-05-04 01:29:21', '2020-05-04 01:29:21'),
(2850, '1', 184, NULL, 7, 15, '2020-05-04 01:29:21', '2020-05-04 01:29:21'),
(2851, '1', 185, NULL, 7, 15, '2020-05-04 01:29:21', '2020-05-04 01:29:21'),
(2852, '1', 186, NULL, 7, 15, '2020-05-04 01:29:21', '2020-05-04 01:29:21'),
(2853, '1', 187, NULL, 7, 15, '2020-05-04 01:29:21', '2020-05-04 01:29:21'),
(2854, '1', 188, NULL, 7, 15, '2020-05-04 01:29:21', '2020-05-04 01:29:21'),
(2855, '1', 189, NULL, 7, 15, '2020-05-04 01:29:21', '2020-05-04 01:29:21'),
(2856, '1', 190, NULL, 7, 15, '2020-05-04 01:29:21', '2020-05-04 01:29:21'),
(2857, '1', 191, NULL, 7, 15, '2020-05-04 01:29:21', '2020-05-04 01:29:21'),
(2858, '1', 192, NULL, 7, 15, '2020-05-04 01:29:21', '2020-05-04 01:29:21'),
(2859, '1', 193, NULL, 7, 15, '2020-05-04 01:29:21', '2020-05-04 01:29:21'),
(2860, '1', 194, NULL, 7, 15, '2020-05-04 01:29:21', '2020-05-04 01:29:21'),
(2861, '1', 195, NULL, 7, 15, '2020-05-04 01:29:21', '2020-05-04 01:29:21'),
(2862, '1', 196, NULL, 7, 15, '2020-05-04 01:29:21', '2020-05-04 01:29:21'),
(2863, '1', 197, NULL, 7, 15, '2020-05-04 01:29:21', '2020-05-04 01:29:21'),
(2864, '1', 198, NULL, 7, 15, '2020-05-04 01:29:21', '2020-05-04 01:29:21'),
(2865, '1', 199, NULL, 7, 15, '2020-05-04 01:29:21', '2020-05-04 01:29:21'),
(2866, '1', 200, NULL, 7, 15, '2020-05-04 01:29:21', '2020-05-04 01:29:21'),
(2867, '1', 201, NULL, 7, 15, '2020-05-04 01:29:21', '2020-05-04 01:29:21'),
(2868, '1', 202, NULL, 7, 15, '2020-05-04 01:29:21', '2020-05-04 01:29:21'),
(2869, '1', 203, NULL, 7, 15, '2020-05-04 01:29:21', '2020-05-04 01:29:21'),
(2870, '1', 204, NULL, 7, 15, '2020-05-04 01:29:21', '2020-05-04 01:29:21'),
(2871, '1', 205, NULL, 7, 15, '2020-05-04 01:29:21', '2020-05-04 01:29:21'),
(2872, '1', 206, NULL, 7, 15, '2020-05-04 01:29:21', '2020-05-04 01:29:21'),
(2873, '1', 207, NULL, 7, 15, '2020-05-04 01:29:21', '2020-05-04 01:29:21'),
(2874, '1', 208, NULL, 7, 15, '2020-05-04 01:29:21', '2020-05-04 01:29:21'),
(2875, '1', 209, NULL, 7, 15, '2020-05-04 01:29:21', '2020-05-04 01:29:21'),
(2876, '1', 210, NULL, 7, 15, '2020-05-04 01:29:21', '2020-05-04 01:29:21'),
(2877, '1', 211, NULL, 7, 15, '2020-05-04 01:29:21', '2020-05-04 01:29:21'),
(2878, '1', 212, NULL, 7, 15, '2020-05-04 01:29:21', '2020-05-04 01:29:21'),
(2879, '1', 83, NULL, 7, 16, '2020-05-04 01:30:24', '2020-05-04 01:30:24'),
(2880, '1', 84, NULL, 7, 16, '2020-05-04 01:30:24', '2020-05-04 01:30:24'),
(2881, '1', 85, NULL, 7, 16, '2020-05-04 01:30:24', '2020-05-04 01:30:24'),
(2882, '1', 86, NULL, 7, 16, '2020-05-04 01:30:24', '2020-05-04 01:30:24'),
(2883, '1', 87, NULL, 7, 16, '2020-05-04 01:30:24', '2020-05-04 01:30:24'),
(2884, '1', 88, NULL, 7, 16, '2020-05-04 01:30:24', '2020-05-04 01:30:24'),
(2885, '1', 89, NULL, 7, 16, '2020-05-04 01:30:24', '2020-05-04 01:30:24'),
(2886, '1', 90, NULL, 7, 16, '2020-05-04 01:30:24', '2020-05-04 01:30:24'),
(2887, '1', 91, NULL, 7, 16, '2020-05-04 01:30:24', '2020-05-04 01:30:24'),
(2888, '1', 92, NULL, 7, 16, '2020-05-04 01:30:24', '2020-05-04 01:30:24'),
(2889, '1', 93, NULL, 7, 16, '2020-05-04 01:30:24', '2020-05-04 01:30:24'),
(2890, '1', 94, NULL, 7, 16, '2020-05-04 01:30:24', '2020-05-04 01:30:24'),
(2891, '1', 95, NULL, 7, 16, '2020-05-04 01:30:24', '2020-05-04 01:30:24'),
(2892, '1', 96, NULL, 7, 16, '2020-05-04 01:30:24', '2020-05-04 01:30:24'),
(2893, '1', 97, NULL, 7, 16, '2020-05-04 01:30:24', '2020-05-04 01:30:24'),
(2894, '1', 98, NULL, 7, 16, '2020-05-04 01:30:24', '2020-05-04 01:30:24'),
(2895, '1', 99, NULL, 7, 16, '2020-05-04 01:30:24', '2020-05-04 01:30:24'),
(2896, '1', 100, NULL, 7, 16, '2020-05-04 01:30:24', '2020-05-04 01:30:24'),
(2897, '1', 101, NULL, 7, 16, '2020-05-04 01:30:24', '2020-05-04 01:30:24'),
(2898, '1', 102, NULL, 7, 16, '2020-05-04 01:30:24', '2020-05-04 01:30:24'),
(2899, '1', 103, NULL, 7, 16, '2020-05-04 01:30:24', '2020-05-04 01:30:24'),
(2900, '1', 104, NULL, 7, 16, '2020-05-04 01:30:24', '2020-05-04 01:30:24'),
(2901, '1', 105, NULL, 7, 16, '2020-05-04 01:30:24', '2020-05-04 01:30:24'),
(2902, '1', 106, NULL, 7, 16, '2020-05-04 01:30:24', '2020-05-04 01:30:24'),
(2903, '1', 107, NULL, 7, 16, '2020-05-04 01:30:24', '2020-05-04 01:30:24'),
(2904, '1', 108, NULL, 7, 16, '2020-05-04 01:30:24', '2020-05-04 01:30:24'),
(2905, '1', 109, NULL, 7, 16, '2020-05-04 01:30:24', '2020-05-04 01:30:24'),
(2906, '1', 110, NULL, 7, 16, '2020-05-04 01:30:24', '2020-05-04 01:30:24'),
(2907, '1', 111, NULL, 7, 16, '2020-05-04 01:30:24', '2020-05-04 01:30:24'),
(2908, '1', 112, NULL, 7, 16, '2020-05-04 01:30:24', '2020-05-04 01:30:24'),
(2909, '1', 113, NULL, 7, 16, '2020-05-04 01:30:24', '2020-05-04 01:30:24'),
(2910, '1', 114, NULL, 7, 16, '2020-05-04 01:30:24', '2020-05-04 01:30:24'),
(2911, '1', 115, NULL, 7, 16, '2020-05-04 01:30:24', '2020-05-04 01:30:24'),
(2912, '1', 116, NULL, 7, 16, '2020-05-04 01:30:24', '2020-05-04 01:30:24'),
(2913, '1', 117, NULL, 7, 16, '2020-05-04 01:30:24', '2020-05-04 01:30:24'),
(2914, '1', 118, NULL, 7, 16, '2020-05-04 01:30:24', '2020-05-04 01:30:24'),
(2915, '1', 119, NULL, 7, 16, '2020-05-04 01:30:24', '2020-05-04 01:30:24'),
(2916, '1', 120, NULL, 7, 16, '2020-05-04 01:30:24', '2020-05-04 01:30:24'),
(2917, '1', 121, NULL, 7, 16, '2020-05-04 01:30:24', '2020-05-04 01:30:24'),
(2918, '1', 122, NULL, 7, 16, '2020-05-04 01:30:24', '2020-05-04 01:30:24'),
(2919, '1', 123, NULL, 7, 16, '2020-05-04 01:30:24', '2020-05-04 01:30:24'),
(2920, '1', 124, NULL, 7, 16, '2020-05-04 01:30:24', '2020-05-04 01:30:24'),
(2921, '1', 125, NULL, 7, 16, '2020-05-04 01:30:24', '2020-05-04 01:30:24'),
(2922, '1', 126, NULL, 7, 16, '2020-05-04 01:30:24', '2020-05-04 01:30:24'),
(2923, '1', 127, NULL, 7, 16, '2020-05-04 01:30:24', '2020-05-04 01:30:24'),
(2924, '1', 128, NULL, 7, 16, '2020-05-04 01:30:24', '2020-05-04 01:30:24'),
(2925, '1', 129, NULL, 7, 16, '2020-05-04 01:30:24', '2020-05-04 01:30:24'),
(2926, '1', 130, NULL, 7, 16, '2020-05-04 01:30:24', '2020-05-04 01:30:24'),
(2927, '1', 131, NULL, 7, 16, '2020-05-04 01:30:24', '2020-05-04 01:30:24'),
(2928, '1', 132, NULL, 7, 16, '2020-05-04 01:30:24', '2020-05-04 01:30:24'),
(2929, '1', 133, NULL, 7, 16, '2020-05-04 01:30:24', '2020-05-04 01:30:24'),
(2930, '1', 134, NULL, 7, 16, '2020-05-04 01:30:24', '2020-05-04 01:30:24'),
(2931, '1', 135, NULL, 7, 16, '2020-05-04 01:30:24', '2020-05-04 01:30:24'),
(2932, '1', 136, NULL, 7, 16, '2020-05-04 01:30:24', '2020-05-04 01:30:24'),
(2933, '1', 137, NULL, 7, 16, '2020-05-04 01:30:24', '2020-05-04 01:30:24'),
(2934, '1', 138, NULL, 7, 16, '2020-05-04 01:30:24', '2020-05-04 01:30:24'),
(2935, '1', 139, NULL, 7, 16, '2020-05-04 01:30:24', '2020-05-04 01:30:24'),
(2936, '1', 140, NULL, 7, 16, '2020-05-04 01:30:24', '2020-05-04 01:30:24'),
(2937, '1', 141, NULL, 7, 16, '2020-05-04 01:30:24', '2020-05-04 01:30:24'),
(2938, '1', 142, NULL, 7, 16, '2020-05-04 01:30:24', '2020-05-04 01:30:24'),
(2939, '1', 143, NULL, 7, 16, '2020-05-04 01:30:24', '2020-05-04 01:30:24'),
(2940, '1', 144, NULL, 7, 16, '2020-05-04 01:30:24', '2020-05-04 01:30:24'),
(2941, '1', 145, NULL, 7, 16, '2020-05-04 01:30:24', '2020-05-04 01:30:24'),
(2942, '1', 146, NULL, 7, 16, '2020-05-04 01:30:24', '2020-05-04 01:30:24'),
(2943, '1', 147, NULL, 7, 16, '2020-05-04 01:30:24', '2020-05-04 01:30:24'),
(2944, '1', 148, NULL, 7, 16, '2020-05-04 01:30:24', '2020-05-04 01:30:24'),
(2945, '1', 149, NULL, 7, 16, '2020-05-04 01:30:24', '2020-05-04 01:30:24'),
(2946, '1', 150, NULL, 7, 16, '2020-05-04 01:30:24', '2020-05-04 01:30:24'),
(2947, '1', 151, NULL, 7, 16, '2020-05-04 01:30:24', '2020-05-04 01:30:24'),
(2948, '1', 152, NULL, 7, 16, '2020-05-04 01:30:24', '2020-05-04 01:30:24'),
(2949, '1', 153, NULL, 7, 16, '2020-05-04 01:30:24', '2020-05-04 01:30:24'),
(2950, '1', 154, NULL, 7, 16, '2020-05-04 01:30:24', '2020-05-04 01:30:24'),
(2951, '1', 155, NULL, 7, 16, '2020-05-04 01:30:24', '2020-05-04 01:30:24'),
(2952, '1', 156, NULL, 7, 16, '2020-05-04 01:30:24', '2020-05-04 01:30:24'),
(2953, '1', 157, NULL, 7, 16, '2020-05-04 01:30:24', '2020-05-04 01:30:24'),
(2954, '1', 158, NULL, 7, 16, '2020-05-04 01:30:24', '2020-05-04 01:30:24'),
(2955, '1', 159, NULL, 7, 16, '2020-05-04 01:30:24', '2020-05-04 01:30:24'),
(2956, '1', 160, NULL, 7, 16, '2020-05-04 01:30:24', '2020-05-04 01:30:24'),
(2957, '1', 161, NULL, 7, 16, '2020-05-04 01:30:24', '2020-05-04 01:30:24'),
(2958, '1', 162, NULL, 7, 16, '2020-05-04 01:30:24', '2020-05-04 01:30:24'),
(2959, '1', 163, NULL, 7, 16, '2020-05-04 01:30:24', '2020-05-04 01:30:24'),
(2960, '1', 164, NULL, 7, 16, '2020-05-04 01:30:24', '2020-05-04 01:30:24'),
(2961, '1', 165, NULL, 7, 16, '2020-05-04 01:30:24', '2020-05-04 01:30:24'),
(2962, '1', 166, NULL, 7, 16, '2020-05-04 01:30:24', '2020-05-04 01:30:24'),
(2963, '1', 167, NULL, 7, 16, '2020-05-04 01:30:24', '2020-05-04 01:30:24'),
(2964, '1', 168, NULL, 7, 16, '2020-05-04 01:30:24', '2020-05-04 01:30:24'),
(2965, '1', 169, NULL, 7, 16, '2020-05-04 01:30:24', '2020-05-04 01:30:24'),
(2966, '1', 170, NULL, 7, 16, '2020-05-04 01:30:24', '2020-05-04 01:30:24'),
(2967, '1', 171, NULL, 7, 16, '2020-05-04 01:30:24', '2020-05-04 01:30:24'),
(2968, '1', 172, NULL, 7, 16, '2020-05-04 01:30:24', '2020-05-04 01:30:24'),
(2969, '1', 173, NULL, 7, 16, '2020-05-04 01:30:24', '2020-05-04 01:30:24'),
(2970, '1', 174, NULL, 7, 16, '2020-05-04 01:30:24', '2020-05-04 01:30:24'),
(2971, '1', 175, NULL, 7, 16, '2020-05-04 01:30:24', '2020-05-04 01:30:24'),
(2972, '1', 176, NULL, 7, 16, '2020-05-04 01:30:24', '2020-05-04 01:30:24'),
(2973, '1', 177, NULL, 7, 16, '2020-05-04 01:30:24', '2020-05-04 01:30:24'),
(2974, '1', 178, NULL, 7, 16, '2020-05-04 01:30:24', '2020-05-04 01:30:24'),
(2975, '1', 179, NULL, 7, 16, '2020-05-04 01:30:24', '2020-05-04 01:30:24'),
(2976, '1', 180, NULL, 7, 16, '2020-05-04 01:30:24', '2020-05-04 01:30:24'),
(2977, '1', 181, NULL, 7, 16, '2020-05-04 01:30:24', '2020-05-04 01:30:24'),
(2978, '1', 182, NULL, 7, 16, '2020-05-04 01:30:24', '2020-05-04 01:30:24'),
(2979, '1', 183, NULL, 7, 16, '2020-05-04 01:30:24', '2020-05-04 01:30:24'),
(2980, '1', 184, NULL, 7, 16, '2020-05-04 01:30:24', '2020-05-04 01:30:24'),
(2981, '1', 185, NULL, 7, 16, '2020-05-04 01:30:24', '2020-05-04 01:30:24'),
(2982, '1', 186, NULL, 7, 16, '2020-05-04 01:30:24', '2020-05-04 01:30:24'),
(2983, '1', 187, NULL, 7, 16, '2020-05-04 01:30:24', '2020-05-04 01:30:24'),
(2984, '1', 188, NULL, 7, 16, '2020-05-04 01:30:24', '2020-05-04 01:30:24'),
(2985, '1', 189, NULL, 7, 16, '2020-05-04 01:30:24', '2020-05-04 01:30:24'),
(2986, '1', 190, NULL, 7, 16, '2020-05-04 01:30:24', '2020-05-04 01:30:24'),
(2987, '1', 191, NULL, 7, 16, '2020-05-04 01:30:24', '2020-05-04 01:30:24'),
(2988, '1', 192, NULL, 7, 16, '2020-05-04 01:30:24', '2020-05-04 01:30:24'),
(2989, '1', 193, NULL, 7, 16, '2020-05-04 01:30:24', '2020-05-04 01:30:24'),
(2990, '1', 194, NULL, 7, 16, '2020-05-04 01:30:24', '2020-05-04 01:30:24'),
(2991, '1', 195, NULL, 7, 16, '2020-05-04 01:30:24', '2020-05-04 01:30:24'),
(2992, '1', 196, NULL, 7, 16, '2020-05-04 01:30:24', '2020-05-04 01:30:24'),
(2993, '1', 197, NULL, 7, 16, '2020-05-04 01:30:24', '2020-05-04 01:30:24'),
(2994, '1', 198, NULL, 7, 16, '2020-05-04 01:30:24', '2020-05-04 01:30:24'),
(2995, '1', 199, NULL, 7, 16, '2020-05-04 01:30:24', '2020-05-04 01:30:24'),
(2996, '1', 200, NULL, 7, 16, '2020-05-04 01:30:24', '2020-05-04 01:30:24'),
(2997, '1', 201, NULL, 7, 16, '2020-05-04 01:30:24', '2020-05-04 01:30:24'),
(2998, '1', 202, NULL, 7, 16, '2020-05-04 01:30:24', '2020-05-04 01:30:24'),
(2999, '1', 203, NULL, 7, 16, '2020-05-04 01:30:24', '2020-05-04 01:30:24'),
(3000, '1', 204, NULL, 7, 16, '2020-05-04 01:30:24', '2020-05-04 01:30:24'),
(3001, '1', 205, NULL, 7, 16, '2020-05-04 01:30:24', '2020-05-04 01:30:24'),
(3002, '1', 206, NULL, 7, 16, '2020-05-04 01:30:24', '2020-05-04 01:30:24'),
(3003, '1', 207, NULL, 7, 16, '2020-05-04 01:30:24', '2020-05-04 01:30:24'),
(3004, '1', 208, NULL, 7, 16, '2020-05-04 01:30:24', '2020-05-04 01:30:24'),
(3005, '1', 209, NULL, 7, 16, '2020-05-04 01:30:24', '2020-05-04 01:30:24'),
(3006, '1', 210, NULL, 7, 16, '2020-05-04 01:30:24', '2020-05-04 01:30:24'),
(3007, '1', 211, NULL, 7, 16, '2020-05-04 01:30:24', '2020-05-04 01:30:24'),
(3008, '1', 212, NULL, 7, 16, '2020-05-04 01:30:24', '2020-05-04 01:30:24'),
(3009, '1', 83, NULL, 7, 17, '2020-05-04 01:31:25', '2020-05-04 01:31:25'),
(3010, '1', 84, NULL, 7, 17, '2020-05-04 01:31:25', '2020-05-04 01:31:25'),
(3011, '1', 85, NULL, 7, 17, '2020-05-04 01:31:25', '2020-05-04 01:31:25'),
(3012, '1', 86, NULL, 7, 17, '2020-05-04 01:31:25', '2020-05-04 01:31:25'),
(3013, '1', 87, NULL, 7, 17, '2020-05-04 01:31:25', '2020-05-04 01:31:25'),
(3014, '1', 88, NULL, 7, 17, '2020-05-04 01:31:25', '2020-05-04 01:31:25'),
(3015, '1', 89, NULL, 7, 17, '2020-05-04 01:31:25', '2020-05-04 01:31:25'),
(3016, '1', 90, NULL, 7, 17, '2020-05-04 01:31:25', '2020-05-04 01:31:25'),
(3017, '1', 91, NULL, 7, 17, '2020-05-04 01:31:25', '2020-05-04 01:31:25'),
(3018, '1', 92, NULL, 7, 17, '2020-05-04 01:31:25', '2020-05-04 01:31:25'),
(3019, '1', 93, NULL, 7, 17, '2020-05-04 01:31:25', '2020-05-04 01:31:25'),
(3020, '1', 94, NULL, 7, 17, '2020-05-04 01:31:25', '2020-05-04 01:31:25'),
(3021, '1', 95, NULL, 7, 17, '2020-05-04 01:31:25', '2020-05-04 01:31:25'),
(3022, '1', 96, NULL, 7, 17, '2020-05-04 01:31:25', '2020-05-04 01:31:25'),
(3023, '1', 97, NULL, 7, 17, '2020-05-04 01:31:25', '2020-05-04 01:31:25'),
(3024, '1', 98, NULL, 7, 17, '2020-05-04 01:31:25', '2020-05-04 01:31:25'),
(3025, '1', 99, NULL, 7, 17, '2020-05-04 01:31:25', '2020-05-04 01:31:25'),
(3026, '1', 100, NULL, 7, 17, '2020-05-04 01:31:25', '2020-05-04 01:31:25'),
(3027, '1', 101, NULL, 7, 17, '2020-05-04 01:31:25', '2020-05-04 01:31:25'),
(3028, '1', 102, NULL, 7, 17, '2020-05-04 01:31:25', '2020-05-04 01:31:25'),
(3029, '1', 103, NULL, 7, 17, '2020-05-04 01:31:25', '2020-05-04 01:31:25'),
(3030, '1', 104, NULL, 7, 17, '2020-05-04 01:31:25', '2020-05-04 01:31:25'),
(3031, '1', 105, NULL, 7, 17, '2020-05-04 01:31:25', '2020-05-04 01:31:25'),
(3032, '1', 106, NULL, 7, 17, '2020-05-04 01:31:25', '2020-05-04 01:31:25'),
(3033, '1', 107, NULL, 7, 17, '2020-05-04 01:31:25', '2020-05-04 01:31:25'),
(3034, '1', 108, NULL, 7, 17, '2020-05-04 01:31:25', '2020-05-04 01:31:25'),
(3035, '1', 109, NULL, 7, 17, '2020-05-04 01:31:25', '2020-05-04 01:31:25'),
(3036, '1', 110, NULL, 7, 17, '2020-05-04 01:31:25', '2020-05-04 01:31:25'),
(3037, '1', 111, NULL, 7, 17, '2020-05-04 01:31:25', '2020-05-04 01:31:25'),
(3038, '1', 112, NULL, 7, 17, '2020-05-04 01:31:25', '2020-05-04 01:31:25'),
(3039, '1', 113, NULL, 7, 17, '2020-05-04 01:31:25', '2020-05-04 01:31:25'),
(3040, '1', 114, NULL, 7, 17, '2020-05-04 01:31:25', '2020-05-04 01:31:25'),
(3041, '1', 115, NULL, 7, 17, '2020-05-04 01:31:25', '2020-05-04 01:31:25'),
(3042, '1', 116, NULL, 7, 17, '2020-05-04 01:31:25', '2020-05-04 01:31:25'),
(3043, '1', 117, NULL, 7, 17, '2020-05-04 01:31:25', '2020-05-04 01:31:25'),
(3044, '1', 118, NULL, 7, 17, '2020-05-04 01:31:25', '2020-05-04 01:31:25'),
(3045, '1', 119, NULL, 7, 17, '2020-05-04 01:31:25', '2020-05-04 01:31:25'),
(3046, '1', 120, NULL, 7, 17, '2020-05-04 01:31:25', '2020-05-04 01:31:25'),
(3047, '1', 121, NULL, 7, 17, '2020-05-04 01:31:25', '2020-05-04 01:31:25'),
(3048, '1', 122, NULL, 7, 17, '2020-05-04 01:31:25', '2020-05-04 01:31:25'),
(3049, '1', 123, NULL, 7, 17, '2020-05-04 01:31:25', '2020-05-04 01:31:25'),
(3050, '1', 124, NULL, 7, 17, '2020-05-04 01:31:25', '2020-05-04 01:31:25'),
(3051, '1', 125, NULL, 7, 17, '2020-05-04 01:31:25', '2020-05-04 01:31:25'),
(3052, '1', 126, NULL, 7, 17, '2020-05-04 01:31:25', '2020-05-04 01:31:25'),
(3053, '1', 127, NULL, 7, 17, '2020-05-04 01:31:25', '2020-05-04 01:31:25'),
(3054, '1', 128, NULL, 7, 17, '2020-05-04 01:31:25', '2020-05-04 01:31:25'),
(3055, '1', 129, NULL, 7, 17, '2020-05-04 01:31:25', '2020-05-04 01:31:25'),
(3056, '1', 130, NULL, 7, 17, '2020-05-04 01:31:25', '2020-05-04 01:31:25'),
(3057, '1', 131, NULL, 7, 17, '2020-05-04 01:31:25', '2020-05-04 01:31:25'),
(3058, '1', 132, NULL, 7, 17, '2020-05-04 01:31:25', '2020-05-04 01:31:25'),
(3059, '1', 133, NULL, 7, 17, '2020-05-04 01:31:25', '2020-05-04 01:31:25'),
(3060, '1', 134, NULL, 7, 17, '2020-05-04 01:31:25', '2020-05-04 01:31:25'),
(3061, '1', 135, NULL, 7, 17, '2020-05-04 01:31:25', '2020-05-04 01:31:25'),
(3062, '1', 136, NULL, 7, 17, '2020-05-04 01:31:25', '2020-05-04 01:31:25'),
(3063, '1', 137, NULL, 7, 17, '2020-05-04 01:31:25', '2020-05-04 01:31:25'),
(3064, '1', 138, NULL, 7, 17, '2020-05-04 01:31:25', '2020-05-04 01:31:25'),
(3065, '1', 139, NULL, 7, 17, '2020-05-04 01:31:25', '2020-05-04 01:31:25'),
(3066, '1', 140, NULL, 7, 17, '2020-05-04 01:31:25', '2020-05-04 01:31:25'),
(3067, '1', 141, NULL, 7, 17, '2020-05-04 01:31:25', '2020-05-04 01:31:25'),
(3068, '1', 142, NULL, 7, 17, '2020-05-04 01:31:25', '2020-05-04 01:31:25'),
(3069, '1', 143, NULL, 7, 17, '2020-05-04 01:31:25', '2020-05-04 01:31:25'),
(3070, '1', 144, NULL, 7, 17, '2020-05-04 01:31:25', '2020-05-04 01:31:25'),
(3071, '1', 145, NULL, 7, 17, '2020-05-04 01:31:25', '2020-05-04 01:31:25'),
(3072, '1', 146, NULL, 7, 17, '2020-05-04 01:31:25', '2020-05-04 01:31:25'),
(3073, '1', 147, NULL, 7, 17, '2020-05-04 01:31:25', '2020-05-04 01:31:25'),
(3074, '1', 148, NULL, 7, 17, '2020-05-04 01:31:25', '2020-05-04 01:31:25'),
(3075, '1', 149, NULL, 7, 17, '2020-05-04 01:31:25', '2020-05-04 01:31:25'),
(3076, '1', 150, NULL, 7, 17, '2020-05-04 01:31:25', '2020-05-04 01:31:25'),
(3077, '1', 151, NULL, 7, 17, '2020-05-04 01:31:25', '2020-05-04 01:31:25'),
(3078, '1', 152, NULL, 7, 17, '2020-05-04 01:31:25', '2020-05-04 01:31:25'),
(3079, '1', 153, NULL, 7, 17, '2020-05-04 01:31:25', '2020-05-04 01:31:25'),
(3080, '1', 154, NULL, 7, 17, '2020-05-04 01:31:25', '2020-05-04 01:31:25'),
(3081, '1', 155, NULL, 7, 17, '2020-05-04 01:31:25', '2020-05-04 01:31:25'),
(3082, '1', 156, NULL, 7, 17, '2020-05-04 01:31:25', '2020-05-04 01:31:25'),
(3083, '1', 157, NULL, 7, 17, '2020-05-04 01:31:25', '2020-05-04 01:31:25'),
(3084, '1', 158, NULL, 7, 17, '2020-05-04 01:31:25', '2020-05-04 01:31:25'),
(3085, '1', 159, NULL, 7, 17, '2020-05-04 01:31:25', '2020-05-04 01:31:25'),
(3086, '1', 160, NULL, 7, 17, '2020-05-04 01:31:25', '2020-05-04 01:31:25'),
(3087, '1', 161, NULL, 7, 17, '2020-05-04 01:31:25', '2020-05-04 01:31:25'),
(3088, '1', 162, NULL, 7, 17, '2020-05-04 01:31:25', '2020-05-04 01:31:25'),
(3089, '1', 163, NULL, 7, 17, '2020-05-04 01:31:25', '2020-05-04 01:31:25'),
(3090, '1', 164, NULL, 7, 17, '2020-05-04 01:31:25', '2020-05-04 01:31:25'),
(3091, '1', 165, NULL, 7, 17, '2020-05-04 01:31:25', '2020-05-04 01:31:25'),
(3092, '1', 166, NULL, 7, 17, '2020-05-04 01:31:25', '2020-05-04 01:31:25'),
(3093, '1', 167, NULL, 7, 17, '2020-05-04 01:31:25', '2020-05-04 01:31:25'),
(3094, '1', 168, NULL, 7, 17, '2020-05-04 01:31:25', '2020-05-04 01:31:25'),
(3095, '1', 169, NULL, 7, 17, '2020-05-04 01:31:25', '2020-05-04 01:31:25'),
(3096, '1', 170, NULL, 7, 17, '2020-05-04 01:31:25', '2020-05-04 01:31:25'),
(3097, '1', 171, NULL, 7, 17, '2020-05-04 01:31:25', '2020-05-04 01:31:25'),
(3098, '1', 172, NULL, 7, 17, '2020-05-04 01:31:25', '2020-05-04 01:31:25'),
(3099, '1', 173, NULL, 7, 17, '2020-05-04 01:31:25', '2020-05-04 01:31:25'),
(3100, '1', 174, NULL, 7, 17, '2020-05-04 01:31:25', '2020-05-04 01:31:25'),
(3101, '1', 175, NULL, 7, 17, '2020-05-04 01:31:25', '2020-05-04 01:31:25'),
(3102, '1', 176, NULL, 7, 17, '2020-05-04 01:31:25', '2020-05-04 01:31:25'),
(3103, '1', 177, NULL, 7, 17, '2020-05-04 01:31:25', '2020-05-04 01:31:25'),
(3104, '1', 178, NULL, 7, 17, '2020-05-04 01:31:25', '2020-05-04 01:31:25'),
(3105, '1', 179, NULL, 7, 17, '2020-05-04 01:31:25', '2020-05-04 01:31:25'),
(3106, '1', 180, NULL, 7, 17, '2020-05-04 01:31:25', '2020-05-04 01:31:25'),
(3107, '1', 181, NULL, 7, 17, '2020-05-04 01:31:25', '2020-05-04 01:31:25'),
(3108, '1', 182, NULL, 7, 17, '2020-05-04 01:31:25', '2020-05-04 01:31:25'),
(3109, '1', 183, NULL, 7, 17, '2020-05-04 01:31:25', '2020-05-04 01:31:25'),
(3110, '1', 184, NULL, 7, 17, '2020-05-04 01:31:25', '2020-05-04 01:31:25'),
(3111, '1', 185, NULL, 7, 17, '2020-05-04 01:31:25', '2020-05-04 01:31:25'),
(3112, '1', 186, NULL, 7, 17, '2020-05-04 01:31:25', '2020-05-04 01:31:25'),
(3113, '1', 187, NULL, 7, 17, '2020-05-04 01:31:25', '2020-05-04 01:31:25'),
(3114, '1', 188, NULL, 7, 17, '2020-05-04 01:31:25', '2020-05-04 01:31:25'),
(3115, '1', 189, NULL, 7, 17, '2020-05-04 01:31:25', '2020-05-04 01:31:25'),
(3116, '1', 190, NULL, 7, 17, '2020-05-04 01:31:25', '2020-05-04 01:31:25'),
(3117, '1', 191, NULL, 7, 17, '2020-05-04 01:31:25', '2020-05-04 01:31:25'),
(3118, '1', 192, NULL, 7, 17, '2020-05-04 01:31:25', '2020-05-04 01:31:25'),
(3119, '1', 193, NULL, 7, 17, '2020-05-04 01:31:25', '2020-05-04 01:31:25'),
(3120, '1', 194, NULL, 7, 17, '2020-05-04 01:31:25', '2020-05-04 01:31:25'),
(3121, '1', 195, NULL, 7, 17, '2020-05-04 01:31:25', '2020-05-04 01:31:25'),
(3122, '1', 196, NULL, 7, 17, '2020-05-04 01:31:25', '2020-05-04 01:31:25'),
(3123, '1', 197, NULL, 7, 17, '2020-05-04 01:31:25', '2020-05-04 01:31:25'),
(3124, '1', 198, NULL, 7, 17, '2020-05-04 01:31:25', '2020-05-04 01:31:25'),
(3125, '1', 199, NULL, 7, 17, '2020-05-04 01:31:25', '2020-05-04 01:31:25'),
(3126, '1', 200, NULL, 7, 17, '2020-05-04 01:31:25', '2020-05-04 01:31:25'),
(3127, '1', 201, NULL, 7, 17, '2020-05-04 01:31:25', '2020-05-04 01:31:25'),
(3128, '1', 202, NULL, 7, 17, '2020-05-04 01:31:25', '2020-05-04 01:31:25'),
(3129, '1', 203, NULL, 7, 17, '2020-05-04 01:31:25', '2020-05-04 01:31:25'),
(3130, '1', 204, NULL, 7, 17, '2020-05-04 01:31:25', '2020-05-04 01:31:25'),
(3131, '1', 205, NULL, 7, 17, '2020-05-04 01:31:25', '2020-05-04 01:31:25'),
(3132, '1', 206, NULL, 7, 17, '2020-05-04 01:31:25', '2020-05-04 01:31:25'),
(3133, '1', 207, NULL, 7, 17, '2020-05-04 01:31:25', '2020-05-04 01:31:25'),
(3134, '1', 208, NULL, 7, 17, '2020-05-04 01:31:25', '2020-05-04 01:31:25'),
(3135, '1', 209, NULL, 7, 17, '2020-05-04 01:31:25', '2020-05-04 01:31:25'),
(3136, '1', 210, NULL, 7, 17, '2020-05-04 01:31:25', '2020-05-04 01:31:25'),
(3137, '1', 211, NULL, 7, 17, '2020-05-04 01:31:25', '2020-05-04 01:31:25'),
(3138, '1', 212, NULL, 7, 17, '2020-05-04 01:31:25', '2020-05-04 01:31:25'),
(3139, '1', 83, NULL, 8, 18, '2020-05-04 01:32:31', '2020-05-04 01:32:31'),
(3140, '1', 84, NULL, 7, 18, '2020-05-04 01:32:31', '2020-05-04 01:32:31'),
(3141, '1', 85, NULL, 7, 18, '2020-05-04 01:32:31', '2020-05-04 01:32:31'),
(3142, '1', 86, NULL, 7, 18, '2020-05-04 01:32:31', '2020-05-04 01:32:31'),
(3143, '1', 87, NULL, 7, 18, '2020-05-04 01:32:31', '2020-05-04 01:32:31'),
(3144, '1', 88, NULL, 7, 18, '2020-05-04 01:32:31', '2020-05-04 01:32:31'),
(3145, '1', 89, NULL, 7, 18, '2020-05-04 01:32:31', '2020-05-04 01:32:31'),
(3146, '1', 90, NULL, 7, 18, '2020-05-04 01:32:31', '2020-05-04 01:32:31'),
(3147, '1', 91, NULL, 7, 18, '2020-05-04 01:32:31', '2020-05-04 01:32:31'),
(3148, '1', 92, NULL, 7, 18, '2020-05-04 01:32:31', '2020-05-04 01:32:31'),
(3149, '1', 93, NULL, 7, 18, '2020-05-04 01:32:31', '2020-05-04 01:32:31'),
(3150, '1', 94, NULL, 7, 18, '2020-05-04 01:32:31', '2020-05-04 01:32:31'),
(3151, '1', 95, NULL, 7, 18, '2020-05-04 01:32:31', '2020-05-04 01:32:31'),
(3152, '1', 96, NULL, 7, 18, '2020-05-04 01:32:31', '2020-05-04 01:32:31'),
(3153, '1', 97, NULL, 7, 18, '2020-05-04 01:32:31', '2020-05-04 01:32:31'),
(3154, '1', 98, NULL, 7, 18, '2020-05-04 01:32:31', '2020-05-04 01:32:31'),
(3155, '1', 99, NULL, 7, 18, '2020-05-04 01:32:31', '2020-05-04 01:32:31'),
(3156, '1', 100, NULL, 7, 18, '2020-05-04 01:32:31', '2020-05-04 01:32:31'),
(3157, '1', 101, NULL, 7, 18, '2020-05-04 01:32:31', '2020-05-04 01:32:31'),
(3158, '1', 102, NULL, 7, 18, '2020-05-04 01:32:31', '2020-05-04 01:32:31'),
(3159, '1', 103, NULL, 7, 18, '2020-05-04 01:32:31', '2020-05-04 01:32:31'),
(3160, '1', 104, NULL, 7, 18, '2020-05-04 01:32:31', '2020-05-04 01:32:31'),
(3161, '1', 105, NULL, 7, 18, '2020-05-04 01:32:31', '2020-05-04 01:32:31'),
(3162, '1', 106, NULL, 7, 18, '2020-05-04 01:32:31', '2020-05-04 01:32:31'),
(3163, '1', 107, NULL, 7, 18, '2020-05-04 01:32:31', '2020-05-04 01:32:31'),
(3164, '1', 108, NULL, 7, 18, '2020-05-04 01:32:31', '2020-05-04 01:32:31'),
(3165, '1', 109, NULL, 7, 18, '2020-05-04 01:32:31', '2020-05-04 01:32:31'),
(3166, '1', 110, NULL, 7, 18, '2020-05-04 01:32:31', '2020-05-04 01:32:31'),
(3167, '1', 111, NULL, 7, 18, '2020-05-04 01:32:31', '2020-05-04 01:32:31'),
(3168, '1', 112, NULL, 7, 18, '2020-05-04 01:32:31', '2020-05-04 01:32:31'),
(3169, '1', 113, NULL, 7, 18, '2020-05-04 01:32:31', '2020-05-04 01:32:31'),
(3170, '1', 114, NULL, 7, 18, '2020-05-04 01:32:31', '2020-05-04 01:32:31'),
(3171, '1', 115, NULL, 7, 18, '2020-05-04 01:32:31', '2020-05-04 01:32:31'),
(3172, '1', 116, NULL, 7, 18, '2020-05-04 01:32:31', '2020-05-04 01:32:31'),
(3173, '1', 117, NULL, 7, 18, '2020-05-04 01:32:31', '2020-05-04 01:32:31'),
(3174, '1', 118, NULL, 7, 18, '2020-05-04 01:32:31', '2020-05-04 01:32:31'),
(3175, '1', 119, NULL, 7, 18, '2020-05-04 01:32:31', '2020-05-04 01:32:31'),
(3176, '1', 120, NULL, 7, 18, '2020-05-04 01:32:31', '2020-05-04 01:32:31'),
(3177, '1', 121, NULL, 7, 18, '2020-05-04 01:32:31', '2020-05-04 01:32:31'),
(3178, '1', 122, NULL, 7, 18, '2020-05-04 01:32:31', '2020-05-04 01:32:31'),
(3179, '1', 123, NULL, 7, 18, '2020-05-04 01:32:31', '2020-05-04 01:32:31'),
(3180, '1', 124, NULL, 7, 18, '2020-05-04 01:32:31', '2020-05-04 01:32:31'),
(3181, '1', 125, NULL, 7, 18, '2020-05-04 01:32:31', '2020-05-04 01:32:31'),
(3182, '1', 126, NULL, 7, 18, '2020-05-04 01:32:31', '2020-05-04 01:32:31'),
(3183, '1', 127, NULL, 7, 18, '2020-05-04 01:32:31', '2020-05-04 01:32:31'),
(3184, '1', 128, NULL, 7, 18, '2020-05-04 01:32:31', '2020-05-04 01:32:31'),
(3185, '1', 129, NULL, 7, 18, '2020-05-04 01:32:31', '2020-05-04 01:32:31'),
(3186, '1', 130, NULL, 7, 18, '2020-05-04 01:32:31', '2020-05-04 01:32:31'),
(3187, '1', 131, NULL, 7, 18, '2020-05-04 01:32:31', '2020-05-04 01:32:31'),
(3188, '1', 132, NULL, 7, 18, '2020-05-04 01:32:31', '2020-05-04 01:32:31'),
(3189, '1', 133, NULL, 7, 18, '2020-05-04 01:32:31', '2020-05-04 01:32:31'),
(3190, '1', 134, NULL, 7, 18, '2020-05-04 01:32:31', '2020-05-04 01:32:31'),
(3191, '1', 135, NULL, 7, 18, '2020-05-04 01:32:31', '2020-05-04 01:32:31'),
(3192, '1', 136, NULL, 7, 18, '2020-05-04 01:32:31', '2020-05-04 01:32:31'),
(3193, '1', 137, NULL, 7, 18, '2020-05-04 01:32:31', '2020-05-04 01:32:31'),
(3194, '1', 138, NULL, 7, 18, '2020-05-04 01:32:31', '2020-05-04 01:32:31'),
(3195, '1', 139, NULL, 7, 18, '2020-05-04 01:32:31', '2020-05-04 01:32:31'),
(3196, '1', 140, NULL, 7, 18, '2020-05-04 01:32:31', '2020-05-04 01:32:31'),
(3197, '1', 141, NULL, 7, 18, '2020-05-04 01:32:31', '2020-05-04 01:32:31'),
(3198, '1', 142, NULL, 7, 18, '2020-05-04 01:32:31', '2020-05-04 01:32:31'),
(3199, '1', 143, NULL, 7, 18, '2020-05-04 01:32:31', '2020-05-04 01:32:31'),
(3200, '1', 144, NULL, 7, 18, '2020-05-04 01:32:31', '2020-05-04 01:32:31'),
(3201, '1', 145, NULL, 7, 18, '2020-05-04 01:32:31', '2020-05-04 01:32:31'),
(3202, '1', 146, NULL, 7, 18, '2020-05-04 01:32:31', '2020-05-04 01:32:31'),
(3203, '1', 147, NULL, 7, 18, '2020-05-04 01:32:31', '2020-05-04 01:32:31'),
(3204, '1', 148, NULL, 7, 18, '2020-05-04 01:32:31', '2020-05-04 01:32:31'),
(3205, '1', 149, NULL, 7, 18, '2020-05-04 01:32:31', '2020-05-04 01:32:31'),
(3206, '1', 150, NULL, 7, 18, '2020-05-04 01:32:31', '2020-05-04 01:32:31'),
(3207, '1', 151, NULL, 7, 18, '2020-05-04 01:32:31', '2020-05-04 01:32:31'),
(3208, '1', 152, NULL, 7, 18, '2020-05-04 01:32:31', '2020-05-04 01:32:31'),
(3209, '1', 153, NULL, 7, 18, '2020-05-04 01:32:31', '2020-05-04 01:32:31'),
(3210, '1', 154, NULL, 7, 18, '2020-05-04 01:32:31', '2020-05-04 01:32:31'),
(3211, '1', 155, NULL, 7, 18, '2020-05-04 01:32:31', '2020-05-04 01:32:31'),
(3212, '1', 156, NULL, 7, 18, '2020-05-04 01:32:31', '2020-05-04 01:32:31'),
(3213, '1', 157, NULL, 7, 18, '2020-05-04 01:32:31', '2020-05-04 01:32:31'),
(3214, '1', 158, NULL, 7, 18, '2020-05-04 01:32:31', '2020-05-04 01:32:31'),
(3215, '1', 159, NULL, 7, 18, '2020-05-04 01:32:31', '2020-05-04 01:32:31'),
(3216, '1', 160, NULL, 7, 18, '2020-05-04 01:32:31', '2020-05-04 01:32:31'),
(3217, '1', 161, NULL, 7, 18, '2020-05-04 01:32:31', '2020-05-04 01:32:31'),
(3218, '1', 162, NULL, 7, 18, '2020-05-04 01:32:31', '2020-05-04 01:32:31'),
(3219, '1', 163, NULL, 7, 18, '2020-05-04 01:32:31', '2020-05-04 01:32:31'),
(3220, '1', 164, NULL, 7, 18, '2020-05-04 01:32:31', '2020-05-04 01:32:31'),
(3221, '1', 165, NULL, 7, 18, '2020-05-04 01:32:31', '2020-05-04 01:32:31'),
(3222, '1', 166, NULL, 7, 18, '2020-05-04 01:32:31', '2020-05-04 01:32:31'),
(3223, '1', 167, NULL, 7, 18, '2020-05-04 01:32:31', '2020-05-04 01:32:31'),
(3224, '1', 168, NULL, 7, 18, '2020-05-04 01:32:31', '2020-05-04 01:32:31'),
(3225, '1', 169, NULL, 7, 18, '2020-05-04 01:32:31', '2020-05-04 01:32:31'),
(3226, '1', 170, NULL, 7, 18, '2020-05-04 01:32:31', '2020-05-04 01:32:31'),
(3227, '1', 171, NULL, 7, 18, '2020-05-04 01:32:31', '2020-05-04 01:32:31'),
(3228, '1', 172, NULL, 7, 18, '2020-05-04 01:32:31', '2020-05-04 01:32:31'),
(3229, '1', 173, NULL, 7, 18, '2020-05-04 01:32:31', '2020-05-04 01:32:31'),
(3230, '1', 174, NULL, 7, 18, '2020-05-04 01:32:31', '2020-05-04 01:32:31'),
(3231, '1', 175, NULL, 7, 18, '2020-05-04 01:32:31', '2020-05-04 01:32:31'),
(3232, '1', 176, NULL, 7, 18, '2020-05-04 01:32:31', '2020-05-04 01:32:31'),
(3233, '1', 177, NULL, 7, 18, '2020-05-04 01:32:31', '2020-05-04 01:32:31'),
(3234, '1', 178, NULL, 7, 18, '2020-05-04 01:32:31', '2020-05-04 01:32:31'),
(3235, '1', 179, NULL, 7, 18, '2020-05-04 01:32:31', '2020-05-04 01:32:31'),
(3236, '1', 180, NULL, 7, 18, '2020-05-04 01:32:31', '2020-05-04 01:32:31'),
(3237, '1', 181, NULL, 7, 18, '2020-05-04 01:32:31', '2020-05-04 01:32:31'),
(3238, '1', 182, NULL, 7, 18, '2020-05-04 01:32:31', '2020-05-04 01:32:31'),
(3239, '1', 183, NULL, 7, 18, '2020-05-04 01:32:31', '2020-05-04 01:32:31'),
(3240, '1', 184, NULL, 7, 18, '2020-05-04 01:32:31', '2020-05-04 01:32:31'),
(3241, '1', 185, NULL, 7, 18, '2020-05-04 01:32:31', '2020-05-04 01:32:31'),
(3242, '1', 186, NULL, 7, 18, '2020-05-04 01:32:31', '2020-05-04 01:32:31'),
(3243, '1', 187, NULL, 7, 18, '2020-05-04 01:32:31', '2020-05-04 01:32:31'),
(3244, '1', 188, NULL, 7, 18, '2020-05-04 01:32:31', '2020-05-04 01:32:31'),
(3245, '1', 189, NULL, 7, 18, '2020-05-04 01:32:31', '2020-05-04 01:32:31'),
(3246, '1', 190, NULL, 7, 18, '2020-05-04 01:32:31', '2020-05-04 01:32:31'),
(3247, '1', 191, NULL, 7, 18, '2020-05-04 01:32:31', '2020-05-04 01:32:31'),
(3248, '1', 192, NULL, 7, 18, '2020-05-04 01:32:31', '2020-05-04 01:32:31'),
(3249, '1', 193, NULL, 7, 18, '2020-05-04 01:32:31', '2020-05-04 01:32:31'),
(3250, '1', 194, NULL, 7, 18, '2020-05-04 01:32:31', '2020-05-04 01:32:31'),
(3251, '1', 195, NULL, 7, 18, '2020-05-04 01:32:31', '2020-05-04 01:32:31'),
(3252, '1', 196, NULL, 7, 18, '2020-05-04 01:32:31', '2020-05-04 01:32:31'),
(3253, '1', 197, NULL, 7, 18, '2020-05-04 01:32:31', '2020-05-04 01:32:31'),
(3254, '1', 198, NULL, 7, 18, '2020-05-04 01:32:31', '2020-05-04 01:32:31'),
(3255, '1', 199, NULL, 7, 18, '2020-05-04 01:32:31', '2020-05-04 01:32:31'),
(3256, '1', 200, NULL, 7, 18, '2020-05-04 01:32:31', '2020-05-04 01:32:31'),
(3257, '1', 201, NULL, 7, 18, '2020-05-04 01:32:31', '2020-05-04 01:32:31'),
(3258, '1', 202, NULL, 7, 18, '2020-05-04 01:32:31', '2020-05-04 01:32:31'),
(3259, '1', 203, NULL, 7, 18, '2020-05-04 01:32:31', '2020-05-04 01:32:31'),
(3260, '1', 204, NULL, 7, 18, '2020-05-04 01:32:31', '2020-05-04 01:32:31'),
(3261, '1', 205, NULL, 7, 18, '2020-05-04 01:32:31', '2020-05-04 01:32:31'),
(3262, '1', 206, NULL, 7, 18, '2020-05-04 01:32:31', '2020-05-04 01:32:31'),
(3263, '1', 207, NULL, 7, 18, '2020-05-04 01:32:31', '2020-05-04 01:32:31'),
(3264, '1', 208, NULL, 7, 18, '2020-05-04 01:32:31', '2020-05-04 01:32:31'),
(3265, '1', 209, NULL, 7, 18, '2020-05-04 01:32:31', '2020-05-04 01:32:31'),
(3266, '1', 210, NULL, 7, 18, '2020-05-04 01:32:31', '2020-05-04 01:32:31'),
(3267, '1', 211, NULL, 7, 18, '2020-05-04 01:32:31', '2020-05-04 01:32:31'),
(3268, '1', 212, NULL, 7, 18, '2020-05-04 01:32:31', '2020-05-04 01:32:31'),
(3269, '1', 1, 1, 1, 19, '2020-05-04 01:39:53', '2020-05-04 01:39:53'),
(3270, '1', 1, 2, 1, 19, '2020-05-04 01:39:53', '2020-05-04 01:39:53'),
(3271, '1', 1, 3, 5, 19, '2020-05-04 01:39:53', '2020-05-04 01:39:53'),
(3272, '1', 2, 1, 1, 19, '2020-05-04 01:39:53', '2020-05-04 01:39:53'),
(3273, '1', 2, 2, 1, 19, '2020-05-04 01:39:53', '2020-05-04 01:39:53'),
(3274, '1', 2, 3, 5, 19, '2020-05-04 01:39:53', '2020-05-04 01:39:53'),
(3275, '1', 3, 1, 1, 19, '2020-05-04 01:39:53', '2020-05-04 01:39:53'),
(3276, '1', 3, 2, 1, 19, '2020-05-04 01:39:53', '2020-05-04 01:39:53'),
(3277, '1', 3, 3, 5, 19, '2020-05-04 01:39:53', '2020-05-04 01:39:53'),
(3278, '1', 4, 1, 4, 19, '2020-05-04 01:39:53', '2020-05-04 01:39:53'),
(3279, '1', 4, 2, 4, 19, '2020-05-04 01:39:53', '2020-05-04 01:39:53'),
(3280, '1', 4, 3, 6, 19, '2020-05-04 01:39:53', '2020-05-04 01:39:53'),
(3281, '1', 5, 1, 4, 19, '2020-05-04 01:39:53', '2020-05-04 01:39:53'),
(3282, '1', 5, 2, 4, 19, '2020-05-04 01:39:53', '2020-05-04 01:39:53'),
(3283, '1', 5, 3, 6, 19, '2020-05-04 01:39:53', '2020-05-04 01:39:53'),
(3284, '1', 6, 1, 4, 19, '2020-05-04 01:39:53', '2020-05-04 01:39:53'),
(3285, '1', 6, 2, 4, 19, '2020-05-04 01:39:53', '2020-05-04 01:39:53'),
(3286, '1', 6, 3, 6, 19, '2020-05-04 01:39:53', '2020-05-04 01:39:53'),
(3287, '1', 7, 1, 4, 19, '2020-05-04 01:39:53', '2020-05-04 01:39:53'),
(3288, '1', 7, 2, 4, 19, '2020-05-04 01:39:53', '2020-05-04 01:39:53'),
(3289, '1', 7, 3, 6, 19, '2020-05-04 01:39:53', '2020-05-04 01:39:53'),
(3290, '1', 8, 1, 4, 19, '2020-05-04 01:39:53', '2020-05-04 01:39:53'),
(3291, '1', 8, 2, 4, 19, '2020-05-04 01:39:53', '2020-05-04 01:39:53'),
(3292, '1', 8, 3, 6, 19, '2020-05-04 01:39:53', '2020-05-04 01:39:53'),
(3293, '1', 9, 1, 4, 19, '2020-05-04 01:39:53', '2020-05-04 01:39:53'),
(3294, '1', 9, 2, 4, 19, '2020-05-04 01:39:53', '2020-05-04 01:39:53'),
(3295, '1', 9, 3, 6, 19, '2020-05-04 01:39:53', '2020-05-04 01:39:53'),
(3296, '1', 10, 1, 4, 19, '2020-05-04 01:39:53', '2020-05-04 01:39:53'),
(3297, '1', 10, 2, 4, 19, '2020-05-04 01:39:53', '2020-05-04 01:39:53'),
(3298, '1', 10, 3, 6, 19, '2020-05-04 01:39:53', '2020-05-04 01:39:53'),
(3299, '1', 11, 1, 4, 19, '2020-05-04 01:39:53', '2020-05-04 01:39:53'),
(3300, '1', 11, 2, 4, 19, '2020-05-04 01:39:53', '2020-05-04 01:39:53'),
(3301, '1', 11, 3, 6, 19, '2020-05-04 01:39:53', '2020-05-04 01:39:53'),
(3302, '1', 12, 1, 4, 19, '2020-05-04 01:39:53', '2020-05-04 01:39:53'),
(3303, '1', 12, 2, 4, 19, '2020-05-04 01:39:53', '2020-05-04 01:39:53'),
(3304, '1', 12, 3, 6, 19, '2020-05-04 01:39:53', '2020-05-04 01:39:53'),
(3305, '1', 13, 1, 4, 19, '2020-05-04 01:39:53', '2020-05-04 01:39:53'),
(3306, '1', 13, 2, 4, 19, '2020-05-04 01:39:53', '2020-05-04 01:39:53'),
(3307, '1', 13, 3, 6, 19, '2020-05-04 01:39:53', '2020-05-04 01:39:53'),
(3308, '1', 14, 1, 4, 19, '2020-05-04 01:39:53', '2020-05-04 01:39:53'),
(3309, '1', 14, 2, 4, 19, '2020-05-04 01:39:53', '2020-05-04 01:39:53'),
(3310, '1', 14, 3, 6, 19, '2020-05-04 01:39:53', '2020-05-04 01:39:53'),
(3311, '1', 15, 1, 4, 19, '2020-05-04 01:39:53', '2020-05-04 01:39:53'),
(3312, '1', 15, 2, 4, 19, '2020-05-04 01:39:53', '2020-05-04 01:39:53'),
(3313, '1', 15, 3, 6, 19, '2020-05-04 01:39:53', '2020-05-04 01:39:53'),
(3314, '1', 16, 1, 4, 19, '2020-05-04 01:39:53', '2020-05-04 01:39:53'),
(3315, '1', 16, 2, 4, 19, '2020-05-04 01:39:53', '2020-05-04 01:39:53'),
(3316, '1', 16, 3, 6, 19, '2020-05-04 01:39:53', '2020-05-04 01:39:53'),
(3317, '1', 17, 1, 4, 19, '2020-05-04 01:39:53', '2020-05-04 01:39:53'),
(3318, '1', 17, 2, 4, 19, '2020-05-04 01:39:53', '2020-05-04 01:39:53'),
(3319, '1', 17, 3, 6, 19, '2020-05-04 01:39:53', '2020-05-04 01:39:53'),
(3320, '1', 18, 1, 4, 19, '2020-05-04 01:39:53', '2020-05-04 01:39:53'),
(3321, '1', 18, 2, 4, 19, '2020-05-04 01:39:53', '2020-05-04 01:39:53'),
(3322, '1', 18, 3, 6, 19, '2020-05-04 01:39:53', '2020-05-04 01:39:53'),
(3323, '1', 19, 1, 4, 19, '2020-05-04 01:39:53', '2020-05-04 01:39:53'),
(3324, '1', 19, 2, 4, 19, '2020-05-04 01:39:53', '2020-05-04 01:39:53'),
(3325, '1', 19, 3, 6, 19, '2020-05-04 01:39:53', '2020-05-04 01:39:53'),
(3326, '1', 20, 1, 4, 19, '2020-05-04 01:39:53', '2020-05-04 01:39:53'),
(3327, '1', 20, 2, 4, 19, '2020-05-04 01:39:53', '2020-05-04 01:39:53'),
(3328, '1', 20, 3, 6, 19, '2020-05-04 01:39:53', '2020-05-04 01:39:53'),
(3329, '1', 21, 1, 4, 19, '2020-05-04 01:39:53', '2020-05-04 01:39:53'),
(3330, '1', 21, 2, 4, 19, '2020-05-04 01:39:53', '2020-05-04 01:39:53'),
(3331, '1', 21, 3, 6, 19, '2020-05-04 01:39:53', '2020-05-04 01:39:53'),
(3332, '1', 22, 1, 4, 19, '2020-05-04 01:39:53', '2020-05-04 01:39:53'),
(3333, '1', 22, 2, 4, 19, '2020-05-04 01:39:53', '2020-05-04 01:39:53'),
(3334, '1', 22, 3, 6, 19, '2020-05-04 01:39:53', '2020-05-04 01:39:53'),
(3335, '1', 23, 1, 4, 19, '2020-05-04 01:39:53', '2020-05-04 01:39:53'),
(3336, '1', 23, 2, 4, 19, '2020-05-04 01:39:53', '2020-05-04 01:39:53'),
(3337, '1', 23, 3, 6, 19, '2020-05-04 01:39:53', '2020-05-04 01:39:53'),
(3338, '1', 24, 1, 4, 19, '2020-05-04 01:39:53', '2020-05-04 01:39:53'),
(3339, '1', 24, 2, 4, 19, '2020-05-04 01:39:53', '2020-05-04 01:39:53'),
(3340, '1', 24, 3, 6, 19, '2020-05-04 01:39:53', '2020-05-04 01:39:53'),
(3341, '1', 25, 1, 4, 19, '2020-05-04 01:39:53', '2020-05-04 01:39:53'),
(3342, '1', 25, 2, 4, 19, '2020-05-04 01:39:53', '2020-05-04 01:39:53'),
(3343, '1', 25, 3, 6, 19, '2020-05-04 01:39:53', '2020-05-04 01:39:53'),
(3344, '1', 26, 1, 4, 19, '2020-05-04 01:39:53', '2020-05-04 01:39:53'),
(3345, '1', 26, 2, 4, 19, '2020-05-04 01:39:53', '2020-05-04 01:39:53'),
(3346, '1', 26, 3, 6, 19, '2020-05-04 01:39:53', '2020-05-04 01:39:53'),
(3347, '1', 27, 1, 4, 19, '2020-05-04 01:39:53', '2020-05-04 01:39:53'),
(3348, '1', 27, 2, 4, 19, '2020-05-04 01:39:53', '2020-05-04 01:39:53'),
(3349, '1', 27, 3, 6, 19, '2020-05-04 01:39:53', '2020-05-04 01:39:53'),
(3350, '1', 28, 1, 4, 19, '2020-05-04 01:39:53', '2020-05-04 01:39:53'),
(3351, '1', 28, 2, 4, 19, '2020-05-04 01:39:53', '2020-05-04 01:39:53'),
(3352, '1', 28, 3, 6, 19, '2020-05-04 01:39:53', '2020-05-04 01:39:53'),
(3353, '1', 29, 1, 4, 19, '2020-05-04 01:39:53', '2020-05-04 01:39:53'),
(3354, '1', 29, 2, 4, 19, '2020-05-04 01:39:53', '2020-05-04 01:39:53'),
(3355, '1', 29, 3, 6, 19, '2020-05-04 01:39:53', '2020-05-04 01:39:53'),
(3356, '1', 30, 1, 4, 19, '2020-05-04 01:39:53', '2020-05-04 01:39:53'),
(3357, '1', 30, 2, 4, 19, '2020-05-04 01:39:53', '2020-05-04 01:39:53'),
(3358, '1', 30, 3, 6, 19, '2020-05-04 01:39:53', '2020-05-04 01:39:53'),
(3359, '1', 31, 1, 4, 19, '2020-05-04 01:39:53', '2020-05-04 01:39:53'),
(3360, '1', 31, 2, 4, 19, '2020-05-04 01:39:53', '2020-05-04 01:39:53'),
(3361, '1', 31, 3, 6, 19, '2020-05-04 01:39:53', '2020-05-04 01:39:53'),
(3362, '1', 32, 1, 4, 19, '2020-05-04 01:39:53', '2020-05-04 01:39:53'),
(3363, '1', 32, 2, 4, 19, '2020-05-04 01:39:53', '2020-05-04 01:39:53'),
(3364, '1', 32, 3, 6, 19, '2020-05-04 01:39:53', '2020-05-04 01:39:53'),
(3365, '1', 33, 1, 4, 19, '2020-05-04 01:39:53', '2020-05-04 01:39:53'),
(3366, '1', 33, 2, 4, 19, '2020-05-04 01:39:53', '2020-05-04 01:39:53'),
(3367, '1', 33, 3, 6, 19, '2020-05-04 01:39:53', '2020-05-04 01:39:53'),
(3368, '1', 34, 1, 4, 19, '2020-05-04 01:39:53', '2020-05-04 01:39:53'),
(3369, '1', 34, 2, 4, 19, '2020-05-04 01:39:53', '2020-05-04 01:39:53'),
(3370, '1', 34, 3, 6, 19, '2020-05-04 01:39:53', '2020-05-04 01:39:53'),
(3371, '1', 35, 1, 4, 19, '2020-05-04 01:39:53', '2020-05-04 01:39:53'),
(3372, '1', 35, 2, 4, 19, '2020-05-04 01:39:53', '2020-05-04 01:39:53'),
(3373, '1', 35, 3, 6, 19, '2020-05-04 01:39:53', '2020-05-04 01:39:53'),
(3374, '1', 36, 1, 4, 19, '2020-05-04 01:39:53', '2020-05-04 01:39:53'),
(3375, '1', 36, 2, 4, 19, '2020-05-04 01:39:53', '2020-05-04 01:39:53'),
(3376, '1', 36, 3, 6, 19, '2020-05-04 01:39:53', '2020-05-04 01:39:53'),
(3377, '1', 37, 1, 4, 19, '2020-05-04 01:39:53', '2020-05-04 01:39:53'),
(3378, '1', 37, 2, 4, 19, '2020-05-04 01:39:53', '2020-05-04 01:39:53'),
(3379, '1', 37, 3, 6, 19, '2020-05-04 01:39:53', '2020-05-04 01:39:53'),
(3380, '1', 38, 1, 4, 19, '2020-05-04 01:39:53', '2020-05-04 01:39:53'),
(3381, '1', 38, 2, 4, 19, '2020-05-04 01:39:53', '2020-05-04 01:39:53'),
(3382, '1', 38, 3, 6, 19, '2020-05-04 01:39:53', '2020-05-04 01:39:53'),
(3383, '1', 39, 1, 4, 19, '2020-05-04 01:39:53', '2020-05-04 01:39:53'),
(3384, '1', 39, 2, 4, 19, '2020-05-04 01:39:53', '2020-05-04 01:39:53'),
(3385, '1', 39, 3, 6, 19, '2020-05-04 01:39:53', '2020-05-04 01:39:53'),
(3386, '1', 40, 1, 4, 19, '2020-05-04 01:39:53', '2020-05-04 01:39:53'),
(3387, '1', 40, 2, 4, 19, '2020-05-04 01:39:53', '2020-05-04 01:39:53'),
(3388, '1', 40, 3, 6, 19, '2020-05-04 01:39:53', '2020-05-04 01:39:53'),
(3389, '1', 41, 1, 4, 19, '2020-05-04 01:39:53', '2020-05-04 01:39:53'),
(3390, '1', 41, 2, 4, 19, '2020-05-04 01:39:53', '2020-05-04 01:39:53'),
(3391, '1', 41, 3, 6, 19, '2020-05-04 01:39:53', '2020-05-04 01:39:53'),
(3392, '1', 42, 1, 4, 19, '2020-05-04 01:39:53', '2020-05-04 01:39:53'),
(3393, '1', 42, 2, 4, 19, '2020-05-04 01:39:53', '2020-05-04 01:39:53'),
(3394, '1', 42, 3, 6, 19, '2020-05-04 01:39:53', '2020-05-04 01:39:53'),
(3395, '1', 43, 1, 4, 19, '2020-05-04 01:39:53', '2020-05-04 01:39:53'),
(3396, '1', 43, 2, 4, 19, '2020-05-04 01:39:53', '2020-05-04 01:39:53'),
(3397, '1', 43, 3, 6, 19, '2020-05-04 01:39:53', '2020-05-04 01:39:53'),
(3398, '1', 44, 1, 4, 19, '2020-05-04 01:39:53', '2020-05-04 01:39:53'),
(3399, '1', 44, 2, 4, 19, '2020-05-04 01:39:53', '2020-05-04 01:39:53'),
(3400, '1', 44, 3, 6, 19, '2020-05-04 01:39:53', '2020-05-04 01:39:53'),
(3401, '1', 45, 1, 4, 19, '2020-05-04 01:39:53', '2020-05-04 01:39:53'),
(3402, '1', 45, 2, 4, 19, '2020-05-04 01:39:53', '2020-05-04 01:39:53'),
(3403, '1', 45, 3, 6, 19, '2020-05-04 01:39:53', '2020-05-04 01:39:53'),
(3404, '1', 46, 1, 4, 19, '2020-05-04 01:39:53', '2020-05-04 01:39:53'),
(3405, '1', 46, 2, 4, 19, '2020-05-04 01:39:53', '2020-05-04 01:39:53'),
(3406, '1', 46, 3, 6, 19, '2020-05-04 01:39:53', '2020-05-04 01:39:53'),
(3407, '1', 47, 1, 4, 19, '2020-05-04 01:39:53', '2020-05-04 01:39:53'),
(3408, '1', 47, 2, 4, 19, '2020-05-04 01:39:53', '2020-05-04 01:39:53'),
(3409, '1', 47, 3, 6, 19, '2020-05-04 01:39:53', '2020-05-04 01:39:53'),
(3410, '1', 48, 1, 4, 19, '2020-05-04 01:39:53', '2020-05-04 01:39:53'),
(3411, '1', 48, 2, 4, 19, '2020-05-04 01:39:53', '2020-05-04 01:39:53'),
(3412, '1', 48, 3, 6, 19, '2020-05-04 01:39:53', '2020-05-04 01:39:53'),
(3413, '1', 49, 1, 4, 19, '2020-05-04 01:39:53', '2020-05-04 01:39:53'),
(3414, '1', 49, 2, 4, 19, '2020-05-04 01:39:53', '2020-05-04 01:39:53'),
(3415, '1', 49, 3, 6, 19, '2020-05-04 01:39:53', '2020-05-04 01:39:53'),
(3416, '1', 50, 1, 4, 19, '2020-05-04 01:39:53', '2020-05-04 01:39:53'),
(3417, '1', 50, 2, 4, 19, '2020-05-04 01:39:53', '2020-05-04 01:39:53'),
(3418, '1', 50, 3, 6, 19, '2020-05-04 01:39:53', '2020-05-04 01:39:53'),
(3419, '1', 51, 1, 4, 19, '2020-05-04 01:39:53', '2020-05-04 01:39:53'),
(3420, '1', 51, 2, 4, 19, '2020-05-04 01:39:53', '2020-05-04 01:39:53'),
(3421, '1', 51, 3, 6, 19, '2020-05-04 01:39:53', '2020-05-04 01:39:53'),
(3422, '1', 52, 1, 4, 19, '2020-05-04 01:39:53', '2020-05-04 01:39:53'),
(3423, '1', 52, 2, 4, 19, '2020-05-04 01:39:53', '2020-05-04 01:39:53'),
(3424, '1', 52, 3, 6, 19, '2020-05-04 01:39:53', '2020-05-04 01:39:53'),
(3425, '1', 53, 1, 4, 19, '2020-05-04 01:39:53', '2020-05-04 01:39:53'),
(3426, '1', 53, 2, 4, 19, '2020-05-04 01:39:53', '2020-05-04 01:39:53'),
(3427, '1', 53, 3, 6, 19, '2020-05-04 01:39:53', '2020-05-04 01:39:53'),
(3428, '1', 54, 1, 4, 19, '2020-05-04 01:39:53', '2020-05-04 01:39:53'),
(3429, '1', 54, 2, 4, 19, '2020-05-04 01:39:53', '2020-05-04 01:39:53'),
(3430, '1', 54, 3, 6, 19, '2020-05-04 01:39:53', '2020-05-04 01:39:53'),
(3431, '1', 55, 1, 4, 19, '2020-05-04 01:39:53', '2020-05-04 01:39:53'),
(3432, '1', 55, 2, 4, 19, '2020-05-04 01:39:53', '2020-05-04 01:39:53'),
(3433, '1', 55, 3, 6, 19, '2020-05-04 01:39:53', '2020-05-04 01:39:53'),
(3434, '1', 56, 1, 4, 19, '2020-05-04 01:39:53', '2020-05-04 01:39:53'),
(3435, '1', 56, 2, 4, 19, '2020-05-04 01:39:53', '2020-05-04 01:39:53'),
(3436, '1', 56, 3, 6, 19, '2020-05-04 01:39:53', '2020-05-04 01:39:53'),
(3437, '1', 57, 1, 4, 19, '2020-05-04 01:39:53', '2020-05-04 01:39:53'),
(3438, '1', 57, 2, 4, 19, '2020-05-04 01:39:53', '2020-05-04 01:39:53'),
(3439, '1', 57, 3, 6, 19, '2020-05-04 01:39:53', '2020-05-04 01:39:53'),
(3440, '1', 58, 1, 4, 19, '2020-05-04 01:39:53', '2020-05-04 01:39:53'),
(3441, '1', 58, 2, 4, 19, '2020-05-04 01:39:53', '2020-05-04 01:39:53'),
(3442, '1', 58, 3, 6, 19, '2020-05-04 01:39:53', '2020-05-04 01:39:53'),
(3443, '1', 59, 1, 4, 19, '2020-05-04 01:39:53', '2020-05-04 01:39:53'),
(3444, '1', 59, 2, 4, 19, '2020-05-04 01:39:53', '2020-05-04 01:39:53'),
(3445, '1', 59, 3, 6, 19, '2020-05-04 01:39:53', '2020-05-04 01:39:53'),
(3446, '1', 60, 1, 4, 19, '2020-05-04 01:39:53', '2020-05-04 01:39:53'),
(3447, '1', 60, 2, 4, 19, '2020-05-04 01:39:53', '2020-05-04 01:39:53'),
(3448, '1', 60, 3, 6, 19, '2020-05-04 01:39:53', '2020-05-04 01:39:53'),
(3449, '1', 61, 1, 4, 19, '2020-05-04 01:39:53', '2020-05-04 01:39:53'),
(3450, '1', 61, 2, 4, 19, '2020-05-04 01:39:53', '2020-05-04 01:39:53'),
(3451, '1', 61, 3, 6, 19, '2020-05-04 01:39:53', '2020-05-04 01:39:53'),
(3452, '1', 62, 1, 4, 19, '2020-05-04 01:39:53', '2020-05-04 01:39:53'),
(3453, '1', 62, 2, 4, 19, '2020-05-04 01:39:53', '2020-05-04 01:39:53'),
(3454, '1', 62, 3, 6, 19, '2020-05-04 01:39:53', '2020-05-04 01:39:53'),
(3455, '1', 63, 1, 4, 19, '2020-05-04 01:39:53', '2020-05-04 01:39:53'),
(3456, '1', 63, 2, 4, 19, '2020-05-04 01:39:53', '2020-05-04 01:39:53'),
(3457, '1', 63, 3, 6, 19, '2020-05-04 01:39:53', '2020-05-04 01:39:53'),
(3458, '1', 64, 1, 4, 19, '2020-05-04 01:39:53', '2020-05-04 01:39:53'),
(3459, '1', 64, 2, 4, 19, '2020-05-04 01:39:53', '2020-05-04 01:39:53'),
(3460, '1', 64, 3, 6, 19, '2020-05-04 01:39:53', '2020-05-04 01:39:53'),
(3461, '1', 65, 1, 4, 19, '2020-05-04 01:39:53', '2020-05-04 01:39:53'),
(3462, '1', 65, 2, 4, 19, '2020-05-04 01:39:53', '2020-05-04 01:39:53'),
(3463, '1', 65, 3, 6, 19, '2020-05-04 01:39:53', '2020-05-04 01:39:53'),
(3464, '1', 66, 1, 4, 19, '2020-05-04 01:39:53', '2020-05-04 01:39:53'),
(3465, '1', 66, 2, 4, 19, '2020-05-04 01:39:53', '2020-05-04 01:39:53'),
(3466, '1', 66, 3, 6, 19, '2020-05-04 01:39:53', '2020-05-04 01:39:53'),
(3467, '1', 67, 1, 4, 19, '2020-05-04 01:39:53', '2020-05-04 01:39:53'),
(3468, '1', 67, 2, 4, 19, '2020-05-04 01:39:53', '2020-05-04 01:39:53'),
(3469, '1', 67, 3, 6, 19, '2020-05-04 01:39:53', '2020-05-04 01:39:53'),
(3470, '1', 68, 1, 4, 19, '2020-05-04 01:39:53', '2020-05-04 01:39:53'),
(3471, '1', 68, 2, 4, 19, '2020-05-04 01:39:53', '2020-05-04 01:39:53'),
(3472, '1', 68, 3, 6, 19, '2020-05-04 01:39:53', '2020-05-04 01:39:53'),
(3473, '1', 69, 1, 4, 19, '2020-05-04 01:39:53', '2020-05-04 01:39:53'),
(3474, '1', 69, 2, 4, 19, '2020-05-04 01:39:53', '2020-05-04 01:39:53'),
(3475, '1', 69, 3, 6, 19, '2020-05-04 01:39:53', '2020-05-04 01:39:53');
INSERT INTO `encuesta_respuesta` (`id`, `estado`, `pregunta_id`, `subpregunta_id`, `respuesta_id`, `encuesta_puntaje_id`, `created_at`, `updated_at`) VALUES
(3476, '1', 70, 1, 4, 19, '2020-05-04 01:39:53', '2020-05-04 01:39:53'),
(3477, '1', 70, 2, 4, 19, '2020-05-04 01:39:53', '2020-05-04 01:39:53'),
(3478, '1', 70, 3, 6, 19, '2020-05-04 01:39:53', '2020-05-04 01:39:53'),
(3479, '1', 71, 1, 4, 19, '2020-05-04 01:39:53', '2020-05-04 01:39:53'),
(3480, '1', 71, 2, 4, 19, '2020-05-04 01:39:53', '2020-05-04 01:39:53'),
(3481, '1', 71, 3, 6, 19, '2020-05-04 01:39:53', '2020-05-04 01:39:53'),
(3482, '1', 72, 1, 1, 19, '2020-05-04 01:39:53', '2020-05-04 01:39:53'),
(3483, '1', 72, 2, 1, 19, '2020-05-04 01:39:53', '2020-05-04 01:39:53'),
(3484, '1', 72, 3, 5, 19, '2020-05-04 01:39:53', '2020-05-04 01:39:53'),
(3485, '1', 73, 1, 1, 19, '2020-05-04 01:39:53', '2020-05-04 01:39:53'),
(3486, '1', 73, 2, 1, 19, '2020-05-04 01:39:53', '2020-05-04 01:39:53'),
(3487, '1', 73, 3, 5, 19, '2020-05-04 01:39:53', '2020-05-04 01:39:53'),
(3488, '1', 74, 1, 1, 19, '2020-05-04 01:39:53', '2020-05-04 01:39:53'),
(3489, '1', 74, 2, 1, 19, '2020-05-04 01:39:53', '2020-05-04 01:39:53'),
(3490, '1', 74, 3, 5, 19, '2020-05-04 01:39:53', '2020-05-04 01:39:53'),
(3491, '1', 75, 1, 1, 19, '2020-05-04 01:39:53', '2020-05-04 01:39:53'),
(3492, '1', 75, 2, 1, 19, '2020-05-04 01:39:53', '2020-05-04 01:39:53'),
(3493, '1', 75, 3, 5, 19, '2020-05-04 01:39:53', '2020-05-04 01:39:53'),
(3494, '1', 76, 1, 1, 19, '2020-05-04 01:39:53', '2020-05-04 01:39:53'),
(3495, '1', 76, 2, 1, 19, '2020-05-04 01:39:53', '2020-05-04 01:39:53'),
(3496, '1', 76, 3, 5, 19, '2020-05-04 01:39:53', '2020-05-04 01:39:53'),
(3497, '1', 77, 1, 1, 19, '2020-05-04 01:39:53', '2020-05-04 01:39:53'),
(3498, '1', 77, 2, 1, 19, '2020-05-04 01:39:53', '2020-05-04 01:39:53'),
(3499, '1', 77, 3, 5, 19, '2020-05-04 01:39:53', '2020-05-04 01:39:53'),
(3500, '1', 78, 1, 1, 19, '2020-05-04 01:39:53', '2020-05-04 01:39:53'),
(3501, '1', 78, 2, 1, 19, '2020-05-04 01:39:53', '2020-05-04 01:39:53'),
(3502, '1', 78, 3, 5, 19, '2020-05-04 01:39:53', '2020-05-04 01:39:53'),
(3503, '1', 79, 1, 1, 19, '2020-05-04 01:39:53', '2020-05-04 01:39:53'),
(3504, '1', 79, 2, 1, 19, '2020-05-04 01:39:53', '2020-05-04 01:39:53'),
(3505, '1', 79, 3, 5, 19, '2020-05-04 01:39:53', '2020-05-04 01:39:53'),
(3506, '1', 80, 1, 1, 19, '2020-05-04 01:39:53', '2020-05-04 01:39:53'),
(3507, '1', 80, 2, 1, 19, '2020-05-04 01:39:53', '2020-05-04 01:39:53'),
(3508, '1', 80, 3, 5, 19, '2020-05-04 01:39:53', '2020-05-04 01:39:53'),
(3509, '1', 81, 1, 1, 19, '2020-05-04 01:39:53', '2020-05-04 01:39:53'),
(3510, '1', 81, 2, 1, 19, '2020-05-04 01:39:53', '2020-05-04 01:39:53'),
(3511, '1', 81, 3, 5, 19, '2020-05-04 01:39:53', '2020-05-04 01:39:53'),
(3512, '1', 82, 1, 1, 19, '2020-05-04 01:39:53', '2020-05-04 01:39:53'),
(3513, '1', 82, 2, 1, 19, '2020-05-04 01:39:53', '2020-05-04 01:39:53'),
(3514, '1', 82, 3, 5, 19, '2020-05-04 01:39:53', '2020-05-04 01:39:53'),
(3515, '1', 1, 1, 1, 20, '2020-05-04 01:41:30', '2020-05-04 01:41:30'),
(3516, '1', 1, 2, 1, 20, '2020-05-04 01:41:30', '2020-05-04 01:41:30'),
(3517, '1', 1, 3, 5, 20, '2020-05-04 01:41:30', '2020-05-04 01:41:30'),
(3518, '1', 2, 1, 1, 20, '2020-05-04 01:41:30', '2020-05-04 01:41:30'),
(3519, '1', 2, 2, 1, 20, '2020-05-04 01:41:30', '2020-05-04 01:41:30'),
(3520, '1', 2, 3, 5, 20, '2020-05-04 01:41:30', '2020-05-04 01:41:30'),
(3521, '1', 3, 1, 1, 20, '2020-05-04 01:41:30', '2020-05-04 01:41:30'),
(3522, '1', 3, 2, 1, 20, '2020-05-04 01:41:30', '2020-05-04 01:41:30'),
(3523, '1', 3, 3, 5, 20, '2020-05-04 01:41:30', '2020-05-04 01:41:30'),
(3524, '1', 4, 1, 1, 20, '2020-05-04 01:41:30', '2020-05-04 01:41:30'),
(3525, '1', 4, 2, 1, 20, '2020-05-04 01:41:30', '2020-05-04 01:41:30'),
(3526, '1', 4, 3, 5, 20, '2020-05-04 01:41:30', '2020-05-04 01:41:30'),
(3527, '1', 5, 1, 1, 20, '2020-05-04 01:41:30', '2020-05-04 01:41:30'),
(3528, '1', 5, 2, 1, 20, '2020-05-04 01:41:30', '2020-05-04 01:41:30'),
(3529, '1', 5, 3, 5, 20, '2020-05-04 01:41:30', '2020-05-04 01:41:30'),
(3530, '1', 6, 1, 1, 20, '2020-05-04 01:41:30', '2020-05-04 01:41:30'),
(3531, '1', 6, 2, 1, 20, '2020-05-04 01:41:30', '2020-05-04 01:41:30'),
(3532, '1', 6, 3, 5, 20, '2020-05-04 01:41:30', '2020-05-04 01:41:30'),
(3533, '1', 7, 1, 1, 20, '2020-05-04 01:41:30', '2020-05-04 01:41:30'),
(3534, '1', 7, 2, 1, 20, '2020-05-04 01:41:30', '2020-05-04 01:41:30'),
(3535, '1', 7, 3, 5, 20, '2020-05-04 01:41:30', '2020-05-04 01:41:30'),
(3536, '1', 8, 1, 1, 20, '2020-05-04 01:41:30', '2020-05-04 01:41:30'),
(3537, '1', 8, 2, 1, 20, '2020-05-04 01:41:30', '2020-05-04 01:41:30'),
(3538, '1', 8, 3, 5, 20, '2020-05-04 01:41:30', '2020-05-04 01:41:30'),
(3539, '1', 9, 1, 1, 20, '2020-05-04 01:41:30', '2020-05-04 01:41:30'),
(3540, '1', 9, 2, 1, 20, '2020-05-04 01:41:30', '2020-05-04 01:41:30'),
(3541, '1', 9, 3, 5, 20, '2020-05-04 01:41:30', '2020-05-04 01:41:30'),
(3542, '1', 10, 1, 1, 20, '2020-05-04 01:41:30', '2020-05-04 01:41:30'),
(3543, '1', 10, 2, 1, 20, '2020-05-04 01:41:30', '2020-05-04 01:41:30'),
(3544, '1', 10, 3, 5, 20, '2020-05-04 01:41:30', '2020-05-04 01:41:30'),
(3545, '1', 11, 1, 1, 20, '2020-05-04 01:41:30', '2020-05-04 01:41:30'),
(3546, '1', 11, 2, 1, 20, '2020-05-04 01:41:30', '2020-05-04 01:41:30'),
(3547, '1', 11, 3, 5, 20, '2020-05-04 01:41:30', '2020-05-04 01:41:30'),
(3548, '1', 12, 1, 1, 20, '2020-05-04 01:41:30', '2020-05-04 01:41:30'),
(3549, '1', 12, 2, 1, 20, '2020-05-04 01:41:30', '2020-05-04 01:41:30'),
(3550, '1', 12, 3, 5, 20, '2020-05-04 01:41:30', '2020-05-04 01:41:30'),
(3551, '1', 13, 1, 1, 20, '2020-05-04 01:41:30', '2020-05-04 01:41:30'),
(3552, '1', 13, 2, 1, 20, '2020-05-04 01:41:30', '2020-05-04 01:41:30'),
(3553, '1', 13, 3, 5, 20, '2020-05-04 01:41:30', '2020-05-04 01:41:30'),
(3554, '1', 14, 1, 1, 20, '2020-05-04 01:41:30', '2020-05-04 01:41:30'),
(3555, '1', 14, 2, 1, 20, '2020-05-04 01:41:30', '2020-05-04 01:41:30'),
(3556, '1', 14, 3, 5, 20, '2020-05-04 01:41:30', '2020-05-04 01:41:30'),
(3557, '1', 15, 1, 1, 20, '2020-05-04 01:41:30', '2020-05-04 01:41:30'),
(3558, '1', 15, 2, 1, 20, '2020-05-04 01:41:30', '2020-05-04 01:41:30'),
(3559, '1', 15, 3, 5, 20, '2020-05-04 01:41:30', '2020-05-04 01:41:30'),
(3560, '1', 16, 1, 1, 20, '2020-05-04 01:41:30', '2020-05-04 01:41:30'),
(3561, '1', 16, 2, 1, 20, '2020-05-04 01:41:30', '2020-05-04 01:41:30'),
(3562, '1', 16, 3, 5, 20, '2020-05-04 01:41:30', '2020-05-04 01:41:30'),
(3563, '1', 17, 1, 1, 20, '2020-05-04 01:41:30', '2020-05-04 01:41:30'),
(3564, '1', 17, 2, 1, 20, '2020-05-04 01:41:30', '2020-05-04 01:41:30'),
(3565, '1', 17, 3, 5, 20, '2020-05-04 01:41:30', '2020-05-04 01:41:30'),
(3566, '1', 18, 1, 1, 20, '2020-05-04 01:41:30', '2020-05-04 01:41:30'),
(3567, '1', 18, 2, 1, 20, '2020-05-04 01:41:30', '2020-05-04 01:41:30'),
(3568, '1', 18, 3, 5, 20, '2020-05-04 01:41:30', '2020-05-04 01:41:30'),
(3569, '1', 19, 1, 1, 20, '2020-05-04 01:41:30', '2020-05-04 01:41:30'),
(3570, '1', 19, 2, 1, 20, '2020-05-04 01:41:30', '2020-05-04 01:41:30'),
(3571, '1', 19, 3, 5, 20, '2020-05-04 01:41:30', '2020-05-04 01:41:30'),
(3572, '1', 20, 1, 1, 20, '2020-05-04 01:41:30', '2020-05-04 01:41:30'),
(3573, '1', 20, 2, 1, 20, '2020-05-04 01:41:30', '2020-05-04 01:41:30'),
(3574, '1', 20, 3, 5, 20, '2020-05-04 01:41:30', '2020-05-04 01:41:30'),
(3575, '1', 21, 1, 1, 20, '2020-05-04 01:41:30', '2020-05-04 01:41:30'),
(3576, '1', 21, 2, 1, 20, '2020-05-04 01:41:30', '2020-05-04 01:41:30'),
(3577, '1', 21, 3, 5, 20, '2020-05-04 01:41:30', '2020-05-04 01:41:30'),
(3578, '1', 22, 1, 1, 20, '2020-05-04 01:41:30', '2020-05-04 01:41:30'),
(3579, '1', 22, 2, 1, 20, '2020-05-04 01:41:30', '2020-05-04 01:41:30'),
(3580, '1', 22, 3, 5, 20, '2020-05-04 01:41:30', '2020-05-04 01:41:30'),
(3581, '1', 23, 1, 1, 20, '2020-05-04 01:41:30', '2020-05-04 01:41:30'),
(3582, '1', 23, 2, 1, 20, '2020-05-04 01:41:30', '2020-05-04 01:41:30'),
(3583, '1', 23, 3, 5, 20, '2020-05-04 01:41:30', '2020-05-04 01:41:30'),
(3584, '1', 24, 1, 1, 20, '2020-05-04 01:41:30', '2020-05-04 01:41:30'),
(3585, '1', 24, 2, 1, 20, '2020-05-04 01:41:30', '2020-05-04 01:41:30'),
(3586, '1', 24, 3, 5, 20, '2020-05-04 01:41:30', '2020-05-04 01:41:30'),
(3587, '1', 25, 1, 1, 20, '2020-05-04 01:41:30', '2020-05-04 01:41:30'),
(3588, '1', 25, 2, 1, 20, '2020-05-04 01:41:30', '2020-05-04 01:41:30'),
(3589, '1', 25, 3, 5, 20, '2020-05-04 01:41:30', '2020-05-04 01:41:30'),
(3590, '1', 26, 1, 1, 20, '2020-05-04 01:41:30', '2020-05-04 01:41:30'),
(3591, '1', 26, 2, 1, 20, '2020-05-04 01:41:30', '2020-05-04 01:41:30'),
(3592, '1', 26, 3, 5, 20, '2020-05-04 01:41:30', '2020-05-04 01:41:30'),
(3593, '1', 27, 1, 1, 20, '2020-05-04 01:41:30', '2020-05-04 01:41:30'),
(3594, '1', 27, 2, 1, 20, '2020-05-04 01:41:30', '2020-05-04 01:41:30'),
(3595, '1', 27, 3, 5, 20, '2020-05-04 01:41:30', '2020-05-04 01:41:30'),
(3596, '1', 28, 1, 1, 20, '2020-05-04 01:41:30', '2020-05-04 01:41:30'),
(3597, '1', 28, 2, 1, 20, '2020-05-04 01:41:30', '2020-05-04 01:41:30'),
(3598, '1', 28, 3, 5, 20, '2020-05-04 01:41:30', '2020-05-04 01:41:30'),
(3599, '1', 29, 1, 1, 20, '2020-05-04 01:41:30', '2020-05-04 01:41:30'),
(3600, '1', 29, 2, 1, 20, '2020-05-04 01:41:30', '2020-05-04 01:41:30'),
(3601, '1', 29, 3, 5, 20, '2020-05-04 01:41:30', '2020-05-04 01:41:30'),
(3602, '1', 30, 1, 1, 20, '2020-05-04 01:41:30', '2020-05-04 01:41:30'),
(3603, '1', 30, 2, 1, 20, '2020-05-04 01:41:30', '2020-05-04 01:41:30'),
(3604, '1', 30, 3, 5, 20, '2020-05-04 01:41:30', '2020-05-04 01:41:30'),
(3605, '1', 31, 1, 1, 20, '2020-05-04 01:41:30', '2020-05-04 01:41:30'),
(3606, '1', 31, 2, 1, 20, '2020-05-04 01:41:30', '2020-05-04 01:41:30'),
(3607, '1', 31, 3, 5, 20, '2020-05-04 01:41:30', '2020-05-04 01:41:30'),
(3608, '1', 32, 1, 1, 20, '2020-05-04 01:41:30', '2020-05-04 01:41:30'),
(3609, '1', 32, 2, 1, 20, '2020-05-04 01:41:30', '2020-05-04 01:41:30'),
(3610, '1', 32, 3, 5, 20, '2020-05-04 01:41:30', '2020-05-04 01:41:30'),
(3611, '1', 33, 1, 1, 20, '2020-05-04 01:41:30', '2020-05-04 01:41:30'),
(3612, '1', 33, 2, 1, 20, '2020-05-04 01:41:30', '2020-05-04 01:41:30'),
(3613, '1', 33, 3, 5, 20, '2020-05-04 01:41:30', '2020-05-04 01:41:30'),
(3614, '1', 34, 1, 1, 20, '2020-05-04 01:41:30', '2020-05-04 01:41:30'),
(3615, '1', 34, 2, 1, 20, '2020-05-04 01:41:30', '2020-05-04 01:41:30'),
(3616, '1', 34, 3, 5, 20, '2020-05-04 01:41:30', '2020-05-04 01:41:30'),
(3617, '1', 35, 1, 1, 20, '2020-05-04 01:41:30', '2020-05-04 01:41:30'),
(3618, '1', 35, 2, 1, 20, '2020-05-04 01:41:30', '2020-05-04 01:41:30'),
(3619, '1', 35, 3, 5, 20, '2020-05-04 01:41:30', '2020-05-04 01:41:30'),
(3620, '1', 36, 1, 1, 20, '2020-05-04 01:41:30', '2020-05-04 01:41:30'),
(3621, '1', 36, 2, 1, 20, '2020-05-04 01:41:30', '2020-05-04 01:41:30'),
(3622, '1', 36, 3, 5, 20, '2020-05-04 01:41:30', '2020-05-04 01:41:30'),
(3623, '1', 37, 1, 1, 20, '2020-05-04 01:41:30', '2020-05-04 01:41:30'),
(3624, '1', 37, 2, 1, 20, '2020-05-04 01:41:30', '2020-05-04 01:41:30'),
(3625, '1', 37, 3, 5, 20, '2020-05-04 01:41:30', '2020-05-04 01:41:30'),
(3626, '1', 38, 1, 1, 20, '2020-05-04 01:41:30', '2020-05-04 01:41:30'),
(3627, '1', 38, 2, 1, 20, '2020-05-04 01:41:30', '2020-05-04 01:41:30'),
(3628, '1', 38, 3, 5, 20, '2020-05-04 01:41:30', '2020-05-04 01:41:30'),
(3629, '1', 39, 1, 1, 20, '2020-05-04 01:41:30', '2020-05-04 01:41:30'),
(3630, '1', 39, 2, 1, 20, '2020-05-04 01:41:30', '2020-05-04 01:41:30'),
(3631, '1', 39, 3, 5, 20, '2020-05-04 01:41:30', '2020-05-04 01:41:30'),
(3632, '1', 40, 1, 1, 20, '2020-05-04 01:41:30', '2020-05-04 01:41:30'),
(3633, '1', 40, 2, 1, 20, '2020-05-04 01:41:30', '2020-05-04 01:41:30'),
(3634, '1', 40, 3, 5, 20, '2020-05-04 01:41:30', '2020-05-04 01:41:30'),
(3635, '1', 41, 1, 1, 20, '2020-05-04 01:41:30', '2020-05-04 01:41:30'),
(3636, '1', 41, 2, 1, 20, '2020-05-04 01:41:30', '2020-05-04 01:41:30'),
(3637, '1', 41, 3, 5, 20, '2020-05-04 01:41:30', '2020-05-04 01:41:30'),
(3638, '1', 42, 1, 1, 20, '2020-05-04 01:41:30', '2020-05-04 01:41:30'),
(3639, '1', 42, 2, 1, 20, '2020-05-04 01:41:30', '2020-05-04 01:41:30'),
(3640, '1', 42, 3, 5, 20, '2020-05-04 01:41:30', '2020-05-04 01:41:30'),
(3641, '1', 43, 1, 1, 20, '2020-05-04 01:41:30', '2020-05-04 01:41:30'),
(3642, '1', 43, 2, 1, 20, '2020-05-04 01:41:30', '2020-05-04 01:41:30'),
(3643, '1', 43, 3, 5, 20, '2020-05-04 01:41:30', '2020-05-04 01:41:30'),
(3644, '1', 44, 1, 1, 20, '2020-05-04 01:41:30', '2020-05-04 01:41:30'),
(3645, '1', 44, 2, 1, 20, '2020-05-04 01:41:30', '2020-05-04 01:41:30'),
(3646, '1', 44, 3, 5, 20, '2020-05-04 01:41:30', '2020-05-04 01:41:30'),
(3647, '1', 45, 1, 1, 20, '2020-05-04 01:41:30', '2020-05-04 01:41:30'),
(3648, '1', 45, 2, 1, 20, '2020-05-04 01:41:30', '2020-05-04 01:41:30'),
(3649, '1', 45, 3, 5, 20, '2020-05-04 01:41:30', '2020-05-04 01:41:30'),
(3650, '1', 46, 1, 1, 20, '2020-05-04 01:41:30', '2020-05-04 01:41:30'),
(3651, '1', 46, 2, 1, 20, '2020-05-04 01:41:30', '2020-05-04 01:41:30'),
(3652, '1', 46, 3, 5, 20, '2020-05-04 01:41:30', '2020-05-04 01:41:30'),
(3653, '1', 47, 1, 1, 20, '2020-05-04 01:41:30', '2020-05-04 01:41:30'),
(3654, '1', 47, 2, 1, 20, '2020-05-04 01:41:30', '2020-05-04 01:41:30'),
(3655, '1', 47, 3, 5, 20, '2020-05-04 01:41:30', '2020-05-04 01:41:30'),
(3656, '1', 48, 1, 1, 20, '2020-05-04 01:41:30', '2020-05-04 01:41:30'),
(3657, '1', 48, 2, 1, 20, '2020-05-04 01:41:30', '2020-05-04 01:41:30'),
(3658, '1', 48, 3, 5, 20, '2020-05-04 01:41:30', '2020-05-04 01:41:30'),
(3659, '1', 49, 1, 1, 20, '2020-05-04 01:41:30', '2020-05-04 01:41:30'),
(3660, '1', 49, 2, 1, 20, '2020-05-04 01:41:30', '2020-05-04 01:41:30'),
(3661, '1', 49, 3, 5, 20, '2020-05-04 01:41:30', '2020-05-04 01:41:30'),
(3662, '1', 50, 1, 1, 20, '2020-05-04 01:41:30', '2020-05-04 01:41:30'),
(3663, '1', 50, 2, 1, 20, '2020-05-04 01:41:30', '2020-05-04 01:41:30'),
(3664, '1', 50, 3, 5, 20, '2020-05-04 01:41:30', '2020-05-04 01:41:30'),
(3665, '1', 51, 1, 1, 20, '2020-05-04 01:41:30', '2020-05-04 01:41:30'),
(3666, '1', 51, 2, 1, 20, '2020-05-04 01:41:30', '2020-05-04 01:41:30'),
(3667, '1', 51, 3, 5, 20, '2020-05-04 01:41:30', '2020-05-04 01:41:30'),
(3668, '1', 52, 1, 1, 20, '2020-05-04 01:41:30', '2020-05-04 01:41:30'),
(3669, '1', 52, 2, 1, 20, '2020-05-04 01:41:30', '2020-05-04 01:41:30'),
(3670, '1', 52, 3, 5, 20, '2020-05-04 01:41:30', '2020-05-04 01:41:30'),
(3671, '1', 53, 1, 1, 20, '2020-05-04 01:41:30', '2020-05-04 01:41:30'),
(3672, '1', 53, 2, 1, 20, '2020-05-04 01:41:30', '2020-05-04 01:41:30'),
(3673, '1', 53, 3, 5, 20, '2020-05-04 01:41:30', '2020-05-04 01:41:30'),
(3674, '1', 54, 1, 1, 20, '2020-05-04 01:41:30', '2020-05-04 01:41:30'),
(3675, '1', 54, 2, 1, 20, '2020-05-04 01:41:30', '2020-05-04 01:41:30'),
(3676, '1', 54, 3, 5, 20, '2020-05-04 01:41:30', '2020-05-04 01:41:30'),
(3677, '1', 55, 1, 1, 20, '2020-05-04 01:41:30', '2020-05-04 01:41:30'),
(3678, '1', 55, 2, 1, 20, '2020-05-04 01:41:30', '2020-05-04 01:41:30'),
(3679, '1', 55, 3, 5, 20, '2020-05-04 01:41:30', '2020-05-04 01:41:30'),
(3680, '1', 56, 1, 1, 20, '2020-05-04 01:41:30', '2020-05-04 01:41:30'),
(3681, '1', 56, 2, 1, 20, '2020-05-04 01:41:30', '2020-05-04 01:41:30'),
(3682, '1', 56, 3, 5, 20, '2020-05-04 01:41:30', '2020-05-04 01:41:30'),
(3683, '1', 57, 1, 1, 20, '2020-05-04 01:41:30', '2020-05-04 01:41:30'),
(3684, '1', 57, 2, 1, 20, '2020-05-04 01:41:30', '2020-05-04 01:41:30'),
(3685, '1', 57, 3, 5, 20, '2020-05-04 01:41:30', '2020-05-04 01:41:30'),
(3686, '1', 58, 1, 1, 20, '2020-05-04 01:41:30', '2020-05-04 01:41:30'),
(3687, '1', 58, 2, 1, 20, '2020-05-04 01:41:30', '2020-05-04 01:41:30'),
(3688, '1', 58, 3, 5, 20, '2020-05-04 01:41:30', '2020-05-04 01:41:30'),
(3689, '1', 59, 1, 1, 20, '2020-05-04 01:41:30', '2020-05-04 01:41:30'),
(3690, '1', 59, 2, 1, 20, '2020-05-04 01:41:30', '2020-05-04 01:41:30'),
(3691, '1', 59, 3, 5, 20, '2020-05-04 01:41:30', '2020-05-04 01:41:30'),
(3692, '1', 60, 1, 1, 20, '2020-05-04 01:41:30', '2020-05-04 01:41:30'),
(3693, '1', 60, 2, 1, 20, '2020-05-04 01:41:30', '2020-05-04 01:41:30'),
(3694, '1', 60, 3, 5, 20, '2020-05-04 01:41:30', '2020-05-04 01:41:30'),
(3695, '1', 61, 1, 1, 20, '2020-05-04 01:41:30', '2020-05-04 01:41:30'),
(3696, '1', 61, 2, 1, 20, '2020-05-04 01:41:30', '2020-05-04 01:41:30'),
(3697, '1', 61, 3, 5, 20, '2020-05-04 01:41:30', '2020-05-04 01:41:30'),
(3698, '1', 62, 1, 1, 20, '2020-05-04 01:41:30', '2020-05-04 01:41:30'),
(3699, '1', 62, 2, 1, 20, '2020-05-04 01:41:30', '2020-05-04 01:41:30'),
(3700, '1', 62, 3, 5, 20, '2020-05-04 01:41:30', '2020-05-04 01:41:30'),
(3701, '1', 63, 1, 1, 20, '2020-05-04 01:41:30', '2020-05-04 01:41:30'),
(3702, '1', 63, 2, 1, 20, '2020-05-04 01:41:30', '2020-05-04 01:41:30'),
(3703, '1', 63, 3, 5, 20, '2020-05-04 01:41:30', '2020-05-04 01:41:30'),
(3704, '1', 64, 1, 1, 20, '2020-05-04 01:41:30', '2020-05-04 01:41:30'),
(3705, '1', 64, 2, 1, 20, '2020-05-04 01:41:30', '2020-05-04 01:41:30'),
(3706, '1', 64, 3, 5, 20, '2020-05-04 01:41:30', '2020-05-04 01:41:30'),
(3707, '1', 65, 1, 1, 20, '2020-05-04 01:41:30', '2020-05-04 01:41:30'),
(3708, '1', 65, 2, 1, 20, '2020-05-04 01:41:30', '2020-05-04 01:41:30'),
(3709, '1', 65, 3, 5, 20, '2020-05-04 01:41:30', '2020-05-04 01:41:30'),
(3710, '1', 66, 1, 1, 20, '2020-05-04 01:41:30', '2020-05-04 01:41:30'),
(3711, '1', 66, 2, 1, 20, '2020-05-04 01:41:30', '2020-05-04 01:41:30'),
(3712, '1', 66, 3, 5, 20, '2020-05-04 01:41:30', '2020-05-04 01:41:30'),
(3713, '1', 67, 1, 1, 20, '2020-05-04 01:41:30', '2020-05-04 01:41:30'),
(3714, '1', 67, 2, 1, 20, '2020-05-04 01:41:30', '2020-05-04 01:41:30'),
(3715, '1', 67, 3, 5, 20, '2020-05-04 01:41:30', '2020-05-04 01:41:30'),
(3716, '1', 68, 1, 1, 20, '2020-05-04 01:41:30', '2020-05-04 01:41:30'),
(3717, '1', 68, 2, 1, 20, '2020-05-04 01:41:30', '2020-05-04 01:41:30'),
(3718, '1', 68, 3, 5, 20, '2020-05-04 01:41:30', '2020-05-04 01:41:30'),
(3719, '1', 69, 1, 1, 20, '2020-05-04 01:41:30', '2020-05-04 01:41:30'),
(3720, '1', 69, 2, 1, 20, '2020-05-04 01:41:30', '2020-05-04 01:41:30'),
(3721, '1', 69, 3, 5, 20, '2020-05-04 01:41:30', '2020-05-04 01:41:30'),
(3722, '1', 70, 1, 1, 20, '2020-05-04 01:41:30', '2020-05-04 01:41:30'),
(3723, '1', 70, 2, 1, 20, '2020-05-04 01:41:30', '2020-05-04 01:41:30'),
(3724, '1', 70, 3, 5, 20, '2020-05-04 01:41:30', '2020-05-04 01:41:30'),
(3725, '1', 71, 1, 1, 20, '2020-05-04 01:41:30', '2020-05-04 01:41:30'),
(3726, '1', 71, 2, 1, 20, '2020-05-04 01:41:30', '2020-05-04 01:41:30'),
(3727, '1', 71, 3, 5, 20, '2020-05-04 01:41:30', '2020-05-04 01:41:30'),
(3728, '1', 72, 1, 1, 20, '2020-05-04 01:41:30', '2020-05-04 01:41:30'),
(3729, '1', 72, 2, 1, 20, '2020-05-04 01:41:30', '2020-05-04 01:41:30'),
(3730, '1', 72, 3, 5, 20, '2020-05-04 01:41:30', '2020-05-04 01:41:30'),
(3731, '1', 73, 1, 1, 20, '2020-05-04 01:41:30', '2020-05-04 01:41:30'),
(3732, '1', 73, 2, 1, 20, '2020-05-04 01:41:30', '2020-05-04 01:41:30'),
(3733, '1', 73, 3, 5, 20, '2020-05-04 01:41:30', '2020-05-04 01:41:30'),
(3734, '1', 74, 1, 1, 20, '2020-05-04 01:41:30', '2020-05-04 01:41:30'),
(3735, '1', 74, 2, 1, 20, '2020-05-04 01:41:30', '2020-05-04 01:41:30'),
(3736, '1', 74, 3, 5, 20, '2020-05-04 01:41:30', '2020-05-04 01:41:30'),
(3737, '1', 75, 1, 1, 20, '2020-05-04 01:41:30', '2020-05-04 01:41:30'),
(3738, '1', 75, 2, 1, 20, '2020-05-04 01:41:30', '2020-05-04 01:41:30'),
(3739, '1', 75, 3, 5, 20, '2020-05-04 01:41:30', '2020-05-04 01:41:30'),
(3740, '1', 76, 1, 1, 20, '2020-05-04 01:41:30', '2020-05-04 01:41:30'),
(3741, '1', 76, 2, 1, 20, '2020-05-04 01:41:30', '2020-05-04 01:41:30'),
(3742, '1', 76, 3, 5, 20, '2020-05-04 01:41:30', '2020-05-04 01:41:30'),
(3743, '1', 77, 1, 1, 20, '2020-05-04 01:41:30', '2020-05-04 01:41:30'),
(3744, '1', 77, 2, 1, 20, '2020-05-04 01:41:30', '2020-05-04 01:41:30'),
(3745, '1', 77, 3, 5, 20, '2020-05-04 01:41:30', '2020-05-04 01:41:30'),
(3746, '1', 78, 1, 1, 20, '2020-05-04 01:41:30', '2020-05-04 01:41:30'),
(3747, '1', 78, 2, 1, 20, '2020-05-04 01:41:30', '2020-05-04 01:41:30'),
(3748, '1', 78, 3, 5, 20, '2020-05-04 01:41:30', '2020-05-04 01:41:30'),
(3749, '1', 79, 1, 1, 20, '2020-05-04 01:41:30', '2020-05-04 01:41:30'),
(3750, '1', 79, 2, 1, 20, '2020-05-04 01:41:30', '2020-05-04 01:41:30'),
(3751, '1', 79, 3, 5, 20, '2020-05-04 01:41:30', '2020-05-04 01:41:30'),
(3752, '1', 80, 1, 1, 20, '2020-05-04 01:41:30', '2020-05-04 01:41:30'),
(3753, '1', 80, 2, 1, 20, '2020-05-04 01:41:30', '2020-05-04 01:41:30'),
(3754, '1', 80, 3, 5, 20, '2020-05-04 01:41:30', '2020-05-04 01:41:30'),
(3755, '1', 81, 1, 1, 20, '2020-05-04 01:41:30', '2020-05-04 01:41:30'),
(3756, '1', 81, 2, 1, 20, '2020-05-04 01:41:30', '2020-05-04 01:41:30'),
(3757, '1', 81, 3, 5, 20, '2020-05-04 01:41:30', '2020-05-04 01:41:30'),
(3758, '1', 82, 1, 1, 20, '2020-05-04 01:41:30', '2020-05-04 01:41:30'),
(3759, '1', 82, 2, 1, 20, '2020-05-04 01:41:30', '2020-05-04 01:41:30'),
(3760, '1', 82, 3, 5, 20, '2020-05-04 01:41:30', '2020-05-04 01:41:30'),
(3761, '1', 1, 1, 4, 21, '2020-05-04 01:42:37', '2020-05-04 01:42:37'),
(3762, '1', 1, 2, 1, 21, '2020-05-04 01:42:37', '2020-05-04 01:42:37'),
(3763, '1', 1, 3, 5, 21, '2020-05-04 01:42:37', '2020-05-04 01:42:37'),
(3764, '1', 2, 1, 1, 21, '2020-05-04 01:42:37', '2020-05-04 01:42:37'),
(3765, '1', 2, 2, 1, 21, '2020-05-04 01:42:37', '2020-05-04 01:42:37'),
(3766, '1', 2, 3, 5, 21, '2020-05-04 01:42:37', '2020-05-04 01:42:37'),
(3767, '1', 3, 1, 1, 21, '2020-05-04 01:42:37', '2020-05-04 01:42:37'),
(3768, '1', 3, 2, 1, 21, '2020-05-04 01:42:37', '2020-05-04 01:42:37'),
(3769, '1', 3, 3, 5, 21, '2020-05-04 01:42:37', '2020-05-04 01:42:37'),
(3770, '1', 4, 1, 1, 21, '2020-05-04 01:42:37', '2020-05-04 01:42:37'),
(3771, '1', 4, 2, 1, 21, '2020-05-04 01:42:37', '2020-05-04 01:42:37'),
(3772, '1', 4, 3, 5, 21, '2020-05-04 01:42:37', '2020-05-04 01:42:37'),
(3773, '1', 5, 1, 1, 21, '2020-05-04 01:42:37', '2020-05-04 01:42:37'),
(3774, '1', 5, 2, 1, 21, '2020-05-04 01:42:37', '2020-05-04 01:42:37'),
(3775, '1', 5, 3, 5, 21, '2020-05-04 01:42:37', '2020-05-04 01:42:37'),
(3776, '1', 6, 1, 1, 21, '2020-05-04 01:42:37', '2020-05-04 01:42:37'),
(3777, '1', 6, 2, 1, 21, '2020-05-04 01:42:37', '2020-05-04 01:42:37'),
(3778, '1', 6, 3, 5, 21, '2020-05-04 01:42:37', '2020-05-04 01:42:37'),
(3779, '1', 7, 1, 1, 21, '2020-05-04 01:42:37', '2020-05-04 01:42:37'),
(3780, '1', 7, 2, 1, 21, '2020-05-04 01:42:37', '2020-05-04 01:42:37'),
(3781, '1', 7, 3, 5, 21, '2020-05-04 01:42:37', '2020-05-04 01:42:37'),
(3782, '1', 8, 1, 1, 21, '2020-05-04 01:42:37', '2020-05-04 01:42:37'),
(3783, '1', 8, 2, 1, 21, '2020-05-04 01:42:37', '2020-05-04 01:42:37'),
(3784, '1', 8, 3, 5, 21, '2020-05-04 01:42:37', '2020-05-04 01:42:37'),
(3785, '1', 9, 1, 1, 21, '2020-05-04 01:42:37', '2020-05-04 01:42:37'),
(3786, '1', 9, 2, 1, 21, '2020-05-04 01:42:37', '2020-05-04 01:42:37'),
(3787, '1', 9, 3, 5, 21, '2020-05-04 01:42:37', '2020-05-04 01:42:37'),
(3788, '1', 10, 1, 1, 21, '2020-05-04 01:42:37', '2020-05-04 01:42:37'),
(3789, '1', 10, 2, 1, 21, '2020-05-04 01:42:37', '2020-05-04 01:42:37'),
(3790, '1', 10, 3, 5, 21, '2020-05-04 01:42:37', '2020-05-04 01:42:37'),
(3791, '1', 11, 1, 1, 21, '2020-05-04 01:42:37', '2020-05-04 01:42:37'),
(3792, '1', 11, 2, 1, 21, '2020-05-04 01:42:37', '2020-05-04 01:42:37'),
(3793, '1', 11, 3, 5, 21, '2020-05-04 01:42:37', '2020-05-04 01:42:37'),
(3794, '1', 12, 1, 1, 21, '2020-05-04 01:42:37', '2020-05-04 01:42:37'),
(3795, '1', 12, 2, 1, 21, '2020-05-04 01:42:37', '2020-05-04 01:42:37'),
(3796, '1', 12, 3, 5, 21, '2020-05-04 01:42:38', '2020-05-04 01:42:38'),
(3797, '1', 13, 1, 1, 21, '2020-05-04 01:42:38', '2020-05-04 01:42:38'),
(3798, '1', 13, 2, 1, 21, '2020-05-04 01:42:38', '2020-05-04 01:42:38'),
(3799, '1', 13, 3, 5, 21, '2020-05-04 01:42:38', '2020-05-04 01:42:38'),
(3800, '1', 14, 1, 1, 21, '2020-05-04 01:42:38', '2020-05-04 01:42:38'),
(3801, '1', 14, 2, 1, 21, '2020-05-04 01:42:38', '2020-05-04 01:42:38'),
(3802, '1', 14, 3, 5, 21, '2020-05-04 01:42:38', '2020-05-04 01:42:38'),
(3803, '1', 15, 1, 1, 21, '2020-05-04 01:42:38', '2020-05-04 01:42:38'),
(3804, '1', 15, 2, 1, 21, '2020-05-04 01:42:38', '2020-05-04 01:42:38'),
(3805, '1', 15, 3, 5, 21, '2020-05-04 01:42:38', '2020-05-04 01:42:38'),
(3806, '1', 16, 1, 1, 21, '2020-05-04 01:42:38', '2020-05-04 01:42:38'),
(3807, '1', 16, 2, 1, 21, '2020-05-04 01:42:38', '2020-05-04 01:42:38'),
(3808, '1', 16, 3, 5, 21, '2020-05-04 01:42:38', '2020-05-04 01:42:38'),
(3809, '1', 17, 1, 1, 21, '2020-05-04 01:42:38', '2020-05-04 01:42:38'),
(3810, '1', 17, 2, 1, 21, '2020-05-04 01:42:38', '2020-05-04 01:42:38'),
(3811, '1', 17, 3, 5, 21, '2020-05-04 01:42:38', '2020-05-04 01:42:38'),
(3812, '1', 18, 1, 1, 21, '2020-05-04 01:42:38', '2020-05-04 01:42:38'),
(3813, '1', 18, 2, 1, 21, '2020-05-04 01:42:38', '2020-05-04 01:42:38'),
(3814, '1', 18, 3, 5, 21, '2020-05-04 01:42:38', '2020-05-04 01:42:38'),
(3815, '1', 19, 1, 1, 21, '2020-05-04 01:42:38', '2020-05-04 01:42:38'),
(3816, '1', 19, 2, 1, 21, '2020-05-04 01:42:38', '2020-05-04 01:42:38'),
(3817, '1', 19, 3, 5, 21, '2020-05-04 01:42:38', '2020-05-04 01:42:38'),
(3818, '1', 20, 1, 1, 21, '2020-05-04 01:42:38', '2020-05-04 01:42:38'),
(3819, '1', 20, 2, 1, 21, '2020-05-04 01:42:38', '2020-05-04 01:42:38'),
(3820, '1', 20, 3, 5, 21, '2020-05-04 01:42:38', '2020-05-04 01:42:38'),
(3821, '1', 21, 1, 1, 21, '2020-05-04 01:42:38', '2020-05-04 01:42:38'),
(3822, '1', 21, 2, 1, 21, '2020-05-04 01:42:38', '2020-05-04 01:42:38'),
(3823, '1', 21, 3, 5, 21, '2020-05-04 01:42:38', '2020-05-04 01:42:38'),
(3824, '1', 22, 1, 1, 21, '2020-05-04 01:42:38', '2020-05-04 01:42:38'),
(3825, '1', 22, 2, 1, 21, '2020-05-04 01:42:38', '2020-05-04 01:42:38'),
(3826, '1', 22, 3, 5, 21, '2020-05-04 01:42:38', '2020-05-04 01:42:38'),
(3827, '1', 23, 1, 1, 21, '2020-05-04 01:42:38', '2020-05-04 01:42:38'),
(3828, '1', 23, 2, 1, 21, '2020-05-04 01:42:38', '2020-05-04 01:42:38'),
(3829, '1', 23, 3, 5, 21, '2020-05-04 01:42:38', '2020-05-04 01:42:38'),
(3830, '1', 24, 1, 1, 21, '2020-05-04 01:42:38', '2020-05-04 01:42:38'),
(3831, '1', 24, 2, 1, 21, '2020-05-04 01:42:38', '2020-05-04 01:42:38'),
(3832, '1', 24, 3, 5, 21, '2020-05-04 01:42:38', '2020-05-04 01:42:38'),
(3833, '1', 25, 1, 1, 21, '2020-05-04 01:42:38', '2020-05-04 01:42:38'),
(3834, '1', 25, 2, 1, 21, '2020-05-04 01:42:38', '2020-05-04 01:42:38'),
(3835, '1', 25, 3, 5, 21, '2020-05-04 01:42:38', '2020-05-04 01:42:38'),
(3836, '1', 26, 1, 1, 21, '2020-05-04 01:42:38', '2020-05-04 01:42:38'),
(3837, '1', 26, 2, 1, 21, '2020-05-04 01:42:38', '2020-05-04 01:42:38'),
(3838, '1', 26, 3, 5, 21, '2020-05-04 01:42:38', '2020-05-04 01:42:38'),
(3839, '1', 27, 1, 1, 21, '2020-05-04 01:42:38', '2020-05-04 01:42:38'),
(3840, '1', 27, 2, 1, 21, '2020-05-04 01:42:38', '2020-05-04 01:42:38'),
(3841, '1', 27, 3, 5, 21, '2020-05-04 01:42:38', '2020-05-04 01:42:38'),
(3842, '1', 28, 1, 1, 21, '2020-05-04 01:42:38', '2020-05-04 01:42:38'),
(3843, '1', 28, 2, 1, 21, '2020-05-04 01:42:38', '2020-05-04 01:42:38'),
(3844, '1', 28, 3, 5, 21, '2020-05-04 01:42:38', '2020-05-04 01:42:38'),
(3845, '1', 29, 1, 1, 21, '2020-05-04 01:42:38', '2020-05-04 01:42:38'),
(3846, '1', 29, 2, 1, 21, '2020-05-04 01:42:38', '2020-05-04 01:42:38'),
(3847, '1', 29, 3, 5, 21, '2020-05-04 01:42:38', '2020-05-04 01:42:38'),
(3848, '1', 30, 1, 1, 21, '2020-05-04 01:42:38', '2020-05-04 01:42:38'),
(3849, '1', 30, 2, 1, 21, '2020-05-04 01:42:38', '2020-05-04 01:42:38'),
(3850, '1', 30, 3, 5, 21, '2020-05-04 01:42:38', '2020-05-04 01:42:38'),
(3851, '1', 31, 1, 1, 21, '2020-05-04 01:42:38', '2020-05-04 01:42:38'),
(3852, '1', 31, 2, 1, 21, '2020-05-04 01:42:38', '2020-05-04 01:42:38'),
(3853, '1', 31, 3, 5, 21, '2020-05-04 01:42:38', '2020-05-04 01:42:38'),
(3854, '1', 32, 1, 1, 21, '2020-05-04 01:42:38', '2020-05-04 01:42:38'),
(3855, '1', 32, 2, 1, 21, '2020-05-04 01:42:38', '2020-05-04 01:42:38'),
(3856, '1', 32, 3, 5, 21, '2020-05-04 01:42:38', '2020-05-04 01:42:38'),
(3857, '1', 33, 1, 1, 21, '2020-05-04 01:42:38', '2020-05-04 01:42:38'),
(3858, '1', 33, 2, 1, 21, '2020-05-04 01:42:38', '2020-05-04 01:42:38'),
(3859, '1', 33, 3, 5, 21, '2020-05-04 01:42:38', '2020-05-04 01:42:38'),
(3860, '1', 34, 1, 1, 21, '2020-05-04 01:42:38', '2020-05-04 01:42:38'),
(3861, '1', 34, 2, 1, 21, '2020-05-04 01:42:38', '2020-05-04 01:42:38'),
(3862, '1', 34, 3, 5, 21, '2020-05-04 01:42:38', '2020-05-04 01:42:38'),
(3863, '1', 35, 1, 1, 21, '2020-05-04 01:42:38', '2020-05-04 01:42:38'),
(3864, '1', 35, 2, 1, 21, '2020-05-04 01:42:38', '2020-05-04 01:42:38'),
(3865, '1', 35, 3, 5, 21, '2020-05-04 01:42:38', '2020-05-04 01:42:38'),
(3866, '1', 36, 1, 1, 21, '2020-05-04 01:42:38', '2020-05-04 01:42:38'),
(3867, '1', 36, 2, 1, 21, '2020-05-04 01:42:38', '2020-05-04 01:42:38'),
(3868, '1', 36, 3, 5, 21, '2020-05-04 01:42:38', '2020-05-04 01:42:38'),
(3869, '1', 37, 1, 1, 21, '2020-05-04 01:42:38', '2020-05-04 01:42:38'),
(3870, '1', 37, 2, 1, 21, '2020-05-04 01:42:38', '2020-05-04 01:42:38'),
(3871, '1', 37, 3, 5, 21, '2020-05-04 01:42:38', '2020-05-04 01:42:38'),
(3872, '1', 38, 1, 1, 21, '2020-05-04 01:42:38', '2020-05-04 01:42:38'),
(3873, '1', 38, 2, 1, 21, '2020-05-04 01:42:38', '2020-05-04 01:42:38'),
(3874, '1', 38, 3, 5, 21, '2020-05-04 01:42:38', '2020-05-04 01:42:38'),
(3875, '1', 39, 1, 1, 21, '2020-05-04 01:42:38', '2020-05-04 01:42:38'),
(3876, '1', 39, 2, 1, 21, '2020-05-04 01:42:38', '2020-05-04 01:42:38'),
(3877, '1', 39, 3, 5, 21, '2020-05-04 01:42:38', '2020-05-04 01:42:38'),
(3878, '1', 40, 1, 1, 21, '2020-05-04 01:42:38', '2020-05-04 01:42:38'),
(3879, '1', 40, 2, 1, 21, '2020-05-04 01:42:38', '2020-05-04 01:42:38'),
(3880, '1', 40, 3, 5, 21, '2020-05-04 01:42:38', '2020-05-04 01:42:38'),
(3881, '1', 41, 1, 1, 21, '2020-05-04 01:42:38', '2020-05-04 01:42:38'),
(3882, '1', 41, 2, 1, 21, '2020-05-04 01:42:38', '2020-05-04 01:42:38'),
(3883, '1', 41, 3, 5, 21, '2020-05-04 01:42:38', '2020-05-04 01:42:38'),
(3884, '1', 42, 1, 1, 21, '2020-05-04 01:42:38', '2020-05-04 01:42:38'),
(3885, '1', 42, 2, 1, 21, '2020-05-04 01:42:38', '2020-05-04 01:42:38'),
(3886, '1', 42, 3, 5, 21, '2020-05-04 01:42:38', '2020-05-04 01:42:38'),
(3887, '1', 43, 1, 1, 21, '2020-05-04 01:42:38', '2020-05-04 01:42:38'),
(3888, '1', 43, 2, 1, 21, '2020-05-04 01:42:38', '2020-05-04 01:42:38'),
(3889, '1', 43, 3, 5, 21, '2020-05-04 01:42:38', '2020-05-04 01:42:38'),
(3890, '1', 44, 1, 1, 21, '2020-05-04 01:42:38', '2020-05-04 01:42:38'),
(3891, '1', 44, 2, 1, 21, '2020-05-04 01:42:38', '2020-05-04 01:42:38'),
(3892, '1', 44, 3, 5, 21, '2020-05-04 01:42:38', '2020-05-04 01:42:38'),
(3893, '1', 45, 1, 1, 21, '2020-05-04 01:42:38', '2020-05-04 01:42:38'),
(3894, '1', 45, 2, 1, 21, '2020-05-04 01:42:38', '2020-05-04 01:42:38'),
(3895, '1', 45, 3, 5, 21, '2020-05-04 01:42:38', '2020-05-04 01:42:38'),
(3896, '1', 46, 1, 1, 21, '2020-05-04 01:42:38', '2020-05-04 01:42:38'),
(3897, '1', 46, 2, 1, 21, '2020-05-04 01:42:38', '2020-05-04 01:42:38'),
(3898, '1', 46, 3, 5, 21, '2020-05-04 01:42:38', '2020-05-04 01:42:38'),
(3899, '1', 47, 1, 1, 21, '2020-05-04 01:42:38', '2020-05-04 01:42:38'),
(3900, '1', 47, 2, 1, 21, '2020-05-04 01:42:38', '2020-05-04 01:42:38'),
(3901, '1', 47, 3, 5, 21, '2020-05-04 01:42:38', '2020-05-04 01:42:38'),
(3902, '1', 48, 1, 1, 21, '2020-05-04 01:42:38', '2020-05-04 01:42:38'),
(3903, '1', 48, 2, 1, 21, '2020-05-04 01:42:38', '2020-05-04 01:42:38'),
(3904, '1', 48, 3, 5, 21, '2020-05-04 01:42:38', '2020-05-04 01:42:38'),
(3905, '1', 49, 1, 1, 21, '2020-05-04 01:42:38', '2020-05-04 01:42:38'),
(3906, '1', 49, 2, 1, 21, '2020-05-04 01:42:38', '2020-05-04 01:42:38'),
(3907, '1', 49, 3, 5, 21, '2020-05-04 01:42:38', '2020-05-04 01:42:38'),
(3908, '1', 50, 1, 1, 21, '2020-05-04 01:42:38', '2020-05-04 01:42:38'),
(3909, '1', 50, 2, 1, 21, '2020-05-04 01:42:38', '2020-05-04 01:42:38'),
(3910, '1', 50, 3, 5, 21, '2020-05-04 01:42:38', '2020-05-04 01:42:38'),
(3911, '1', 51, 1, 1, 21, '2020-05-04 01:42:38', '2020-05-04 01:42:38'),
(3912, '1', 51, 2, 1, 21, '2020-05-04 01:42:38', '2020-05-04 01:42:38'),
(3913, '1', 51, 3, 5, 21, '2020-05-04 01:42:38', '2020-05-04 01:42:38'),
(3914, '1', 52, 1, 1, 21, '2020-05-04 01:42:38', '2020-05-04 01:42:38'),
(3915, '1', 52, 2, 1, 21, '2020-05-04 01:42:38', '2020-05-04 01:42:38'),
(3916, '1', 52, 3, 5, 21, '2020-05-04 01:42:38', '2020-05-04 01:42:38'),
(3917, '1', 53, 1, 1, 21, '2020-05-04 01:42:38', '2020-05-04 01:42:38'),
(3918, '1', 53, 2, 1, 21, '2020-05-04 01:42:38', '2020-05-04 01:42:38'),
(3919, '1', 53, 3, 5, 21, '2020-05-04 01:42:38', '2020-05-04 01:42:38'),
(3920, '1', 54, 1, 1, 21, '2020-05-04 01:42:38', '2020-05-04 01:42:38'),
(3921, '1', 54, 2, 1, 21, '2020-05-04 01:42:38', '2020-05-04 01:42:38'),
(3922, '1', 54, 3, 5, 21, '2020-05-04 01:42:38', '2020-05-04 01:42:38'),
(3923, '1', 55, 1, 1, 21, '2020-05-04 01:42:38', '2020-05-04 01:42:38'),
(3924, '1', 55, 2, 1, 21, '2020-05-04 01:42:38', '2020-05-04 01:42:38'),
(3925, '1', 55, 3, 5, 21, '2020-05-04 01:42:38', '2020-05-04 01:42:38'),
(3926, '1', 56, 1, 1, 21, '2020-05-04 01:42:38', '2020-05-04 01:42:38'),
(3927, '1', 56, 2, 1, 21, '2020-05-04 01:42:38', '2020-05-04 01:42:38'),
(3928, '1', 56, 3, 5, 21, '2020-05-04 01:42:38', '2020-05-04 01:42:38'),
(3929, '1', 57, 1, 1, 21, '2020-05-04 01:42:38', '2020-05-04 01:42:38'),
(3930, '1', 57, 2, 1, 21, '2020-05-04 01:42:38', '2020-05-04 01:42:38'),
(3931, '1', 57, 3, 5, 21, '2020-05-04 01:42:38', '2020-05-04 01:42:38'),
(3932, '1', 58, 1, 1, 21, '2020-05-04 01:42:38', '2020-05-04 01:42:38'),
(3933, '1', 58, 2, 1, 21, '2020-05-04 01:42:38', '2020-05-04 01:42:38'),
(3934, '1', 58, 3, 5, 21, '2020-05-04 01:42:38', '2020-05-04 01:42:38'),
(3935, '1', 59, 1, 1, 21, '2020-05-04 01:42:38', '2020-05-04 01:42:38'),
(3936, '1', 59, 2, 1, 21, '2020-05-04 01:42:38', '2020-05-04 01:42:38'),
(3937, '1', 59, 3, 5, 21, '2020-05-04 01:42:38', '2020-05-04 01:42:38'),
(3938, '1', 60, 1, 1, 21, '2020-05-04 01:42:38', '2020-05-04 01:42:38'),
(3939, '1', 60, 2, 1, 21, '2020-05-04 01:42:38', '2020-05-04 01:42:38'),
(3940, '1', 60, 3, 5, 21, '2020-05-04 01:42:38', '2020-05-04 01:42:38'),
(3941, '1', 61, 1, 1, 21, '2020-05-04 01:42:38', '2020-05-04 01:42:38'),
(3942, '1', 61, 2, 1, 21, '2020-05-04 01:42:38', '2020-05-04 01:42:38'),
(3943, '1', 61, 3, 5, 21, '2020-05-04 01:42:38', '2020-05-04 01:42:38'),
(3944, '1', 62, 1, 1, 21, '2020-05-04 01:42:38', '2020-05-04 01:42:38'),
(3945, '1', 62, 2, 1, 21, '2020-05-04 01:42:38', '2020-05-04 01:42:38'),
(3946, '1', 62, 3, 5, 21, '2020-05-04 01:42:38', '2020-05-04 01:42:38'),
(3947, '1', 63, 1, 1, 21, '2020-05-04 01:42:38', '2020-05-04 01:42:38'),
(3948, '1', 63, 2, 1, 21, '2020-05-04 01:42:38', '2020-05-04 01:42:38'),
(3949, '1', 63, 3, 5, 21, '2020-05-04 01:42:38', '2020-05-04 01:42:38'),
(3950, '1', 64, 1, 1, 21, '2020-05-04 01:42:38', '2020-05-04 01:42:38'),
(3951, '1', 64, 2, 1, 21, '2020-05-04 01:42:38', '2020-05-04 01:42:38'),
(3952, '1', 64, 3, 5, 21, '2020-05-04 01:42:38', '2020-05-04 01:42:38'),
(3953, '1', 65, 1, 1, 21, '2020-05-04 01:42:38', '2020-05-04 01:42:38'),
(3954, '1', 65, 2, 1, 21, '2020-05-04 01:42:38', '2020-05-04 01:42:38'),
(3955, '1', 65, 3, 5, 21, '2020-05-04 01:42:38', '2020-05-04 01:42:38'),
(3956, '1', 66, 1, 1, 21, '2020-05-04 01:42:38', '2020-05-04 01:42:38'),
(3957, '1', 66, 2, 1, 21, '2020-05-04 01:42:38', '2020-05-04 01:42:38'),
(3958, '1', 66, 3, 5, 21, '2020-05-04 01:42:38', '2020-05-04 01:42:38'),
(3959, '1', 67, 1, 1, 21, '2020-05-04 01:42:38', '2020-05-04 01:42:38'),
(3960, '1', 67, 2, 1, 21, '2020-05-04 01:42:38', '2020-05-04 01:42:38'),
(3961, '1', 67, 3, 5, 21, '2020-05-04 01:42:38', '2020-05-04 01:42:38'),
(3962, '1', 68, 1, 1, 21, '2020-05-04 01:42:38', '2020-05-04 01:42:38'),
(3963, '1', 68, 2, 1, 21, '2020-05-04 01:42:38', '2020-05-04 01:42:38'),
(3964, '1', 68, 3, 5, 21, '2020-05-04 01:42:38', '2020-05-04 01:42:38'),
(3965, '1', 69, 1, 1, 21, '2020-05-04 01:42:38', '2020-05-04 01:42:38'),
(3966, '1', 69, 2, 1, 21, '2020-05-04 01:42:38', '2020-05-04 01:42:38'),
(3967, '1', 69, 3, 5, 21, '2020-05-04 01:42:38', '2020-05-04 01:42:38'),
(3968, '1', 70, 1, 1, 21, '2020-05-04 01:42:38', '2020-05-04 01:42:38'),
(3969, '1', 70, 2, 1, 21, '2020-05-04 01:42:38', '2020-05-04 01:42:38'),
(3970, '1', 70, 3, 5, 21, '2020-05-04 01:42:38', '2020-05-04 01:42:38'),
(3971, '1', 71, 1, 1, 21, '2020-05-04 01:42:38', '2020-05-04 01:42:38'),
(3972, '1', 71, 2, 1, 21, '2020-05-04 01:42:38', '2020-05-04 01:42:38'),
(3973, '1', 71, 3, 5, 21, '2020-05-04 01:42:38', '2020-05-04 01:42:38'),
(3974, '1', 72, 1, 1, 21, '2020-05-04 01:42:38', '2020-05-04 01:42:38'),
(3975, '1', 72, 2, 1, 21, '2020-05-04 01:42:38', '2020-05-04 01:42:38'),
(3976, '1', 72, 3, 5, 21, '2020-05-04 01:42:38', '2020-05-04 01:42:38'),
(3977, '1', 73, 1, 1, 21, '2020-05-04 01:42:38', '2020-05-04 01:42:38'),
(3978, '1', 73, 2, 1, 21, '2020-05-04 01:42:38', '2020-05-04 01:42:38'),
(3979, '1', 73, 3, 5, 21, '2020-05-04 01:42:38', '2020-05-04 01:42:38'),
(3980, '1', 74, 1, 1, 21, '2020-05-04 01:42:38', '2020-05-04 01:42:38'),
(3981, '1', 74, 2, 1, 21, '2020-05-04 01:42:38', '2020-05-04 01:42:38'),
(3982, '1', 74, 3, 5, 21, '2020-05-04 01:42:38', '2020-05-04 01:42:38'),
(3983, '1', 75, 1, 1, 21, '2020-05-04 01:42:38', '2020-05-04 01:42:38'),
(3984, '1', 75, 2, 1, 21, '2020-05-04 01:42:38', '2020-05-04 01:42:38'),
(3985, '1', 75, 3, 5, 21, '2020-05-04 01:42:38', '2020-05-04 01:42:38'),
(3986, '1', 76, 1, 1, 21, '2020-05-04 01:42:38', '2020-05-04 01:42:38'),
(3987, '1', 76, 2, 1, 21, '2020-05-04 01:42:38', '2020-05-04 01:42:38'),
(3988, '1', 76, 3, 5, 21, '2020-05-04 01:42:38', '2020-05-04 01:42:38'),
(3989, '1', 77, 1, 1, 21, '2020-05-04 01:42:38', '2020-05-04 01:42:38'),
(3990, '1', 77, 2, 1, 21, '2020-05-04 01:42:38', '2020-05-04 01:42:38'),
(3991, '1', 77, 3, 5, 21, '2020-05-04 01:42:38', '2020-05-04 01:42:38'),
(3992, '1', 78, 1, 1, 21, '2020-05-04 01:42:38', '2020-05-04 01:42:38'),
(3993, '1', 78, 2, 1, 21, '2020-05-04 01:42:38', '2020-05-04 01:42:38'),
(3994, '1', 78, 3, 5, 21, '2020-05-04 01:42:38', '2020-05-04 01:42:38'),
(3995, '1', 79, 1, 1, 21, '2020-05-04 01:42:38', '2020-05-04 01:42:38'),
(3996, '1', 79, 2, 1, 21, '2020-05-04 01:42:38', '2020-05-04 01:42:38'),
(3997, '1', 79, 3, 5, 21, '2020-05-04 01:42:38', '2020-05-04 01:42:38'),
(3998, '1', 80, 1, 1, 21, '2020-05-04 01:42:38', '2020-05-04 01:42:38'),
(3999, '1', 80, 2, 1, 21, '2020-05-04 01:42:38', '2020-05-04 01:42:38'),
(4000, '1', 80, 3, 5, 21, '2020-05-04 01:42:38', '2020-05-04 01:42:38'),
(4001, '1', 81, 1, 1, 21, '2020-05-04 01:42:38', '2020-05-04 01:42:38'),
(4002, '1', 81, 2, 1, 21, '2020-05-04 01:42:38', '2020-05-04 01:42:38'),
(4003, '1', 81, 3, 5, 21, '2020-05-04 01:42:38', '2020-05-04 01:42:38'),
(4004, '1', 82, 1, 1, 21, '2020-05-04 01:42:38', '2020-05-04 01:42:38'),
(4005, '1', 82, 2, 1, 21, '2020-05-04 01:42:38', '2020-05-04 01:42:38'),
(4006, '1', 82, 3, 5, 21, '2020-05-04 01:42:38', '2020-05-04 01:42:38'),
(4007, '1', 83, NULL, 12, 22, '2020-05-04 20:19:22', '2020-05-04 20:19:22'),
(4008, '1', 84, NULL, 13, 22, '2020-05-04 20:19:22', '2020-05-04 20:19:22'),
(4009, '1', 85, NULL, 13, 22, '2020-05-04 20:19:22', '2020-05-04 20:19:22'),
(4010, '1', 86, NULL, 13, 22, '2020-05-04 20:19:22', '2020-05-04 20:19:22'),
(4011, '1', 87, NULL, 13, 22, '2020-05-04 20:19:22', '2020-05-04 20:19:22'),
(4012, '1', 88, NULL, 13, 22, '2020-05-04 20:19:22', '2020-05-04 20:19:22'),
(4013, '1', 89, NULL, 13, 22, '2020-05-04 20:19:22', '2020-05-04 20:19:22'),
(4014, '1', 90, NULL, 13, 22, '2020-05-04 20:19:22', '2020-05-04 20:19:22'),
(4015, '1', 91, NULL, 13, 22, '2020-05-04 20:19:22', '2020-05-04 20:19:22'),
(4016, '1', 92, NULL, 13, 22, '2020-05-04 20:19:22', '2020-05-04 20:19:22'),
(4017, '1', 93, NULL, 13, 22, '2020-05-04 20:19:22', '2020-05-04 20:19:22'),
(4018, '1', 94, NULL, 13, 22, '2020-05-04 20:19:22', '2020-05-04 20:19:22'),
(4019, '1', 95, NULL, 13, 22, '2020-05-04 20:19:22', '2020-05-04 20:19:22'),
(4020, '1', 96, NULL, 13, 22, '2020-05-04 20:19:22', '2020-05-04 20:19:22'),
(4021, '1', 97, NULL, 13, 22, '2020-05-04 20:19:22', '2020-05-04 20:19:22'),
(4022, '1', 98, NULL, 13, 22, '2020-05-04 20:19:22', '2020-05-04 20:19:22'),
(4023, '1', 99, NULL, 13, 22, '2020-05-04 20:19:22', '2020-05-04 20:19:22'),
(4024, '1', 100, NULL, 13, 22, '2020-05-04 20:19:22', '2020-05-04 20:19:22'),
(4025, '1', 101, NULL, 13, 22, '2020-05-04 20:19:22', '2020-05-04 20:19:22'),
(4026, '1', 102, NULL, 13, 22, '2020-05-04 20:19:22', '2020-05-04 20:19:22'),
(4027, '1', 103, NULL, 13, 22, '2020-05-04 20:19:22', '2020-05-04 20:19:22'),
(4028, '1', 104, NULL, 13, 22, '2020-05-04 20:19:22', '2020-05-04 20:19:22'),
(4029, '1', 105, NULL, 13, 22, '2020-05-04 20:19:22', '2020-05-04 20:19:22'),
(4030, '1', 106, NULL, 13, 22, '2020-05-04 20:19:22', '2020-05-04 20:19:22'),
(4031, '1', 107, NULL, 13, 22, '2020-05-04 20:19:22', '2020-05-04 20:19:22'),
(4032, '1', 108, NULL, 13, 22, '2020-05-04 20:19:22', '2020-05-04 20:19:22'),
(4033, '1', 109, NULL, 13, 22, '2020-05-04 20:19:22', '2020-05-04 20:19:22'),
(4034, '1', 110, NULL, 13, 22, '2020-05-04 20:19:22', '2020-05-04 20:19:22'),
(4035, '1', 111, NULL, 13, 22, '2020-05-04 20:19:22', '2020-05-04 20:19:22'),
(4036, '1', 112, NULL, 13, 22, '2020-05-04 20:19:22', '2020-05-04 20:19:22'),
(4037, '1', 113, NULL, 13, 22, '2020-05-04 20:19:22', '2020-05-04 20:19:22'),
(4038, '1', 114, NULL, 13, 22, '2020-05-04 20:19:22', '2020-05-04 20:19:22'),
(4039, '1', 115, NULL, 13, 22, '2020-05-04 20:19:22', '2020-05-04 20:19:22'),
(4040, '1', 116, NULL, 13, 22, '2020-05-04 20:19:22', '2020-05-04 20:19:22'),
(4041, '1', 117, NULL, 13, 22, '2020-05-04 20:19:22', '2020-05-04 20:19:22'),
(4042, '1', 118, NULL, 13, 22, '2020-05-04 20:19:22', '2020-05-04 20:19:22'),
(4043, '1', 119, NULL, 13, 22, '2020-05-04 20:19:22', '2020-05-04 20:19:22'),
(4044, '1', 120, NULL, 13, 22, '2020-05-04 20:19:22', '2020-05-04 20:19:22'),
(4045, '1', 121, NULL, 13, 22, '2020-05-04 20:19:22', '2020-05-04 20:19:22'),
(4046, '1', 122, NULL, 13, 22, '2020-05-04 20:19:22', '2020-05-04 20:19:22'),
(4047, '1', 123, NULL, 13, 22, '2020-05-04 20:19:22', '2020-05-04 20:19:22'),
(4048, '1', 124, NULL, 13, 22, '2020-05-04 20:19:22', '2020-05-04 20:19:22'),
(4049, '1', 125, NULL, 13, 22, '2020-05-04 20:19:22', '2020-05-04 20:19:22'),
(4050, '1', 126, NULL, 13, 22, '2020-05-04 20:19:22', '2020-05-04 20:19:22'),
(4051, '1', 127, NULL, 13, 22, '2020-05-04 20:19:22', '2020-05-04 20:19:22'),
(4052, '1', 128, NULL, 13, 22, '2020-05-04 20:19:22', '2020-05-04 20:19:22'),
(4053, '1', 129, NULL, 13, 22, '2020-05-04 20:19:22', '2020-05-04 20:19:22'),
(4054, '1', 130, NULL, 13, 22, '2020-05-04 20:19:22', '2020-05-04 20:19:22'),
(4055, '1', 131, NULL, 13, 22, '2020-05-04 20:19:22', '2020-05-04 20:19:22'),
(4056, '1', 132, NULL, 13, 22, '2020-05-04 20:19:22', '2020-05-04 20:19:22'),
(4057, '1', 133, NULL, 13, 22, '2020-05-04 20:19:22', '2020-05-04 20:19:22'),
(4058, '1', 134, NULL, 13, 22, '2020-05-04 20:19:22', '2020-05-04 20:19:22'),
(4059, '1', 135, NULL, 13, 22, '2020-05-04 20:19:22', '2020-05-04 20:19:22'),
(4060, '1', 136, NULL, 13, 22, '2020-05-04 20:19:22', '2020-05-04 20:19:22'),
(4061, '1', 137, NULL, 13, 22, '2020-05-04 20:19:22', '2020-05-04 20:19:22'),
(4062, '1', 138, NULL, 13, 22, '2020-05-04 20:19:22', '2020-05-04 20:19:22'),
(4063, '1', 139, NULL, 13, 22, '2020-05-04 20:19:22', '2020-05-04 20:19:22'),
(4064, '1', 140, NULL, 13, 22, '2020-05-04 20:19:22', '2020-05-04 20:19:22'),
(4065, '1', 141, NULL, 13, 22, '2020-05-04 20:19:22', '2020-05-04 20:19:22'),
(4066, '1', 142, NULL, 13, 22, '2020-05-04 20:19:22', '2020-05-04 20:19:22'),
(4067, '1', 143, NULL, 13, 22, '2020-05-04 20:19:22', '2020-05-04 20:19:22'),
(4068, '1', 144, NULL, 13, 22, '2020-05-04 20:19:22', '2020-05-04 20:19:22'),
(4069, '1', 145, NULL, 13, 22, '2020-05-04 20:19:22', '2020-05-04 20:19:22'),
(4070, '1', 146, NULL, 13, 22, '2020-05-04 20:19:22', '2020-05-04 20:19:22'),
(4071, '1', 147, NULL, 13, 22, '2020-05-04 20:19:22', '2020-05-04 20:19:22'),
(4072, '1', 148, NULL, 13, 22, '2020-05-04 20:19:22', '2020-05-04 20:19:22'),
(4073, '1', 149, NULL, 13, 22, '2020-05-04 20:19:22', '2020-05-04 20:19:22'),
(4074, '1', 150, NULL, 13, 22, '2020-05-04 20:19:22', '2020-05-04 20:19:22'),
(4075, '1', 151, NULL, 13, 22, '2020-05-04 20:19:22', '2020-05-04 20:19:22'),
(4076, '1', 152, NULL, 13, 22, '2020-05-04 20:19:22', '2020-05-04 20:19:22'),
(4077, '1', 153, NULL, 13, 22, '2020-05-04 20:19:22', '2020-05-04 20:19:22'),
(4078, '1', 154, NULL, 13, 22, '2020-05-04 20:19:22', '2020-05-04 20:19:22'),
(4079, '1', 155, NULL, 13, 22, '2020-05-04 20:19:22', '2020-05-04 20:19:22'),
(4080, '1', 156, NULL, 13, 22, '2020-05-04 20:19:22', '2020-05-04 20:19:22'),
(4081, '1', 157, NULL, 13, 22, '2020-05-04 20:19:22', '2020-05-04 20:19:22'),
(4082, '1', 158, NULL, 13, 22, '2020-05-04 20:19:22', '2020-05-04 20:19:22'),
(4083, '1', 159, NULL, 13, 22, '2020-05-04 20:19:22', '2020-05-04 20:19:22'),
(4084, '1', 160, NULL, 13, 22, '2020-05-04 20:19:22', '2020-05-04 20:19:22'),
(4085, '1', 161, NULL, 13, 22, '2020-05-04 20:19:22', '2020-05-04 20:19:22'),
(4086, '1', 162, NULL, 13, 22, '2020-05-04 20:19:22', '2020-05-04 20:19:22'),
(4087, '1', 163, NULL, 13, 22, '2020-05-04 20:19:22', '2020-05-04 20:19:22'),
(4088, '1', 164, NULL, 13, 22, '2020-05-04 20:19:22', '2020-05-04 20:19:22'),
(4089, '1', 165, NULL, 13, 22, '2020-05-04 20:19:22', '2020-05-04 20:19:22'),
(4090, '1', 166, NULL, 13, 22, '2020-05-04 20:19:22', '2020-05-04 20:19:22'),
(4091, '1', 167, NULL, 13, 22, '2020-05-04 20:19:22', '2020-05-04 20:19:22'),
(4092, '1', 168, NULL, 13, 22, '2020-05-04 20:19:22', '2020-05-04 20:19:22'),
(4093, '1', 169, NULL, 13, 22, '2020-05-04 20:19:22', '2020-05-04 20:19:22'),
(4094, '1', 170, NULL, 13, 22, '2020-05-04 20:19:22', '2020-05-04 20:19:22'),
(4095, '1', 171, NULL, 13, 22, '2020-05-04 20:19:22', '2020-05-04 20:19:22'),
(4096, '1', 172, NULL, 13, 22, '2020-05-04 20:19:22', '2020-05-04 20:19:22'),
(4097, '1', 173, NULL, 13, 22, '2020-05-04 20:19:22', '2020-05-04 20:19:22'),
(4098, '1', 174, NULL, 13, 22, '2020-05-04 20:19:22', '2020-05-04 20:19:22'),
(4099, '1', 175, NULL, 13, 22, '2020-05-04 20:19:22', '2020-05-04 20:19:22'),
(4100, '1', 176, NULL, 13, 22, '2020-05-04 20:19:22', '2020-05-04 20:19:22'),
(4101, '1', 177, NULL, 13, 22, '2020-05-04 20:19:22', '2020-05-04 20:19:22'),
(4102, '1', 178, NULL, 13, 22, '2020-05-04 20:19:22', '2020-05-04 20:19:22'),
(4103, '1', 179, NULL, 13, 22, '2020-05-04 20:19:22', '2020-05-04 20:19:22'),
(4104, '1', 180, NULL, 13, 22, '2020-05-04 20:19:22', '2020-05-04 20:19:22'),
(4105, '1', 181, NULL, 13, 22, '2020-05-04 20:19:22', '2020-05-04 20:19:22'),
(4106, '1', 182, NULL, 13, 22, '2020-05-04 20:19:22', '2020-05-04 20:19:22'),
(4107, '1', 183, NULL, 13, 22, '2020-05-04 20:19:22', '2020-05-04 20:19:22'),
(4108, '1', 184, NULL, 13, 22, '2020-05-04 20:19:22', '2020-05-04 20:19:22'),
(4109, '1', 185, NULL, 13, 22, '2020-05-04 20:19:22', '2020-05-04 20:19:22'),
(4110, '1', 186, NULL, 13, 22, '2020-05-04 20:19:22', '2020-05-04 20:19:22'),
(4111, '1', 187, NULL, 13, 22, '2020-05-04 20:19:22', '2020-05-04 20:19:22'),
(4112, '1', 188, NULL, 13, 22, '2020-05-04 20:19:22', '2020-05-04 20:19:22'),
(4113, '1', 189, NULL, 13, 22, '2020-05-04 20:19:22', '2020-05-04 20:19:22'),
(4114, '1', 190, NULL, 13, 22, '2020-05-04 20:19:22', '2020-05-04 20:19:22'),
(4115, '1', 191, NULL, 13, 22, '2020-05-04 20:19:22', '2020-05-04 20:19:22'),
(4116, '1', 192, NULL, 13, 22, '2020-05-04 20:19:22', '2020-05-04 20:19:22'),
(4117, '1', 193, NULL, 13, 22, '2020-05-04 20:19:22', '2020-05-04 20:19:22'),
(4118, '1', 194, NULL, 13, 22, '2020-05-04 20:19:22', '2020-05-04 20:19:22'),
(4119, '1', 195, NULL, 13, 22, '2020-05-04 20:19:22', '2020-05-04 20:19:22'),
(4120, '1', 196, NULL, 13, 22, '2020-05-04 20:19:22', '2020-05-04 20:19:22'),
(4121, '1', 197, NULL, 13, 22, '2020-05-04 20:19:22', '2020-05-04 20:19:22'),
(4122, '1', 198, NULL, 13, 22, '2020-05-04 20:19:22', '2020-05-04 20:19:22'),
(4123, '1', 199, NULL, 13, 22, '2020-05-04 20:19:22', '2020-05-04 20:19:22'),
(4124, '1', 200, NULL, 13, 22, '2020-05-04 20:19:22', '2020-05-04 20:19:22'),
(4125, '1', 201, NULL, 13, 22, '2020-05-04 20:19:22', '2020-05-04 20:19:22'),
(4126, '1', 202, NULL, 13, 22, '2020-05-04 20:19:22', '2020-05-04 20:19:22'),
(4127, '1', 203, NULL, 13, 22, '2020-05-04 20:19:22', '2020-05-04 20:19:22'),
(4128, '1', 204, NULL, 13, 22, '2020-05-04 20:19:22', '2020-05-04 20:19:22'),
(4129, '1', 205, NULL, 13, 22, '2020-05-04 20:19:22', '2020-05-04 20:19:22'),
(4130, '1', 206, NULL, 13, 22, '2020-05-04 20:19:22', '2020-05-04 20:19:22'),
(4131, '1', 207, NULL, 13, 22, '2020-05-04 20:19:22', '2020-05-04 20:19:22'),
(4132, '1', 208, NULL, 13, 22, '2020-05-04 20:19:22', '2020-05-04 20:19:22'),
(4133, '1', 209, NULL, 13, 22, '2020-05-04 20:19:22', '2020-05-04 20:19:22'),
(4134, '1', 210, NULL, 13, 22, '2020-05-04 20:19:22', '2020-05-04 20:19:22'),
(4135, '1', 211, NULL, 13, 22, '2020-05-04 20:19:22', '2020-05-04 20:19:22'),
(4136, '1', 212, NULL, 13, 22, '2020-05-04 20:19:22', '2020-05-04 20:19:22'),
(4137, '1', 83, NULL, 7, 23, '2020-05-04 21:21:58', '2020-05-04 21:21:58'),
(4138, '1', 84, NULL, 7, 23, '2020-05-04 21:21:58', '2020-05-04 21:21:58'),
(4139, '1', 85, NULL, 7, 23, '2020-05-04 21:21:58', '2020-05-04 21:21:58'),
(4140, '1', 86, NULL, 7, 23, '2020-05-04 21:21:58', '2020-05-04 21:21:58'),
(4141, '1', 87, NULL, 7, 23, '2020-05-04 21:21:58', '2020-05-04 21:21:58'),
(4142, '1', 88, NULL, 7, 23, '2020-05-04 21:21:58', '2020-05-04 21:21:58'),
(4143, '1', 89, NULL, 7, 23, '2020-05-04 21:21:58', '2020-05-04 21:21:58'),
(4144, '1', 90, NULL, 7, 23, '2020-05-04 21:21:58', '2020-05-04 21:21:58'),
(4145, '1', 91, NULL, 7, 23, '2020-05-04 21:21:58', '2020-05-04 21:21:58'),
(4146, '1', 92, NULL, 7, 23, '2020-05-04 21:21:58', '2020-05-04 21:21:58'),
(4147, '1', 93, NULL, 7, 23, '2020-05-04 21:21:58', '2020-05-04 21:21:58'),
(4148, '1', 94, NULL, 7, 23, '2020-05-04 21:21:58', '2020-05-04 21:21:58'),
(4149, '1', 95, NULL, 7, 23, '2020-05-04 21:21:58', '2020-05-04 21:21:58'),
(4150, '1', 96, NULL, 7, 23, '2020-05-04 21:21:58', '2020-05-04 21:21:58'),
(4151, '1', 97, NULL, 7, 23, '2020-05-04 21:21:58', '2020-05-04 21:21:58'),
(4152, '1', 98, NULL, 7, 23, '2020-05-04 21:21:58', '2020-05-04 21:21:58'),
(4153, '1', 99, NULL, 7, 23, '2020-05-04 21:21:58', '2020-05-04 21:21:58'),
(4154, '1', 100, NULL, 7, 23, '2020-05-04 21:21:58', '2020-05-04 21:21:58'),
(4155, '1', 101, NULL, 7, 23, '2020-05-04 21:21:58', '2020-05-04 21:21:58'),
(4156, '1', 102, NULL, 7, 23, '2020-05-04 21:21:58', '2020-05-04 21:21:58'),
(4157, '1', 103, NULL, 7, 23, '2020-05-04 21:21:58', '2020-05-04 21:21:58'),
(4158, '1', 104, NULL, 7, 23, '2020-05-04 21:21:58', '2020-05-04 21:21:58'),
(4159, '1', 105, NULL, 7, 23, '2020-05-04 21:21:58', '2020-05-04 21:21:58'),
(4160, '1', 106, NULL, 7, 23, '2020-05-04 21:21:58', '2020-05-04 21:21:58'),
(4161, '1', 107, NULL, 7, 23, '2020-05-04 21:21:58', '2020-05-04 21:21:58'),
(4162, '1', 108, NULL, 7, 23, '2020-05-04 21:21:58', '2020-05-04 21:21:58'),
(4163, '1', 109, NULL, 7, 23, '2020-05-04 21:21:58', '2020-05-04 21:21:58'),
(4164, '1', 110, NULL, 7, 23, '2020-05-04 21:21:58', '2020-05-04 21:21:58'),
(4165, '1', 111, NULL, 7, 23, '2020-05-04 21:21:58', '2020-05-04 21:21:58'),
(4166, '1', 112, NULL, 7, 23, '2020-05-04 21:21:58', '2020-05-04 21:21:58'),
(4167, '1', 113, NULL, 7, 23, '2020-05-04 21:21:58', '2020-05-04 21:21:58');
INSERT INTO `encuesta_respuesta` (`id`, `estado`, `pregunta_id`, `subpregunta_id`, `respuesta_id`, `encuesta_puntaje_id`, `created_at`, `updated_at`) VALUES
(4168, '1', 114, NULL, 7, 23, '2020-05-04 21:21:58', '2020-05-04 21:21:58'),
(4169, '1', 115, NULL, 7, 23, '2020-05-04 21:21:58', '2020-05-04 21:21:58'),
(4170, '1', 116, NULL, 7, 23, '2020-05-04 21:21:58', '2020-05-04 21:21:58'),
(4171, '1', 117, NULL, 7, 23, '2020-05-04 21:21:58', '2020-05-04 21:21:58'),
(4172, '1', 118, NULL, 7, 23, '2020-05-04 21:21:58', '2020-05-04 21:21:58'),
(4173, '1', 119, NULL, 7, 23, '2020-05-04 21:21:58', '2020-05-04 21:21:58'),
(4174, '1', 120, NULL, 7, 23, '2020-05-04 21:21:58', '2020-05-04 21:21:58'),
(4175, '1', 121, NULL, 7, 23, '2020-05-04 21:21:58', '2020-05-04 21:21:58'),
(4176, '1', 122, NULL, 7, 23, '2020-05-04 21:21:58', '2020-05-04 21:21:58'),
(4177, '1', 123, NULL, 7, 23, '2020-05-04 21:21:58', '2020-05-04 21:21:58'),
(4178, '1', 124, NULL, 7, 23, '2020-05-04 21:21:58', '2020-05-04 21:21:58'),
(4179, '1', 125, NULL, 7, 23, '2020-05-04 21:21:58', '2020-05-04 21:21:58'),
(4180, '1', 126, NULL, 7, 23, '2020-05-04 21:21:58', '2020-05-04 21:21:58'),
(4181, '1', 127, NULL, 7, 23, '2020-05-04 21:21:58', '2020-05-04 21:21:58'),
(4182, '1', 128, NULL, 7, 23, '2020-05-04 21:21:58', '2020-05-04 21:21:58'),
(4183, '1', 129, NULL, 7, 23, '2020-05-04 21:21:58', '2020-05-04 21:21:58'),
(4184, '1', 130, NULL, 7, 23, '2020-05-04 21:21:58', '2020-05-04 21:21:58'),
(4185, '1', 131, NULL, 7, 23, '2020-05-04 21:21:58', '2020-05-04 21:21:58'),
(4186, '1', 132, NULL, 7, 23, '2020-05-04 21:21:58', '2020-05-04 21:21:58'),
(4187, '1', 133, NULL, 7, 23, '2020-05-04 21:21:58', '2020-05-04 21:21:58'),
(4188, '1', 134, NULL, 7, 23, '2020-05-04 21:21:58', '2020-05-04 21:21:58'),
(4189, '1', 135, NULL, 7, 23, '2020-05-04 21:21:58', '2020-05-04 21:21:58'),
(4190, '1', 136, NULL, 7, 23, '2020-05-04 21:21:58', '2020-05-04 21:21:58'),
(4191, '1', 137, NULL, 7, 23, '2020-05-04 21:21:58', '2020-05-04 21:21:58'),
(4192, '1', 138, NULL, 7, 23, '2020-05-04 21:21:58', '2020-05-04 21:21:58'),
(4193, '1', 139, NULL, 7, 23, '2020-05-04 21:21:58', '2020-05-04 21:21:58'),
(4194, '1', 140, NULL, 7, 23, '2020-05-04 21:21:58', '2020-05-04 21:21:58'),
(4195, '1', 141, NULL, 7, 23, '2020-05-04 21:21:58', '2020-05-04 21:21:58'),
(4196, '1', 142, NULL, 7, 23, '2020-05-04 21:21:58', '2020-05-04 21:21:58'),
(4197, '1', 143, NULL, 7, 23, '2020-05-04 21:21:58', '2020-05-04 21:21:58'),
(4198, '1', 144, NULL, 7, 23, '2020-05-04 21:21:58', '2020-05-04 21:21:58'),
(4199, '1', 145, NULL, 7, 23, '2020-05-04 21:21:58', '2020-05-04 21:21:58'),
(4200, '1', 146, NULL, 7, 23, '2020-05-04 21:21:58', '2020-05-04 21:21:58'),
(4201, '1', 147, NULL, 7, 23, '2020-05-04 21:21:58', '2020-05-04 21:21:58'),
(4202, '1', 148, NULL, 7, 23, '2020-05-04 21:21:58', '2020-05-04 21:21:58'),
(4203, '1', 149, NULL, 7, 23, '2020-05-04 21:21:58', '2020-05-04 21:21:58'),
(4204, '1', 150, NULL, 7, 23, '2020-05-04 21:21:58', '2020-05-04 21:21:58'),
(4205, '1', 151, NULL, 7, 23, '2020-05-04 21:21:58', '2020-05-04 21:21:58'),
(4206, '1', 152, NULL, 7, 23, '2020-05-04 21:21:58', '2020-05-04 21:21:58'),
(4207, '1', 153, NULL, 7, 23, '2020-05-04 21:21:58', '2020-05-04 21:21:58'),
(4208, '1', 154, NULL, 7, 23, '2020-05-04 21:21:58', '2020-05-04 21:21:58'),
(4209, '1', 155, NULL, 7, 23, '2020-05-04 21:21:58', '2020-05-04 21:21:58'),
(4210, '1', 156, NULL, 7, 23, '2020-05-04 21:21:58', '2020-05-04 21:21:58'),
(4211, '1', 157, NULL, 7, 23, '2020-05-04 21:21:58', '2020-05-04 21:21:58'),
(4212, '1', 158, NULL, 7, 23, '2020-05-04 21:21:58', '2020-05-04 21:21:58'),
(4213, '1', 159, NULL, 7, 23, '2020-05-04 21:21:58', '2020-05-04 21:21:58'),
(4214, '1', 160, NULL, 7, 23, '2020-05-04 21:21:58', '2020-05-04 21:21:58'),
(4215, '1', 161, NULL, 7, 23, '2020-05-04 21:21:58', '2020-05-04 21:21:58'),
(4216, '1', 162, NULL, 7, 23, '2020-05-04 21:21:58', '2020-05-04 21:21:58'),
(4217, '1', 163, NULL, 7, 23, '2020-05-04 21:21:58', '2020-05-04 21:21:58'),
(4218, '1', 164, NULL, 7, 23, '2020-05-04 21:21:58', '2020-05-04 21:21:58'),
(4219, '1', 165, NULL, 7, 23, '2020-05-04 21:21:58', '2020-05-04 21:21:58'),
(4220, '1', 166, NULL, 7, 23, '2020-05-04 21:21:58', '2020-05-04 21:21:58'),
(4221, '1', 167, NULL, 7, 23, '2020-05-04 21:21:58', '2020-05-04 21:21:58'),
(4222, '1', 168, NULL, 7, 23, '2020-05-04 21:21:58', '2020-05-04 21:21:58'),
(4223, '1', 169, NULL, 7, 23, '2020-05-04 21:21:58', '2020-05-04 21:21:58'),
(4224, '1', 170, NULL, 7, 23, '2020-05-04 21:21:58', '2020-05-04 21:21:58'),
(4225, '1', 171, NULL, 7, 23, '2020-05-04 21:21:58', '2020-05-04 21:21:58'),
(4226, '1', 172, NULL, 7, 23, '2020-05-04 21:21:58', '2020-05-04 21:21:58'),
(4227, '1', 173, NULL, 7, 23, '2020-05-04 21:21:58', '2020-05-04 21:21:58'),
(4228, '1', 174, NULL, 7, 23, '2020-05-04 21:21:58', '2020-05-04 21:21:58'),
(4229, '1', 175, NULL, 7, 23, '2020-05-04 21:21:58', '2020-05-04 21:21:58'),
(4230, '1', 176, NULL, 7, 23, '2020-05-04 21:21:58', '2020-05-04 21:21:58'),
(4231, '1', 177, NULL, 7, 23, '2020-05-04 21:21:58', '2020-05-04 21:21:58'),
(4232, '1', 178, NULL, 7, 23, '2020-05-04 21:21:58', '2020-05-04 21:21:58'),
(4233, '1', 179, NULL, 7, 23, '2020-05-04 21:21:58', '2020-05-04 21:21:58'),
(4234, '1', 180, NULL, 7, 23, '2020-05-04 21:21:58', '2020-05-04 21:21:58'),
(4235, '1', 181, NULL, 7, 23, '2020-05-04 21:21:58', '2020-05-04 21:21:58'),
(4236, '1', 182, NULL, 7, 23, '2020-05-04 21:21:58', '2020-05-04 21:21:58'),
(4237, '1', 183, NULL, 7, 23, '2020-05-04 21:21:58', '2020-05-04 21:21:58'),
(4238, '1', 184, NULL, 7, 23, '2020-05-04 21:21:58', '2020-05-04 21:21:58'),
(4239, '1', 185, NULL, 7, 23, '2020-05-04 21:21:58', '2020-05-04 21:21:58'),
(4240, '1', 186, NULL, 7, 23, '2020-05-04 21:21:58', '2020-05-04 21:21:58'),
(4241, '1', 187, NULL, 7, 23, '2020-05-04 21:21:58', '2020-05-04 21:21:58'),
(4242, '1', 188, NULL, 7, 23, '2020-05-04 21:21:58', '2020-05-04 21:21:58'),
(4243, '1', 189, NULL, 7, 23, '2020-05-04 21:21:58', '2020-05-04 21:21:58'),
(4244, '1', 190, NULL, 7, 23, '2020-05-04 21:21:58', '2020-05-04 21:21:58'),
(4245, '1', 191, NULL, 7, 23, '2020-05-04 21:21:58', '2020-05-04 21:21:58'),
(4246, '1', 192, NULL, 7, 23, '2020-05-04 21:21:58', '2020-05-04 21:21:58'),
(4247, '1', 193, NULL, 7, 23, '2020-05-04 21:21:58', '2020-05-04 21:21:58'),
(4248, '1', 194, NULL, 7, 23, '2020-05-04 21:21:58', '2020-05-04 21:21:58'),
(4249, '1', 195, NULL, 7, 23, '2020-05-04 21:21:58', '2020-05-04 21:21:58'),
(4250, '1', 196, NULL, 7, 23, '2020-05-04 21:21:58', '2020-05-04 21:21:58'),
(4251, '1', 197, NULL, 7, 23, '2020-05-04 21:21:58', '2020-05-04 21:21:58'),
(4252, '1', 198, NULL, 7, 23, '2020-05-04 21:21:58', '2020-05-04 21:21:58'),
(4253, '1', 199, NULL, 7, 23, '2020-05-04 21:21:58', '2020-05-04 21:21:58'),
(4254, '1', 200, NULL, 7, 23, '2020-05-04 21:21:58', '2020-05-04 21:21:58'),
(4255, '1', 201, NULL, 7, 23, '2020-05-04 21:21:58', '2020-05-04 21:21:58'),
(4256, '1', 202, NULL, 7, 23, '2020-05-04 21:21:58', '2020-05-04 21:21:58'),
(4257, '1', 203, NULL, 7, 23, '2020-05-04 21:21:58', '2020-05-04 21:21:58'),
(4258, '1', 204, NULL, 7, 23, '2020-05-04 21:21:58', '2020-05-04 21:21:58'),
(4259, '1', 205, NULL, 7, 23, '2020-05-04 21:21:58', '2020-05-04 21:21:58'),
(4260, '1', 206, NULL, 7, 23, '2020-05-04 21:21:58', '2020-05-04 21:21:58'),
(4261, '1', 207, NULL, 7, 23, '2020-05-04 21:21:58', '2020-05-04 21:21:58'),
(4262, '1', 208, NULL, 7, 23, '2020-05-04 21:21:58', '2020-05-04 21:21:58'),
(4263, '1', 209, NULL, 7, 23, '2020-05-04 21:21:58', '2020-05-04 21:21:58'),
(4264, '1', 210, NULL, 7, 23, '2020-05-04 21:21:58', '2020-05-04 21:21:58'),
(4265, '1', 211, NULL, 10, 23, '2020-05-04 21:21:58', '2020-05-04 21:21:58'),
(4266, '1', 212, NULL, 7, 23, '2020-05-04 21:21:58', '2020-05-04 21:21:58'),
(4267, '1', 82, 1, 1, 24, '2020-05-05 02:08:24', '2020-05-05 02:08:24'),
(4268, '1', 82, 2, 1, 24, '2020-05-05 02:08:24', '2020-05-05 02:08:24'),
(4269, '1', 82, 3, 5, 24, '2020-05-05 02:08:24', '2020-05-05 02:08:24'),
(4270, '1', 1, 1, 3, 24, '2020-05-05 02:08:24', '2020-05-05 02:08:24'),
(4271, '1', 1, 2, 2, 24, '2020-05-05 02:08:24', '2020-05-05 02:08:24'),
(4272, '1', 1, 3, 5, 24, '2020-05-05 02:08:24', '2020-05-05 02:08:24'),
(4273, '1', 2, 1, 1, 24, '2020-05-05 02:08:24', '2020-05-05 02:08:24'),
(4274, '1', 2, 2, 1, 24, '2020-05-05 02:08:24', '2020-05-05 02:08:24'),
(4275, '1', 2, 3, 5, 24, '2020-05-05 02:08:24', '2020-05-05 02:08:24'),
(4276, '1', 3, 1, 4, 24, '2020-05-05 02:08:24', '2020-05-05 02:08:24'),
(4277, '1', 3, 2, 3, 24, '2020-05-05 02:08:24', '2020-05-05 02:08:24'),
(4278, '1', 3, 3, 6, 24, '2020-05-05 02:08:24', '2020-05-05 02:08:24'),
(4279, '1', 4, 1, 4, 24, '2020-05-05 02:08:24', '2020-05-05 02:08:24'),
(4280, '1', 4, 2, 4, 24, '2020-05-05 02:08:24', '2020-05-05 02:08:24'),
(4281, '1', 4, 3, 6, 24, '2020-05-05 02:08:24', '2020-05-05 02:08:24'),
(4282, '1', 5, 1, 1, 24, '2020-05-05 02:08:24', '2020-05-05 02:08:24'),
(4283, '1', 5, 2, 1, 24, '2020-05-05 02:08:24', '2020-05-05 02:08:24'),
(4284, '1', 5, 3, 5, 24, '2020-05-05 02:08:24', '2020-05-05 02:08:24'),
(4285, '1', 6, 1, 3, 24, '2020-05-05 02:08:24', '2020-05-05 02:08:24'),
(4286, '1', 6, 2, 1, 24, '2020-05-05 02:08:24', '2020-05-05 02:08:24'),
(4287, '1', 6, 3, 5, 24, '2020-05-05 02:08:24', '2020-05-05 02:08:24'),
(4288, '1', 7, 1, 1, 24, '2020-05-05 02:08:24', '2020-05-05 02:08:24'),
(4289, '1', 7, 2, 1, 24, '2020-05-05 02:08:24', '2020-05-05 02:08:24'),
(4290, '1', 7, 3, 5, 24, '2020-05-05 02:08:24', '2020-05-05 02:08:24'),
(4291, '1', 8, 1, 1, 24, '2020-05-05 02:08:24', '2020-05-05 02:08:24'),
(4292, '1', 8, 2, 1, 24, '2020-05-05 02:08:24', '2020-05-05 02:08:24'),
(4293, '1', 8, 3, 5, 24, '2020-05-05 02:08:24', '2020-05-05 02:08:24'),
(4294, '1', 9, 1, 3, 24, '2020-05-05 02:08:24', '2020-05-05 02:08:24'),
(4295, '1', 9, 2, 1, 24, '2020-05-05 02:08:24', '2020-05-05 02:08:24'),
(4296, '1', 9, 3, 5, 24, '2020-05-05 02:08:24', '2020-05-05 02:08:24'),
(4297, '1', 10, 1, 1, 24, '2020-05-05 02:08:24', '2020-05-05 02:08:24'),
(4298, '1', 10, 2, 1, 24, '2020-05-05 02:08:24', '2020-05-05 02:08:24'),
(4299, '1', 10, 3, 5, 24, '2020-05-05 02:08:24', '2020-05-05 02:08:24'),
(4300, '1', 11, 1, 1, 24, '2020-05-05 02:08:24', '2020-05-05 02:08:24'),
(4301, '1', 11, 2, 1, 24, '2020-05-05 02:08:24', '2020-05-05 02:08:24'),
(4302, '1', 11, 3, 5, 24, '2020-05-05 02:08:24', '2020-05-05 02:08:24'),
(4303, '1', 12, 1, 1, 24, '2020-05-05 02:08:24', '2020-05-05 02:08:24'),
(4304, '1', 12, 2, 3, 24, '2020-05-05 02:08:24', '2020-05-05 02:08:24'),
(4305, '1', 12, 3, 6, 24, '2020-05-05 02:08:24', '2020-05-05 02:08:24'),
(4306, '1', 13, 1, 1, 24, '2020-05-05 02:08:24', '2020-05-05 02:08:24'),
(4307, '1', 13, 2, 1, 24, '2020-05-05 02:08:24', '2020-05-05 02:08:24'),
(4308, '1', 13, 3, 5, 24, '2020-05-05 02:08:24', '2020-05-05 02:08:24'),
(4309, '1', 14, 1, 1, 24, '2020-05-05 02:08:24', '2020-05-05 02:08:24'),
(4310, '1', 14, 2, 1, 24, '2020-05-05 02:08:24', '2020-05-05 02:08:24'),
(4311, '1', 14, 3, 5, 24, '2020-05-05 02:08:24', '2020-05-05 02:08:24'),
(4312, '1', 15, 1, 3, 24, '2020-05-05 02:08:24', '2020-05-05 02:08:24'),
(4313, '1', 15, 2, 3, 24, '2020-05-05 02:08:24', '2020-05-05 02:08:24'),
(4314, '1', 15, 3, 6, 24, '2020-05-05 02:08:24', '2020-05-05 02:08:24'),
(4315, '1', 16, 1, 2, 24, '2020-05-05 02:08:24', '2020-05-05 02:08:24'),
(4316, '1', 16, 2, 3, 24, '2020-05-05 02:08:24', '2020-05-05 02:08:24'),
(4317, '1', 16, 3, 6, 24, '2020-05-05 02:08:24', '2020-05-05 02:08:24'),
(4318, '1', 17, 1, 4, 24, '2020-05-05 02:08:24', '2020-05-05 02:08:24'),
(4319, '1', 17, 2, 4, 24, '2020-05-05 02:08:24', '2020-05-05 02:08:24'),
(4320, '1', 17, 3, 6, 24, '2020-05-05 02:08:24', '2020-05-05 02:08:24'),
(4321, '1', 18, 1, 2, 24, '2020-05-05 02:08:24', '2020-05-05 02:08:24'),
(4322, '1', 18, 2, 2, 24, '2020-05-05 02:08:24', '2020-05-05 02:08:24'),
(4323, '1', 18, 3, 5, 24, '2020-05-05 02:08:24', '2020-05-05 02:08:24'),
(4324, '1', 19, 1, 3, 24, '2020-05-05 02:08:24', '2020-05-05 02:08:24'),
(4325, '1', 19, 2, 3, 24, '2020-05-05 02:08:24', '2020-05-05 02:08:24'),
(4326, '1', 19, 3, 5, 24, '2020-05-05 02:08:24', '2020-05-05 02:08:24'),
(4327, '1', 20, 1, 1, 24, '2020-05-05 02:08:24', '2020-05-05 02:08:24'),
(4328, '1', 20, 2, 1, 24, '2020-05-05 02:08:24', '2020-05-05 02:08:24'),
(4329, '1', 20, 3, 5, 24, '2020-05-05 02:08:24', '2020-05-05 02:08:24'),
(4330, '1', 21, 1, 1, 24, '2020-05-05 02:08:24', '2020-05-05 02:08:24'),
(4331, '1', 21, 2, 1, 24, '2020-05-05 02:08:24', '2020-05-05 02:08:24'),
(4332, '1', 21, 3, 5, 24, '2020-05-05 02:08:24', '2020-05-05 02:08:24'),
(4333, '1', 22, 1, 3, 24, '2020-05-05 02:08:24', '2020-05-05 02:08:24'),
(4334, '1', 22, 2, 3, 24, '2020-05-05 02:08:24', '2020-05-05 02:08:24'),
(4335, '1', 22, 3, 6, 24, '2020-05-05 02:08:24', '2020-05-05 02:08:24'),
(4336, '1', 23, 1, 1, 24, '2020-05-05 02:08:24', '2020-05-05 02:08:24'),
(4337, '1', 23, 2, 2, 24, '2020-05-05 02:08:24', '2020-05-05 02:08:24'),
(4338, '1', 23, 3, 6, 24, '2020-05-05 02:08:24', '2020-05-05 02:08:24'),
(4339, '1', 24, 1, 1, 24, '2020-05-05 02:08:24', '2020-05-05 02:08:24'),
(4340, '1', 24, 2, 1, 24, '2020-05-05 02:08:24', '2020-05-05 02:08:24'),
(4341, '1', 24, 3, 5, 24, '2020-05-05 02:08:24', '2020-05-05 02:08:24'),
(4342, '1', 25, 1, 1, 24, '2020-05-05 02:08:24', '2020-05-05 02:08:24'),
(4343, '1', 25, 2, 1, 24, '2020-05-05 02:08:24', '2020-05-05 02:08:24'),
(4344, '1', 25, 3, 5, 24, '2020-05-05 02:08:24', '2020-05-05 02:08:24'),
(4345, '1', 26, 1, 1, 24, '2020-05-05 02:08:24', '2020-05-05 02:08:24'),
(4346, '1', 26, 2, 1, 24, '2020-05-05 02:08:24', '2020-05-05 02:08:24'),
(4347, '1', 26, 3, 5, 24, '2020-05-05 02:08:24', '2020-05-05 02:08:24'),
(4348, '1', 27, 1, 3, 24, '2020-05-05 02:08:24', '2020-05-05 02:08:24'),
(4349, '1', 27, 2, 1, 24, '2020-05-05 02:08:24', '2020-05-05 02:08:24'),
(4350, '1', 27, 3, 5, 24, '2020-05-05 02:08:24', '2020-05-05 02:08:24'),
(4351, '1', 28, 1, 1, 24, '2020-05-05 02:08:24', '2020-05-05 02:08:24'),
(4352, '1', 28, 2, 1, 24, '2020-05-05 02:08:24', '2020-05-05 02:08:24'),
(4353, '1', 28, 3, 5, 24, '2020-05-05 02:08:24', '2020-05-05 02:08:24'),
(4354, '1', 29, 1, 1, 24, '2020-05-05 02:08:24', '2020-05-05 02:08:24'),
(4355, '1', 29, 2, 1, 24, '2020-05-05 02:08:24', '2020-05-05 02:08:24'),
(4356, '1', 29, 3, 5, 24, '2020-05-05 02:08:24', '2020-05-05 02:08:24'),
(4357, '1', 30, 1, 1, 24, '2020-05-05 02:08:24', '2020-05-05 02:08:24'),
(4358, '1', 30, 2, 1, 24, '2020-05-05 02:08:24', '2020-05-05 02:08:24'),
(4359, '1', 30, 3, 5, 24, '2020-05-05 02:08:24', '2020-05-05 02:08:24'),
(4360, '1', 31, 1, 2, 24, '2020-05-05 02:08:24', '2020-05-05 02:08:24'),
(4361, '1', 31, 2, 2, 24, '2020-05-05 02:08:24', '2020-05-05 02:08:24'),
(4362, '1', 31, 3, 5, 24, '2020-05-05 02:08:24', '2020-05-05 02:08:24'),
(4363, '1', 32, 1, 1, 24, '2020-05-05 02:08:24', '2020-05-05 02:08:24'),
(4364, '1', 32, 2, 1, 24, '2020-05-05 02:08:24', '2020-05-05 02:08:24'),
(4365, '1', 32, 3, 5, 24, '2020-05-05 02:08:24', '2020-05-05 02:08:24'),
(4366, '1', 33, 1, 1, 24, '2020-05-05 02:08:24', '2020-05-05 02:08:24'),
(4367, '1', 33, 2, 1, 24, '2020-05-05 02:08:24', '2020-05-05 02:08:24'),
(4368, '1', 33, 3, 5, 24, '2020-05-05 02:08:24', '2020-05-05 02:08:24'),
(4369, '1', 34, 1, 3, 24, '2020-05-05 02:08:24', '2020-05-05 02:08:24'),
(4370, '1', 34, 2, 4, 24, '2020-05-05 02:08:24', '2020-05-05 02:08:24'),
(4371, '1', 34, 3, 6, 24, '2020-05-05 02:08:24', '2020-05-05 02:08:24'),
(4372, '1', 35, 1, 2, 24, '2020-05-05 02:08:24', '2020-05-05 02:08:24'),
(4373, '1', 35, 2, 2, 24, '2020-05-05 02:08:24', '2020-05-05 02:08:24'),
(4374, '1', 35, 3, 5, 24, '2020-05-05 02:08:24', '2020-05-05 02:08:24'),
(4375, '1', 36, 1, 4, 24, '2020-05-05 02:08:24', '2020-05-05 02:08:24'),
(4376, '1', 36, 2, 4, 24, '2020-05-05 02:08:24', '2020-05-05 02:08:24'),
(4377, '1', 36, 3, 6, 24, '2020-05-05 02:08:24', '2020-05-05 02:08:24'),
(4378, '1', 37, 1, 2, 24, '2020-05-05 02:08:24', '2020-05-05 02:08:24'),
(4379, '1', 37, 2, 1, 24, '2020-05-05 02:08:24', '2020-05-05 02:08:24'),
(4380, '1', 37, 3, 5, 24, '2020-05-05 02:08:24', '2020-05-05 02:08:24'),
(4381, '1', 38, 1, 3, 24, '2020-05-05 02:08:24', '2020-05-05 02:08:24'),
(4382, '1', 38, 2, 3, 24, '2020-05-05 02:08:24', '2020-05-05 02:08:24'),
(4383, '1', 38, 3, 5, 24, '2020-05-05 02:08:24', '2020-05-05 02:08:24'),
(4384, '1', 39, 1, 1, 24, '2020-05-05 02:08:24', '2020-05-05 02:08:24'),
(4385, '1', 39, 2, 1, 24, '2020-05-05 02:08:24', '2020-05-05 02:08:24'),
(4386, '1', 39, 3, 5, 24, '2020-05-05 02:08:24', '2020-05-05 02:08:24'),
(4387, '1', 40, 1, 1, 24, '2020-05-05 02:08:24', '2020-05-05 02:08:24'),
(4388, '1', 40, 2, 1, 24, '2020-05-05 02:08:24', '2020-05-05 02:08:24'),
(4389, '1', 40, 3, 5, 24, '2020-05-05 02:08:24', '2020-05-05 02:08:24'),
(4390, '1', 41, 1, 4, 24, '2020-05-05 02:08:24', '2020-05-05 02:08:24'),
(4391, '1', 41, 2, 3, 24, '2020-05-05 02:08:24', '2020-05-05 02:08:24'),
(4392, '1', 41, 3, 6, 24, '2020-05-05 02:08:24', '2020-05-05 02:08:24'),
(4393, '1', 42, 1, 3, 24, '2020-05-05 02:08:24', '2020-05-05 02:08:24'),
(4394, '1', 42, 2, 4, 24, '2020-05-05 02:08:24', '2020-05-05 02:08:24'),
(4395, '1', 42, 3, 6, 24, '2020-05-05 02:08:24', '2020-05-05 02:08:24'),
(4396, '1', 43, 1, 1, 24, '2020-05-05 02:08:24', '2020-05-05 02:08:24'),
(4397, '1', 43, 2, 1, 24, '2020-05-05 02:08:24', '2020-05-05 02:08:24'),
(4398, '1', 43, 3, 5, 24, '2020-05-05 02:08:24', '2020-05-05 02:08:24'),
(4399, '1', 44, 1, 4, 24, '2020-05-05 02:08:24', '2020-05-05 02:08:24'),
(4400, '1', 44, 2, 2, 24, '2020-05-05 02:08:24', '2020-05-05 02:08:24'),
(4401, '1', 44, 3, 5, 24, '2020-05-05 02:08:24', '2020-05-05 02:08:24'),
(4402, '1', 45, 1, 1, 24, '2020-05-05 02:08:24', '2020-05-05 02:08:24'),
(4403, '1', 45, 2, 1, 24, '2020-05-05 02:08:24', '2020-05-05 02:08:24'),
(4404, '1', 45, 3, 5, 24, '2020-05-05 02:08:24', '2020-05-05 02:08:24'),
(4405, '1', 46, 1, 3, 24, '2020-05-05 02:08:24', '2020-05-05 02:08:24'),
(4406, '1', 46, 2, 1, 24, '2020-05-05 02:08:24', '2020-05-05 02:08:24'),
(4407, '1', 46, 3, 5, 24, '2020-05-05 02:08:24', '2020-05-05 02:08:24'),
(4408, '1', 47, 1, 1, 24, '2020-05-05 02:08:24', '2020-05-05 02:08:24'),
(4409, '1', 47, 2, 1, 24, '2020-05-05 02:08:24', '2020-05-05 02:08:24'),
(4410, '1', 47, 3, 5, 24, '2020-05-05 02:08:24', '2020-05-05 02:08:24'),
(4411, '1', 48, 1, 1, 24, '2020-05-05 02:08:24', '2020-05-05 02:08:24'),
(4412, '1', 48, 2, 1, 24, '2020-05-05 02:08:24', '2020-05-05 02:08:24'),
(4413, '1', 48, 3, 5, 24, '2020-05-05 02:08:24', '2020-05-05 02:08:24'),
(4414, '1', 49, 1, 1, 24, '2020-05-05 02:08:24', '2020-05-05 02:08:24'),
(4415, '1', 49, 2, 1, 24, '2020-05-05 02:08:24', '2020-05-05 02:08:24'),
(4416, '1', 49, 3, 5, 24, '2020-05-05 02:08:24', '2020-05-05 02:08:24'),
(4417, '1', 50, 1, 3, 24, '2020-05-05 02:08:24', '2020-05-05 02:08:24'),
(4418, '1', 50, 2, 3, 24, '2020-05-05 02:08:24', '2020-05-05 02:08:24'),
(4419, '1', 50, 3, 5, 24, '2020-05-05 02:08:24', '2020-05-05 02:08:24'),
(4420, '1', 51, 1, 1, 24, '2020-05-05 02:08:24', '2020-05-05 02:08:24'),
(4421, '1', 51, 2, 1, 24, '2020-05-05 02:08:24', '2020-05-05 02:08:24'),
(4422, '1', 51, 3, 5, 24, '2020-05-05 02:08:24', '2020-05-05 02:08:24'),
(4423, '1', 52, 1, 1, 24, '2020-05-05 02:08:24', '2020-05-05 02:08:24'),
(4424, '1', 52, 2, 1, 24, '2020-05-05 02:08:24', '2020-05-05 02:08:24'),
(4425, '1', 52, 3, 5, 24, '2020-05-05 02:08:24', '2020-05-05 02:08:24'),
(4426, '1', 53, 1, 3, 24, '2020-05-05 02:08:24', '2020-05-05 02:08:24'),
(4427, '1', 53, 2, 3, 24, '2020-05-05 02:08:24', '2020-05-05 02:08:24'),
(4428, '1', 53, 3, 6, 24, '2020-05-05 02:08:24', '2020-05-05 02:08:24'),
(4429, '1', 54, 1, 3, 24, '2020-05-05 02:08:24', '2020-05-05 02:08:24'),
(4430, '1', 54, 2, 3, 24, '2020-05-05 02:08:24', '2020-05-05 02:08:24'),
(4431, '1', 54, 3, 6, 24, '2020-05-05 02:08:24', '2020-05-05 02:08:24'),
(4432, '1', 55, 1, 4, 24, '2020-05-05 02:08:24', '2020-05-05 02:08:24'),
(4433, '1', 55, 2, 4, 24, '2020-05-05 02:08:24', '2020-05-05 02:08:24'),
(4434, '1', 55, 3, 6, 24, '2020-05-05 02:08:24', '2020-05-05 02:08:24'),
(4435, '1', 56, 1, 2, 24, '2020-05-05 02:08:24', '2020-05-05 02:08:24'),
(4436, '1', 56, 2, 2, 24, '2020-05-05 02:08:24', '2020-05-05 02:08:24'),
(4437, '1', 56, 3, 5, 24, '2020-05-05 02:08:24', '2020-05-05 02:08:24'),
(4438, '1', 57, 1, 1, 24, '2020-05-05 02:08:24', '2020-05-05 02:08:24'),
(4439, '1', 57, 2, 1, 24, '2020-05-05 02:08:24', '2020-05-05 02:08:24'),
(4440, '1', 57, 3, 5, 24, '2020-05-05 02:08:24', '2020-05-05 02:08:24'),
(4441, '1', 58, 1, 1, 24, '2020-05-05 02:08:24', '2020-05-05 02:08:24'),
(4442, '1', 58, 2, 1, 24, '2020-05-05 02:08:24', '2020-05-05 02:08:24'),
(4443, '1', 58, 3, 5, 24, '2020-05-05 02:08:24', '2020-05-05 02:08:24'),
(4444, '1', 59, 1, 1, 24, '2020-05-05 02:08:24', '2020-05-05 02:08:24'),
(4445, '1', 59, 2, 1, 24, '2020-05-05 02:08:24', '2020-05-05 02:08:24'),
(4446, '1', 59, 3, 5, 24, '2020-05-05 02:08:24', '2020-05-05 02:08:24'),
(4447, '1', 60, 1, 2, 24, '2020-05-05 02:08:24', '2020-05-05 02:08:24'),
(4448, '1', 60, 2, 3, 24, '2020-05-05 02:08:24', '2020-05-05 02:08:24'),
(4449, '1', 60, 3, 5, 24, '2020-05-05 02:08:24', '2020-05-05 02:08:24'),
(4450, '1', 61, 1, 3, 24, '2020-05-05 02:08:24', '2020-05-05 02:08:24'),
(4451, '1', 61, 2, 2, 24, '2020-05-05 02:08:24', '2020-05-05 02:08:24'),
(4452, '1', 61, 3, 6, 24, '2020-05-05 02:08:24', '2020-05-05 02:08:24'),
(4453, '1', 62, 1, 1, 24, '2020-05-05 02:08:24', '2020-05-05 02:08:24'),
(4454, '1', 62, 2, 1, 24, '2020-05-05 02:08:24', '2020-05-05 02:08:24'),
(4455, '1', 62, 3, 5, 24, '2020-05-05 02:08:24', '2020-05-05 02:08:24'),
(4456, '1', 63, 1, 1, 24, '2020-05-05 02:08:24', '2020-05-05 02:08:24'),
(4457, '1', 63, 2, 1, 24, '2020-05-05 02:08:24', '2020-05-05 02:08:24'),
(4458, '1', 63, 3, 5, 24, '2020-05-05 02:08:24', '2020-05-05 02:08:24'),
(4459, '1', 64, 1, 1, 24, '2020-05-05 02:08:24', '2020-05-05 02:08:24'),
(4460, '1', 64, 2, 1, 24, '2020-05-05 02:08:24', '2020-05-05 02:08:24'),
(4461, '1', 64, 3, 5, 24, '2020-05-05 02:08:24', '2020-05-05 02:08:24'),
(4462, '1', 65, 1, 1, 24, '2020-05-05 02:08:24', '2020-05-05 02:08:24'),
(4463, '1', 65, 2, 1, 24, '2020-05-05 02:08:24', '2020-05-05 02:08:24'),
(4464, '1', 65, 3, 5, 24, '2020-05-05 02:08:24', '2020-05-05 02:08:24'),
(4465, '1', 66, 1, 1, 24, '2020-05-05 02:08:24', '2020-05-05 02:08:24'),
(4466, '1', 66, 2, 1, 24, '2020-05-05 02:08:24', '2020-05-05 02:08:24'),
(4467, '1', 66, 3, 5, 24, '2020-05-05 02:08:24', '2020-05-05 02:08:24'),
(4468, '1', 67, 1, 1, 24, '2020-05-05 02:08:24', '2020-05-05 02:08:24'),
(4469, '1', 67, 2, 1, 24, '2020-05-05 02:08:24', '2020-05-05 02:08:24'),
(4470, '1', 67, 3, 5, 24, '2020-05-05 02:08:24', '2020-05-05 02:08:24'),
(4471, '1', 68, 1, 1, 24, '2020-05-05 02:08:24', '2020-05-05 02:08:24'),
(4472, '1', 68, 2, 1, 24, '2020-05-05 02:08:24', '2020-05-05 02:08:24'),
(4473, '1', 68, 3, 5, 24, '2020-05-05 02:08:24', '2020-05-05 02:08:24'),
(4474, '1', 69, 1, 1, 24, '2020-05-05 02:08:24', '2020-05-05 02:08:24'),
(4475, '1', 69, 2, 1, 24, '2020-05-05 02:08:24', '2020-05-05 02:08:24'),
(4476, '1', 69, 3, 5, 24, '2020-05-05 02:08:24', '2020-05-05 02:08:24'),
(4477, '1', 70, 1, 1, 24, '2020-05-05 02:08:24', '2020-05-05 02:08:24'),
(4478, '1', 70, 2, 1, 24, '2020-05-05 02:08:24', '2020-05-05 02:08:24'),
(4479, '1', 70, 3, 5, 24, '2020-05-05 02:08:24', '2020-05-05 02:08:24'),
(4480, '1', 71, 1, 1, 24, '2020-05-05 02:08:24', '2020-05-05 02:08:24'),
(4481, '1', 71, 2, 1, 24, '2020-05-05 02:08:24', '2020-05-05 02:08:24'),
(4482, '1', 71, 3, 5, 24, '2020-05-05 02:08:24', '2020-05-05 02:08:24'),
(4483, '1', 72, 1, 3, 24, '2020-05-05 02:08:24', '2020-05-05 02:08:24'),
(4484, '1', 72, 2, 4, 24, '2020-05-05 02:08:24', '2020-05-05 02:08:24'),
(4485, '1', 72, 3, 6, 24, '2020-05-05 02:08:24', '2020-05-05 02:08:24'),
(4486, '1', 73, 1, 3, 24, '2020-05-05 02:08:24', '2020-05-05 02:08:24'),
(4487, '1', 73, 2, 3, 24, '2020-05-05 02:08:24', '2020-05-05 02:08:24'),
(4488, '1', 73, 3, 6, 24, '2020-05-05 02:08:24', '2020-05-05 02:08:24'),
(4489, '1', 74, 1, 4, 24, '2020-05-05 02:08:24', '2020-05-05 02:08:24'),
(4490, '1', 74, 2, 4, 24, '2020-05-05 02:08:24', '2020-05-05 02:08:24'),
(4491, '1', 74, 3, 6, 24, '2020-05-05 02:08:24', '2020-05-05 02:08:24'),
(4492, '1', 75, 1, 2, 24, '2020-05-05 02:08:24', '2020-05-05 02:08:24'),
(4493, '1', 75, 2, 2, 24, '2020-05-05 02:08:24', '2020-05-05 02:08:24'),
(4494, '1', 75, 3, 5, 24, '2020-05-05 02:08:24', '2020-05-05 02:08:24'),
(4495, '1', 76, 1, 3, 24, '2020-05-05 02:08:24', '2020-05-05 02:08:24'),
(4496, '1', 76, 2, 3, 24, '2020-05-05 02:08:24', '2020-05-05 02:08:24'),
(4497, '1', 76, 3, 6, 24, '2020-05-05 02:08:24', '2020-05-05 02:08:24'),
(4498, '1', 77, 1, 1, 24, '2020-05-05 02:08:24', '2020-05-05 02:08:24'),
(4499, '1', 77, 2, 1, 24, '2020-05-05 02:08:24', '2020-05-05 02:08:24'),
(4500, '1', 77, 3, 5, 24, '2020-05-05 02:08:24', '2020-05-05 02:08:24'),
(4501, '1', 78, 1, 3, 24, '2020-05-05 02:08:24', '2020-05-05 02:08:24'),
(4502, '1', 78, 2, 3, 24, '2020-05-05 02:08:24', '2020-05-05 02:08:24'),
(4503, '1', 78, 3, 6, 24, '2020-05-05 02:08:24', '2020-05-05 02:08:24'),
(4504, '1', 79, 1, 1, 24, '2020-05-05 02:08:24', '2020-05-05 02:08:24'),
(4505, '1', 79, 2, 1, 24, '2020-05-05 02:08:24', '2020-05-05 02:08:24'),
(4506, '1', 79, 3, 5, 24, '2020-05-05 02:08:24', '2020-05-05 02:08:24'),
(4507, '1', 80, 1, 1, 24, '2020-05-05 02:08:24', '2020-05-05 02:08:24'),
(4508, '1', 80, 2, 1, 24, '2020-05-05 02:08:24', '2020-05-05 02:08:24'),
(4509, '1', 80, 3, 5, 24, '2020-05-05 02:08:24', '2020-05-05 02:08:24'),
(4510, '1', 81, 1, 1, 24, '2020-05-05 02:08:24', '2020-05-05 02:08:24'),
(4511, '1', 81, 2, 1, 24, '2020-05-05 02:08:24', '2020-05-05 02:08:24'),
(4512, '1', 81, 3, 5, 24, '2020-05-05 02:08:24', '2020-05-05 02:08:24'),
(4513, '1', 82, 1, 1, 24, '2020-05-05 02:08:24', '2020-05-05 02:08:24'),
(4514, '1', 82, 2, 1, 24, '2020-05-05 02:08:24', '2020-05-05 02:08:24'),
(4515, '1', 82, 3, 5, 24, '2020-05-05 02:08:24', '2020-05-05 02:08:24'),
(4516, '1', 83, NULL, 13, 25, '2020-05-05 21:33:01', '2020-05-05 21:33:01'),
(4517, '1', 84, NULL, 10, 25, '2020-05-05 21:33:01', '2020-05-05 21:33:01'),
(4518, '1', 85, NULL, 13, 25, '2020-05-05 21:33:01', '2020-05-05 21:33:01'),
(4519, '1', 86, NULL, 13, 25, '2020-05-05 21:33:01', '2020-05-05 21:33:01'),
(4520, '1', 87, NULL, 13, 25, '2020-05-05 21:33:01', '2020-05-05 21:33:01'),
(4521, '1', 88, NULL, 13, 25, '2020-05-05 21:33:01', '2020-05-05 21:33:01'),
(4522, '1', 89, NULL, 13, 25, '2020-05-05 21:33:01', '2020-05-05 21:33:01'),
(4523, '1', 90, NULL, 13, 25, '2020-05-05 21:33:01', '2020-05-05 21:33:01'),
(4524, '1', 91, NULL, 13, 25, '2020-05-05 21:33:01', '2020-05-05 21:33:01'),
(4525, '1', 92, NULL, 13, 25, '2020-05-05 21:33:01', '2020-05-05 21:33:01'),
(4526, '1', 93, NULL, 13, 25, '2020-05-05 21:33:01', '2020-05-05 21:33:01'),
(4527, '1', 94, NULL, 13, 25, '2020-05-05 21:33:01', '2020-05-05 21:33:01'),
(4528, '1', 95, NULL, 13, 25, '2020-05-05 21:33:01', '2020-05-05 21:33:01'),
(4529, '1', 96, NULL, 13, 25, '2020-05-05 21:33:01', '2020-05-05 21:33:01'),
(4530, '1', 97, NULL, 13, 25, '2020-05-05 21:33:01', '2020-05-05 21:33:01'),
(4531, '1', 98, NULL, 13, 25, '2020-05-05 21:33:01', '2020-05-05 21:33:01'),
(4532, '1', 99, NULL, 13, 25, '2020-05-05 21:33:01', '2020-05-05 21:33:01'),
(4533, '1', 100, NULL, 13, 25, '2020-05-05 21:33:01', '2020-05-05 21:33:01'),
(4534, '1', 101, NULL, 13, 25, '2020-05-05 21:33:01', '2020-05-05 21:33:01'),
(4535, '1', 102, NULL, 13, 25, '2020-05-05 21:33:01', '2020-05-05 21:33:01'),
(4536, '1', 103, NULL, 13, 25, '2020-05-05 21:33:01', '2020-05-05 21:33:01'),
(4537, '1', 104, NULL, 13, 25, '2020-05-05 21:33:01', '2020-05-05 21:33:01'),
(4538, '1', 105, NULL, 13, 25, '2020-05-05 21:33:01', '2020-05-05 21:33:01'),
(4539, '1', 106, NULL, 13, 25, '2020-05-05 21:33:01', '2020-05-05 21:33:01'),
(4540, '1', 107, NULL, 13, 25, '2020-05-05 21:33:01', '2020-05-05 21:33:01'),
(4541, '1', 108, NULL, 13, 25, '2020-05-05 21:33:01', '2020-05-05 21:33:01'),
(4542, '1', 109, NULL, 13, 25, '2020-05-05 21:33:01', '2020-05-05 21:33:01'),
(4543, '1', 110, NULL, 13, 25, '2020-05-05 21:33:01', '2020-05-05 21:33:01'),
(4544, '1', 111, NULL, 13, 25, '2020-05-05 21:33:01', '2020-05-05 21:33:01'),
(4545, '1', 112, NULL, 13, 25, '2020-05-05 21:33:01', '2020-05-05 21:33:01'),
(4546, '1', 113, NULL, 13, 25, '2020-05-05 21:33:01', '2020-05-05 21:33:01'),
(4547, '1', 114, NULL, 13, 25, '2020-05-05 21:33:01', '2020-05-05 21:33:01'),
(4548, '1', 115, NULL, 13, 25, '2020-05-05 21:33:01', '2020-05-05 21:33:01'),
(4549, '1', 116, NULL, 13, 25, '2020-05-05 21:33:01', '2020-05-05 21:33:01'),
(4550, '1', 117, NULL, 13, 25, '2020-05-05 21:33:01', '2020-05-05 21:33:01'),
(4551, '1', 118, NULL, 13, 25, '2020-05-05 21:33:01', '2020-05-05 21:33:01'),
(4552, '1', 119, NULL, 13, 25, '2020-05-05 21:33:01', '2020-05-05 21:33:01'),
(4553, '1', 120, NULL, 13, 25, '2020-05-05 21:33:01', '2020-05-05 21:33:01'),
(4554, '1', 121, NULL, 13, 25, '2020-05-05 21:33:01', '2020-05-05 21:33:01'),
(4555, '1', 122, NULL, 13, 25, '2020-05-05 21:33:01', '2020-05-05 21:33:01'),
(4556, '1', 123, NULL, 13, 25, '2020-05-05 21:33:01', '2020-05-05 21:33:01'),
(4557, '1', 124, NULL, 13, 25, '2020-05-05 21:33:01', '2020-05-05 21:33:01'),
(4558, '1', 125, NULL, 13, 25, '2020-05-05 21:33:01', '2020-05-05 21:33:01'),
(4559, '1', 126, NULL, 13, 25, '2020-05-05 21:33:01', '2020-05-05 21:33:01'),
(4560, '1', 127, NULL, 13, 25, '2020-05-05 21:33:01', '2020-05-05 21:33:01'),
(4561, '1', 128, NULL, 13, 25, '2020-05-05 21:33:01', '2020-05-05 21:33:01'),
(4562, '1', 129, NULL, 13, 25, '2020-05-05 21:33:01', '2020-05-05 21:33:01'),
(4563, '1', 130, NULL, 13, 25, '2020-05-05 21:33:01', '2020-05-05 21:33:01'),
(4564, '1', 131, NULL, 13, 25, '2020-05-05 21:33:01', '2020-05-05 21:33:01'),
(4565, '1', 132, NULL, 13, 25, '2020-05-05 21:33:01', '2020-05-05 21:33:01'),
(4566, '1', 133, NULL, 13, 25, '2020-05-05 21:33:01', '2020-05-05 21:33:01'),
(4567, '1', 134, NULL, 13, 25, '2020-05-05 21:33:01', '2020-05-05 21:33:01'),
(4568, '1', 135, NULL, 13, 25, '2020-05-05 21:33:01', '2020-05-05 21:33:01'),
(4569, '1', 136, NULL, 13, 25, '2020-05-05 21:33:01', '2020-05-05 21:33:01'),
(4570, '1', 137, NULL, 13, 25, '2020-05-05 21:33:01', '2020-05-05 21:33:01'),
(4571, '1', 138, NULL, 13, 25, '2020-05-05 21:33:01', '2020-05-05 21:33:01'),
(4572, '1', 139, NULL, 13, 25, '2020-05-05 21:33:01', '2020-05-05 21:33:01'),
(4573, '1', 140, NULL, 13, 25, '2020-05-05 21:33:01', '2020-05-05 21:33:01'),
(4574, '1', 141, NULL, 13, 25, '2020-05-05 21:33:01', '2020-05-05 21:33:01'),
(4575, '1', 142, NULL, 13, 25, '2020-05-05 21:33:01', '2020-05-05 21:33:01'),
(4576, '1', 143, NULL, 13, 25, '2020-05-05 21:33:01', '2020-05-05 21:33:01'),
(4577, '1', 144, NULL, 13, 25, '2020-05-05 21:33:01', '2020-05-05 21:33:01'),
(4578, '1', 145, NULL, 13, 25, '2020-05-05 21:33:01', '2020-05-05 21:33:01'),
(4579, '1', 146, NULL, 13, 25, '2020-05-05 21:33:01', '2020-05-05 21:33:01'),
(4580, '1', 147, NULL, 13, 25, '2020-05-05 21:33:02', '2020-05-05 21:33:02'),
(4581, '1', 148, NULL, 13, 25, '2020-05-05 21:33:02', '2020-05-05 21:33:02'),
(4582, '1', 149, NULL, 13, 25, '2020-05-05 21:33:02', '2020-05-05 21:33:02'),
(4583, '1', 150, NULL, 13, 25, '2020-05-05 21:33:02', '2020-05-05 21:33:02'),
(4584, '1', 151, NULL, 13, 25, '2020-05-05 21:33:02', '2020-05-05 21:33:02'),
(4585, '1', 152, NULL, 13, 25, '2020-05-05 21:33:02', '2020-05-05 21:33:02'),
(4586, '1', 153, NULL, 13, 25, '2020-05-05 21:33:02', '2020-05-05 21:33:02'),
(4587, '1', 154, NULL, 13, 25, '2020-05-05 21:33:02', '2020-05-05 21:33:02'),
(4588, '1', 155, NULL, 13, 25, '2020-05-05 21:33:02', '2020-05-05 21:33:02'),
(4589, '1', 156, NULL, 13, 25, '2020-05-05 21:33:02', '2020-05-05 21:33:02'),
(4590, '1', 157, NULL, 13, 25, '2020-05-05 21:33:02', '2020-05-05 21:33:02'),
(4591, '1', 158, NULL, 13, 25, '2020-05-05 21:33:02', '2020-05-05 21:33:02'),
(4592, '1', 159, NULL, 13, 25, '2020-05-05 21:33:02', '2020-05-05 21:33:02'),
(4593, '1', 160, NULL, 13, 25, '2020-05-05 21:33:02', '2020-05-05 21:33:02'),
(4594, '1', 161, NULL, 13, 25, '2020-05-05 21:33:02', '2020-05-05 21:33:02'),
(4595, '1', 162, NULL, 13, 25, '2020-05-05 21:33:02', '2020-05-05 21:33:02'),
(4596, '1', 163, NULL, 13, 25, '2020-05-05 21:33:02', '2020-05-05 21:33:02'),
(4597, '1', 164, NULL, 13, 25, '2020-05-05 21:33:02', '2020-05-05 21:33:02'),
(4598, '1', 165, NULL, 13, 25, '2020-05-05 21:33:02', '2020-05-05 21:33:02'),
(4599, '1', 166, NULL, 13, 25, '2020-05-05 21:33:02', '2020-05-05 21:33:02'),
(4600, '1', 167, NULL, 13, 25, '2020-05-05 21:33:02', '2020-05-05 21:33:02'),
(4601, '1', 168, NULL, 13, 25, '2020-05-05 21:33:02', '2020-05-05 21:33:02'),
(4602, '1', 169, NULL, 13, 25, '2020-05-05 21:33:02', '2020-05-05 21:33:02'),
(4603, '1', 170, NULL, 13, 25, '2020-05-05 21:33:02', '2020-05-05 21:33:02'),
(4604, '1', 171, NULL, 13, 25, '2020-05-05 21:33:02', '2020-05-05 21:33:02'),
(4605, '1', 172, NULL, 13, 25, '2020-05-05 21:33:02', '2020-05-05 21:33:02'),
(4606, '1', 173, NULL, 13, 25, '2020-05-05 21:33:02', '2020-05-05 21:33:02'),
(4607, '1', 174, NULL, 13, 25, '2020-05-05 21:33:02', '2020-05-05 21:33:02'),
(4608, '1', 175, NULL, 13, 25, '2020-05-05 21:33:02', '2020-05-05 21:33:02'),
(4609, '1', 176, NULL, 13, 25, '2020-05-05 21:33:02', '2020-05-05 21:33:02'),
(4610, '1', 177, NULL, 13, 25, '2020-05-05 21:33:02', '2020-05-05 21:33:02'),
(4611, '1', 178, NULL, 13, 25, '2020-05-05 21:33:02', '2020-05-05 21:33:02'),
(4612, '1', 179, NULL, 13, 25, '2020-05-05 21:33:02', '2020-05-05 21:33:02'),
(4613, '1', 180, NULL, 13, 25, '2020-05-05 21:33:02', '2020-05-05 21:33:02'),
(4614, '1', 181, NULL, 13, 25, '2020-05-05 21:33:02', '2020-05-05 21:33:02'),
(4615, '1', 182, NULL, 13, 25, '2020-05-05 21:33:02', '2020-05-05 21:33:02'),
(4616, '1', 183, NULL, 13, 25, '2020-05-05 21:33:02', '2020-05-05 21:33:02'),
(4617, '1', 184, NULL, 13, 25, '2020-05-05 21:33:02', '2020-05-05 21:33:02'),
(4618, '1', 185, NULL, 13, 25, '2020-05-05 21:33:02', '2020-05-05 21:33:02'),
(4619, '1', 186, NULL, 13, 25, '2020-05-05 21:33:02', '2020-05-05 21:33:02'),
(4620, '1', 187, NULL, 13, 25, '2020-05-05 21:33:02', '2020-05-05 21:33:02'),
(4621, '1', 188, NULL, 13, 25, '2020-05-05 21:33:02', '2020-05-05 21:33:02'),
(4622, '1', 189, NULL, 13, 25, '2020-05-05 21:33:02', '2020-05-05 21:33:02'),
(4623, '1', 190, NULL, 13, 25, '2020-05-05 21:33:02', '2020-05-05 21:33:02'),
(4624, '1', 191, NULL, 13, 25, '2020-05-05 21:33:02', '2020-05-05 21:33:02'),
(4625, '1', 192, NULL, 13, 25, '2020-05-05 21:33:02', '2020-05-05 21:33:02'),
(4626, '1', 193, NULL, 13, 25, '2020-05-05 21:33:02', '2020-05-05 21:33:02'),
(4627, '1', 194, NULL, 13, 25, '2020-05-05 21:33:02', '2020-05-05 21:33:02'),
(4628, '1', 195, NULL, 13, 25, '2020-05-05 21:33:02', '2020-05-05 21:33:02'),
(4629, '1', 196, NULL, 13, 25, '2020-05-05 21:33:02', '2020-05-05 21:33:02'),
(4630, '1', 197, NULL, 13, 25, '2020-05-05 21:33:02', '2020-05-05 21:33:02'),
(4631, '1', 198, NULL, 13, 25, '2020-05-05 21:33:02', '2020-05-05 21:33:02'),
(4632, '1', 199, NULL, 13, 25, '2020-05-05 21:33:02', '2020-05-05 21:33:02'),
(4633, '1', 200, NULL, 13, 25, '2020-05-05 21:33:02', '2020-05-05 21:33:02'),
(4634, '1', 201, NULL, 13, 25, '2020-05-05 21:33:02', '2020-05-05 21:33:02'),
(4635, '1', 202, NULL, 13, 25, '2020-05-05 21:33:02', '2020-05-05 21:33:02'),
(4636, '1', 203, NULL, 13, 25, '2020-05-05 21:33:02', '2020-05-05 21:33:02'),
(4637, '1', 204, NULL, 13, 25, '2020-05-05 21:33:02', '2020-05-05 21:33:02'),
(4638, '1', 205, NULL, 13, 25, '2020-05-05 21:33:02', '2020-05-05 21:33:02'),
(4639, '1', 206, NULL, 13, 25, '2020-05-05 21:33:02', '2020-05-05 21:33:02'),
(4640, '1', 207, NULL, 13, 25, '2020-05-05 21:33:02', '2020-05-05 21:33:02'),
(4641, '1', 208, NULL, 13, 25, '2020-05-05 21:33:02', '2020-05-05 21:33:02'),
(4642, '1', 209, NULL, 13, 25, '2020-05-05 21:33:02', '2020-05-05 21:33:02'),
(4643, '1', 210, NULL, 13, 25, '2020-05-05 21:33:02', '2020-05-05 21:33:02'),
(4644, '1', 211, NULL, 13, 25, '2020-05-05 21:33:02', '2020-05-05 21:33:02'),
(4645, '1', 212, NULL, 13, 25, '2020-05-05 21:33:02', '2020-05-05 21:33:02'),
(4646, '1', 74, 3, 5, 26, '2020-05-07 14:36:44', '2020-05-07 14:36:44'),
(4647, '1', 75, 1, 1, 26, '2020-05-07 14:36:44', '2020-05-07 14:36:44'),
(4648, '1', 75, 2, 1, 26, '2020-05-07 14:36:44', '2020-05-07 14:36:44'),
(4649, '1', 75, 3, 5, 26, '2020-05-07 14:36:44', '2020-05-07 14:36:44'),
(4650, '1', 76, 1, 1, 26, '2020-05-07 14:36:44', '2020-05-07 14:36:44'),
(4651, '1', 76, 2, 1, 26, '2020-05-07 14:36:44', '2020-05-07 14:36:44'),
(4652, '1', 76, 3, 5, 26, '2020-05-07 14:36:44', '2020-05-07 14:36:44'),
(4653, '1', 77, 1, 1, 26, '2020-05-07 14:36:44', '2020-05-07 14:36:44'),
(4654, '1', 77, 2, 1, 26, '2020-05-07 14:36:44', '2020-05-07 14:36:44'),
(4655, '1', 77, 3, 5, 26, '2020-05-07 14:36:44', '2020-05-07 14:36:44'),
(4656, '1', 78, 1, 1, 26, '2020-05-07 14:36:44', '2020-05-07 14:36:44'),
(4657, '1', 78, 2, 1, 26, '2020-05-07 14:36:44', '2020-05-07 14:36:44'),
(4658, '1', 78, 3, 5, 26, '2020-05-07 14:36:44', '2020-05-07 14:36:44'),
(4659, '1', 79, 1, 1, 26, '2020-05-07 14:36:44', '2020-05-07 14:36:44'),
(4660, '1', 79, 2, 1, 26, '2020-05-07 14:36:44', '2020-05-07 14:36:44'),
(4661, '1', 79, 3, 5, 26, '2020-05-07 14:36:44', '2020-05-07 14:36:44'),
(4662, '1', 80, 1, 1, 26, '2020-05-07 14:36:44', '2020-05-07 14:36:44'),
(4663, '1', 80, 2, 1, 26, '2020-05-07 14:36:44', '2020-05-07 14:36:44'),
(4664, '1', 80, 3, 5, 26, '2020-05-07 14:36:44', '2020-05-07 14:36:44'),
(4665, '1', 81, 1, 1, 26, '2020-05-07 14:36:44', '2020-05-07 14:36:44'),
(4666, '1', 81, 2, 1, 26, '2020-05-07 14:36:44', '2020-05-07 14:36:44'),
(4667, '1', 81, 3, 5, 26, '2020-05-07 14:36:44', '2020-05-07 14:36:44'),
(4668, '1', 82, 1, 1, 26, '2020-05-07 14:36:44', '2020-05-07 14:36:44'),
(4669, '1', 82, 2, 1, 26, '2020-05-07 14:36:44', '2020-05-07 14:36:44'),
(4670, '1', 82, 3, 5, 26, '2020-05-07 14:36:44', '2020-05-07 14:36:44'),
(4671, '1', 1, 1, 3, 26, '2020-05-07 14:36:44', '2020-05-07 14:36:44'),
(4672, '1', 1, 2, 3, 26, '2020-05-07 14:36:44', '2020-05-07 14:36:44'),
(4673, '1', 1, 3, 6, 26, '2020-05-07 14:36:44', '2020-05-07 14:36:44'),
(4674, '1', 2, 1, 1, 26, '2020-05-07 14:36:44', '2020-05-07 14:36:44'),
(4675, '1', 2, 2, 1, 26, '2020-05-07 14:36:44', '2020-05-07 14:36:44'),
(4676, '1', 2, 3, 5, 26, '2020-05-07 14:36:44', '2020-05-07 14:36:44'),
(4677, '1', 3, 1, 1, 26, '2020-05-07 14:36:44', '2020-05-07 14:36:44'),
(4678, '1', 3, 2, 1, 26, '2020-05-07 14:36:44', '2020-05-07 14:36:44'),
(4679, '1', 3, 3, 5, 26, '2020-05-07 14:36:44', '2020-05-07 14:36:44'),
(4680, '1', 4, 1, 1, 26, '2020-05-07 14:36:44', '2020-05-07 14:36:44'),
(4681, '1', 4, 2, 1, 26, '2020-05-07 14:36:44', '2020-05-07 14:36:44'),
(4682, '1', 4, 3, 5, 26, '2020-05-07 14:36:44', '2020-05-07 14:36:44'),
(4683, '1', 5, 1, 1, 26, '2020-05-07 14:36:44', '2020-05-07 14:36:44'),
(4684, '1', 5, 2, 1, 26, '2020-05-07 14:36:44', '2020-05-07 14:36:44'),
(4685, '1', 5, 3, 5, 26, '2020-05-07 14:36:44', '2020-05-07 14:36:44'),
(4686, '1', 6, 1, 1, 26, '2020-05-07 14:36:44', '2020-05-07 14:36:44'),
(4687, '1', 6, 2, 1, 26, '2020-05-07 14:36:44', '2020-05-07 14:36:44'),
(4688, '1', 6, 3, 5, 26, '2020-05-07 14:36:45', '2020-05-07 14:36:45'),
(4689, '1', 7, 1, 4, 26, '2020-05-07 14:36:45', '2020-05-07 14:36:45'),
(4690, '1', 7, 2, 4, 26, '2020-05-07 14:36:45', '2020-05-07 14:36:45'),
(4691, '1', 7, 3, 6, 26, '2020-05-07 14:36:45', '2020-05-07 14:36:45'),
(4692, '1', 8, 1, 4, 26, '2020-05-07 14:36:45', '2020-05-07 14:36:45'),
(4693, '1', 8, 2, 4, 26, '2020-05-07 14:36:45', '2020-05-07 14:36:45'),
(4694, '1', 8, 3, 6, 26, '2020-05-07 14:36:45', '2020-05-07 14:36:45'),
(4695, '1', 9, 1, 4, 26, '2020-05-07 14:36:45', '2020-05-07 14:36:45'),
(4696, '1', 9, 2, 4, 26, '2020-05-07 14:36:45', '2020-05-07 14:36:45'),
(4697, '1', 9, 3, 6, 26, '2020-05-07 14:36:45', '2020-05-07 14:36:45'),
(4698, '1', 10, 1, 1, 26, '2020-05-07 14:36:45', '2020-05-07 14:36:45'),
(4699, '1', 10, 2, 1, 26, '2020-05-07 14:36:45', '2020-05-07 14:36:45'),
(4700, '1', 10, 3, 5, 26, '2020-05-07 14:36:45', '2020-05-07 14:36:45'),
(4701, '1', 11, 1, 1, 26, '2020-05-07 14:36:45', '2020-05-07 14:36:45'),
(4702, '1', 11, 2, 1, 26, '2020-05-07 14:36:45', '2020-05-07 14:36:45'),
(4703, '1', 11, 3, 5, 26, '2020-05-07 14:36:45', '2020-05-07 14:36:45'),
(4704, '1', 12, 1, 4, 26, '2020-05-07 14:36:45', '2020-05-07 14:36:45'),
(4705, '1', 12, 2, 4, 26, '2020-05-07 14:36:45', '2020-05-07 14:36:45'),
(4706, '1', 12, 3, 6, 26, '2020-05-07 14:36:45', '2020-05-07 14:36:45'),
(4707, '1', 13, 1, 1, 26, '2020-05-07 14:36:45', '2020-05-07 14:36:45'),
(4708, '1', 13, 2, 1, 26, '2020-05-07 14:36:45', '2020-05-07 14:36:45'),
(4709, '1', 13, 3, 5, 26, '2020-05-07 14:36:45', '2020-05-07 14:36:45'),
(4710, '1', 14, 1, 1, 26, '2020-05-07 14:36:45', '2020-05-07 14:36:45'),
(4711, '1', 14, 2, 1, 26, '2020-05-07 14:36:45', '2020-05-07 14:36:45'),
(4712, '1', 14, 3, 5, 26, '2020-05-07 14:36:45', '2020-05-07 14:36:45'),
(4713, '1', 15, 1, 1, 26, '2020-05-07 14:36:45', '2020-05-07 14:36:45'),
(4714, '1', 15, 2, 1, 26, '2020-05-07 14:36:45', '2020-05-07 14:36:45'),
(4715, '1', 15, 3, 5, 26, '2020-05-07 14:36:45', '2020-05-07 14:36:45'),
(4716, '1', 16, 1, 1, 26, '2020-05-07 14:36:45', '2020-05-07 14:36:45'),
(4717, '1', 16, 2, 1, 26, '2020-05-07 14:36:45', '2020-05-07 14:36:45'),
(4718, '1', 16, 3, 5, 26, '2020-05-07 14:36:45', '2020-05-07 14:36:45'),
(4719, '1', 17, 1, 1, 26, '2020-05-07 14:36:45', '2020-05-07 14:36:45'),
(4720, '1', 17, 2, 1, 26, '2020-05-07 14:36:45', '2020-05-07 14:36:45'),
(4721, '1', 17, 3, 5, 26, '2020-05-07 14:36:45', '2020-05-07 14:36:45'),
(4722, '1', 18, 1, 1, 26, '2020-05-07 14:36:45', '2020-05-07 14:36:45'),
(4723, '1', 18, 2, 1, 26, '2020-05-07 14:36:45', '2020-05-07 14:36:45'),
(4724, '1', 18, 3, 5, 26, '2020-05-07 14:36:45', '2020-05-07 14:36:45'),
(4725, '1', 19, 1, 3, 26, '2020-05-07 14:36:45', '2020-05-07 14:36:45'),
(4726, '1', 19, 2, 3, 26, '2020-05-07 14:36:45', '2020-05-07 14:36:45'),
(4727, '1', 19, 3, 6, 26, '2020-05-07 14:36:45', '2020-05-07 14:36:45'),
(4728, '1', 20, 1, 4, 26, '2020-05-07 14:36:45', '2020-05-07 14:36:45'),
(4729, '1', 20, 2, 4, 26, '2020-05-07 14:36:45', '2020-05-07 14:36:45'),
(4730, '1', 20, 3, 6, 26, '2020-05-07 14:36:45', '2020-05-07 14:36:45'),
(4731, '1', 21, 1, 1, 26, '2020-05-07 14:36:45', '2020-05-07 14:36:45'),
(4732, '1', 21, 2, 1, 26, '2020-05-07 14:36:45', '2020-05-07 14:36:45'),
(4733, '1', 21, 3, 5, 26, '2020-05-07 14:36:45', '2020-05-07 14:36:45'),
(4734, '1', 22, 1, 1, 26, '2020-05-07 14:36:45', '2020-05-07 14:36:45'),
(4735, '1', 22, 2, 1, 26, '2020-05-07 14:36:45', '2020-05-07 14:36:45'),
(4736, '1', 22, 3, 5, 26, '2020-05-07 14:36:45', '2020-05-07 14:36:45'),
(4737, '1', 23, 1, 1, 26, '2020-05-07 14:36:45', '2020-05-07 14:36:45'),
(4738, '1', 23, 2, 1, 26, '2020-05-07 14:36:45', '2020-05-07 14:36:45'),
(4739, '1', 23, 3, 5, 26, '2020-05-07 14:36:45', '2020-05-07 14:36:45'),
(4740, '1', 24, 1, 1, 26, '2020-05-07 14:36:45', '2020-05-07 14:36:45'),
(4741, '1', 24, 2, 1, 26, '2020-05-07 14:36:45', '2020-05-07 14:36:45'),
(4742, '1', 24, 3, 5, 26, '2020-05-07 14:36:45', '2020-05-07 14:36:45'),
(4743, '1', 25, 1, 1, 26, '2020-05-07 14:36:45', '2020-05-07 14:36:45'),
(4744, '1', 25, 2, 1, 26, '2020-05-07 14:36:45', '2020-05-07 14:36:45'),
(4745, '1', 25, 3, 5, 26, '2020-05-07 14:36:45', '2020-05-07 14:36:45'),
(4746, '1', 26, 1, 4, 26, '2020-05-07 14:36:45', '2020-05-07 14:36:45'),
(4747, '1', 26, 2, 4, 26, '2020-05-07 14:36:45', '2020-05-07 14:36:45'),
(4748, '1', 26, 3, 6, 26, '2020-05-07 14:36:45', '2020-05-07 14:36:45'),
(4749, '1', 27, 1, 1, 26, '2020-05-07 14:36:45', '2020-05-07 14:36:45'),
(4750, '1', 27, 2, 1, 26, '2020-05-07 14:36:45', '2020-05-07 14:36:45'),
(4751, '1', 27, 3, 5, 26, '2020-05-07 14:36:45', '2020-05-07 14:36:45'),
(4752, '1', 28, 1, 1, 26, '2020-05-07 14:36:45', '2020-05-07 14:36:45'),
(4753, '1', 28, 2, 1, 26, '2020-05-07 14:36:45', '2020-05-07 14:36:45'),
(4754, '1', 28, 3, 5, 26, '2020-05-07 14:36:45', '2020-05-07 14:36:45'),
(4755, '1', 29, 1, 3, 26, '2020-05-07 14:36:45', '2020-05-07 14:36:45'),
(4756, '1', 29, 2, 3, 26, '2020-05-07 14:36:45', '2020-05-07 14:36:45'),
(4757, '1', 29, 3, 6, 26, '2020-05-07 14:36:45', '2020-05-07 14:36:45'),
(4758, '1', 30, 1, 1, 26, '2020-05-07 14:36:45', '2020-05-07 14:36:45'),
(4759, '1', 30, 2, 1, 26, '2020-05-07 14:36:45', '2020-05-07 14:36:45'),
(4760, '1', 30, 3, 5, 26, '2020-05-07 14:36:45', '2020-05-07 14:36:45'),
(4761, '1', 31, 1, 4, 26, '2020-05-07 14:36:45', '2020-05-07 14:36:45'),
(4762, '1', 31, 2, 4, 26, '2020-05-07 14:36:45', '2020-05-07 14:36:45'),
(4763, '1', 31, 3, 6, 26, '2020-05-07 14:36:45', '2020-05-07 14:36:45'),
(4764, '1', 32, 1, 1, 26, '2020-05-07 14:36:45', '2020-05-07 14:36:45'),
(4765, '1', 32, 2, 1, 26, '2020-05-07 14:36:45', '2020-05-07 14:36:45'),
(4766, '1', 32, 3, 5, 26, '2020-05-07 14:36:45', '2020-05-07 14:36:45'),
(4767, '1', 33, 1, 1, 26, '2020-05-07 14:36:45', '2020-05-07 14:36:45'),
(4768, '1', 33, 2, 1, 26, '2020-05-07 14:36:45', '2020-05-07 14:36:45'),
(4769, '1', 33, 3, 5, 26, '2020-05-07 14:36:45', '2020-05-07 14:36:45'),
(4770, '1', 34, 1, 1, 26, '2020-05-07 14:36:45', '2020-05-07 14:36:45'),
(4771, '1', 34, 2, 1, 26, '2020-05-07 14:36:45', '2020-05-07 14:36:45'),
(4772, '1', 34, 3, 5, 26, '2020-05-07 14:36:45', '2020-05-07 14:36:45'),
(4773, '1', 35, 1, 3, 26, '2020-05-07 14:36:45', '2020-05-07 14:36:45'),
(4774, '1', 35, 2, 3, 26, '2020-05-07 14:36:45', '2020-05-07 14:36:45'),
(4775, '1', 35, 3, 6, 26, '2020-05-07 14:36:45', '2020-05-07 14:36:45'),
(4776, '1', 36, 1, 1, 26, '2020-05-07 14:36:45', '2020-05-07 14:36:45'),
(4777, '1', 36, 2, 1, 26, '2020-05-07 14:36:45', '2020-05-07 14:36:45'),
(4778, '1', 36, 3, 5, 26, '2020-05-07 14:36:45', '2020-05-07 14:36:45'),
(4779, '1', 37, 1, 1, 26, '2020-05-07 14:36:45', '2020-05-07 14:36:45'),
(4780, '1', 37, 2, 1, 26, '2020-05-07 14:36:45', '2020-05-07 14:36:45'),
(4781, '1', 37, 3, 5, 26, '2020-05-07 14:36:45', '2020-05-07 14:36:45'),
(4782, '1', 38, 1, 3, 26, '2020-05-07 14:36:45', '2020-05-07 14:36:45'),
(4783, '1', 38, 2, 3, 26, '2020-05-07 14:36:45', '2020-05-07 14:36:45'),
(4784, '1', 38, 3, 6, 26, '2020-05-07 14:36:45', '2020-05-07 14:36:45'),
(4785, '1', 39, 1, 1, 26, '2020-05-07 14:36:45', '2020-05-07 14:36:45'),
(4786, '1', 39, 2, 1, 26, '2020-05-07 14:36:45', '2020-05-07 14:36:45'),
(4787, '1', 39, 3, 5, 26, '2020-05-07 14:36:45', '2020-05-07 14:36:45'),
(4788, '1', 40, 1, 1, 26, '2020-05-07 14:36:45', '2020-05-07 14:36:45'),
(4789, '1', 40, 2, 1, 26, '2020-05-07 14:36:45', '2020-05-07 14:36:45'),
(4790, '1', 40, 3, 5, 26, '2020-05-07 14:36:45', '2020-05-07 14:36:45'),
(4791, '1', 41, 1, 1, 26, '2020-05-07 14:36:45', '2020-05-07 14:36:45'),
(4792, '1', 41, 2, 1, 26, '2020-05-07 14:36:45', '2020-05-07 14:36:45'),
(4793, '1', 41, 3, 5, 26, '2020-05-07 14:36:45', '2020-05-07 14:36:45'),
(4794, '1', 42, 1, 1, 26, '2020-05-07 14:36:45', '2020-05-07 14:36:45'),
(4795, '1', 42, 2, 1, 26, '2020-05-07 14:36:45', '2020-05-07 14:36:45'),
(4796, '1', 42, 3, 5, 26, '2020-05-07 14:36:45', '2020-05-07 14:36:45'),
(4797, '1', 43, 1, 1, 26, '2020-05-07 14:36:45', '2020-05-07 14:36:45'),
(4798, '1', 43, 2, 1, 26, '2020-05-07 14:36:45', '2020-05-07 14:36:45'),
(4799, '1', 43, 3, 5, 26, '2020-05-07 14:36:45', '2020-05-07 14:36:45'),
(4800, '1', 44, 1, 1, 26, '2020-05-07 14:36:45', '2020-05-07 14:36:45'),
(4801, '1', 44, 2, 1, 26, '2020-05-07 14:36:45', '2020-05-07 14:36:45'),
(4802, '1', 44, 3, 5, 26, '2020-05-07 14:36:45', '2020-05-07 14:36:45'),
(4803, '1', 45, 1, 4, 26, '2020-05-07 14:36:45', '2020-05-07 14:36:45'),
(4804, '1', 45, 2, 4, 26, '2020-05-07 14:36:45', '2020-05-07 14:36:45'),
(4805, '1', 45, 3, 6, 26, '2020-05-07 14:36:45', '2020-05-07 14:36:45'),
(4806, '1', 46, 1, 3, 26, '2020-05-07 14:36:45', '2020-05-07 14:36:45'),
(4807, '1', 46, 2, 3, 26, '2020-05-07 14:36:45', '2020-05-07 14:36:45'),
(4808, '1', 46, 3, 6, 26, '2020-05-07 14:36:45', '2020-05-07 14:36:45'),
(4809, '1', 47, 1, 1, 26, '2020-05-07 14:36:45', '2020-05-07 14:36:45'),
(4810, '1', 47, 2, 1, 26, '2020-05-07 14:36:45', '2020-05-07 14:36:45'),
(4811, '1', 47, 3, 5, 26, '2020-05-07 14:36:45', '2020-05-07 14:36:45'),
(4812, '1', 48, 1, 3, 26, '2020-05-07 14:36:45', '2020-05-07 14:36:45'),
(4813, '1', 48, 2, 3, 26, '2020-05-07 14:36:45', '2020-05-07 14:36:45'),
(4814, '1', 48, 3, 6, 26, '2020-05-07 14:36:45', '2020-05-07 14:36:45'),
(4815, '1', 49, 1, 1, 26, '2020-05-07 14:36:45', '2020-05-07 14:36:45'),
(4816, '1', 49, 2, 1, 26, '2020-05-07 14:36:45', '2020-05-07 14:36:45'),
(4817, '1', 49, 3, 5, 26, '2020-05-07 14:36:45', '2020-05-07 14:36:45'),
(4818, '1', 50, 1, 4, 26, '2020-05-07 14:36:45', '2020-05-07 14:36:45'),
(4819, '1', 50, 2, 4, 26, '2020-05-07 14:36:45', '2020-05-07 14:36:45'),
(4820, '1', 50, 3, 6, 26, '2020-05-07 14:36:45', '2020-05-07 14:36:45'),
(4821, '1', 51, 1, 1, 26, '2020-05-07 14:36:45', '2020-05-07 14:36:45'),
(4822, '1', 51, 2, 1, 26, '2020-05-07 14:36:45', '2020-05-07 14:36:45'),
(4823, '1', 51, 3, 5, 26, '2020-05-07 14:36:45', '2020-05-07 14:36:45'),
(4824, '1', 52, 1, 1, 26, '2020-05-07 14:36:45', '2020-05-07 14:36:45'),
(4825, '1', 52, 2, 1, 26, '2020-05-07 14:36:45', '2020-05-07 14:36:45'),
(4826, '1', 52, 3, 5, 26, '2020-05-07 14:36:45', '2020-05-07 14:36:45'),
(4827, '1', 53, 1, 1, 26, '2020-05-07 14:36:45', '2020-05-07 14:36:45'),
(4828, '1', 53, 2, 1, 26, '2020-05-07 14:36:45', '2020-05-07 14:36:45'),
(4829, '1', 53, 3, 5, 26, '2020-05-07 14:36:45', '2020-05-07 14:36:45'),
(4830, '1', 54, 1, 1, 26, '2020-05-07 14:36:45', '2020-05-07 14:36:45'),
(4831, '1', 54, 2, 1, 26, '2020-05-07 14:36:45', '2020-05-07 14:36:45'),
(4832, '1', 54, 3, 5, 26, '2020-05-07 14:36:45', '2020-05-07 14:36:45'),
(4833, '1', 55, 1, 3, 26, '2020-05-07 14:36:45', '2020-05-07 14:36:45'),
(4834, '1', 55, 2, 3, 26, '2020-05-07 14:36:45', '2020-05-07 14:36:45'),
(4835, '1', 55, 3, 6, 26, '2020-05-07 14:36:45', '2020-05-07 14:36:45'),
(4836, '1', 56, 1, 1, 26, '2020-05-07 14:36:45', '2020-05-07 14:36:45'),
(4837, '1', 56, 2, 1, 26, '2020-05-07 14:36:45', '2020-05-07 14:36:45'),
(4838, '1', 56, 3, 5, 26, '2020-05-07 14:36:45', '2020-05-07 14:36:45'),
(4839, '1', 57, 1, 1, 26, '2020-05-07 14:36:45', '2020-05-07 14:36:45'),
(4840, '1', 57, 2, 1, 26, '2020-05-07 14:36:45', '2020-05-07 14:36:45'),
(4841, '1', 57, 3, 5, 26, '2020-05-07 14:36:45', '2020-05-07 14:36:45'),
(4842, '1', 58, 1, 4, 26, '2020-05-07 14:36:45', '2020-05-07 14:36:45'),
(4843, '1', 58, 2, 4, 26, '2020-05-07 14:36:45', '2020-05-07 14:36:45'),
(4844, '1', 58, 3, 6, 26, '2020-05-07 14:36:45', '2020-05-07 14:36:45'),
(4845, '1', 59, 1, 1, 26, '2020-05-07 14:36:45', '2020-05-07 14:36:45'),
(4846, '1', 59, 2, 1, 26, '2020-05-07 14:36:45', '2020-05-07 14:36:45'),
(4847, '1', 59, 3, 5, 26, '2020-05-07 14:36:45', '2020-05-07 14:36:45'),
(4848, '1', 60, 1, 1, 26, '2020-05-07 14:36:45', '2020-05-07 14:36:45'),
(4849, '1', 60, 2, 1, 26, '2020-05-07 14:36:45', '2020-05-07 14:36:45'),
(4850, '1', 60, 3, 5, 26, '2020-05-07 14:36:45', '2020-05-07 14:36:45'),
(4851, '1', 61, 1, 1, 26, '2020-05-07 14:36:45', '2020-05-07 14:36:45'),
(4852, '1', 61, 2, 1, 26, '2020-05-07 14:36:45', '2020-05-07 14:36:45'),
(4853, '1', 61, 3, 5, 26, '2020-05-07 14:36:45', '2020-05-07 14:36:45'),
(4854, '1', 62, 1, 1, 26, '2020-05-07 14:36:45', '2020-05-07 14:36:45'),
(4855, '1', 62, 2, 1, 26, '2020-05-07 14:36:45', '2020-05-07 14:36:45');
INSERT INTO `encuesta_respuesta` (`id`, `estado`, `pregunta_id`, `subpregunta_id`, `respuesta_id`, `encuesta_puntaje_id`, `created_at`, `updated_at`) VALUES
(4856, '1', 62, 3, 5, 26, '2020-05-07 14:36:45', '2020-05-07 14:36:45'),
(4857, '1', 63, 1, 1, 26, '2020-05-07 14:36:45', '2020-05-07 14:36:45'),
(4858, '1', 63, 2, 1, 26, '2020-05-07 14:36:45', '2020-05-07 14:36:45'),
(4859, '1', 63, 3, 5, 26, '2020-05-07 14:36:45', '2020-05-07 14:36:45'),
(4860, '1', 64, 1, 4, 26, '2020-05-07 14:36:45', '2020-05-07 14:36:45'),
(4861, '1', 64, 2, 4, 26, '2020-05-07 14:36:45', '2020-05-07 14:36:45'),
(4862, '1', 64, 3, 6, 26, '2020-05-07 14:36:45', '2020-05-07 14:36:45'),
(4863, '1', 65, 1, 1, 26, '2020-05-07 14:36:45', '2020-05-07 14:36:45'),
(4864, '1', 65, 2, 1, 26, '2020-05-07 14:36:45', '2020-05-07 14:36:45'),
(4865, '1', 65, 3, 5, 26, '2020-05-07 14:36:45', '2020-05-07 14:36:45'),
(4866, '1', 66, 1, 3, 26, '2020-05-07 14:36:45', '2020-05-07 14:36:45'),
(4867, '1', 66, 2, 3, 26, '2020-05-07 14:36:45', '2020-05-07 14:36:45'),
(4868, '1', 66, 3, 6, 26, '2020-05-07 14:36:45', '2020-05-07 14:36:45'),
(4869, '1', 67, 1, 1, 26, '2020-05-07 14:36:45', '2020-05-07 14:36:45'),
(4870, '1', 67, 2, 1, 26, '2020-05-07 14:36:45', '2020-05-07 14:36:45'),
(4871, '1', 67, 3, 5, 26, '2020-05-07 14:36:45', '2020-05-07 14:36:45'),
(4872, '1', 68, 1, 1, 26, '2020-05-07 14:36:45', '2020-05-07 14:36:45'),
(4873, '1', 68, 2, 1, 26, '2020-05-07 14:36:45', '2020-05-07 14:36:45'),
(4874, '1', 68, 3, 5, 26, '2020-05-07 14:36:45', '2020-05-07 14:36:45'),
(4875, '1', 69, 1, 4, 26, '2020-05-07 14:36:45', '2020-05-07 14:36:45'),
(4876, '1', 69, 2, 4, 26, '2020-05-07 14:36:45', '2020-05-07 14:36:45'),
(4877, '1', 69, 3, 6, 26, '2020-05-07 14:36:45', '2020-05-07 14:36:45'),
(4878, '1', 70, 1, 1, 26, '2020-05-07 14:36:45', '2020-05-07 14:36:45'),
(4879, '1', 70, 2, 1, 26, '2020-05-07 14:36:45', '2020-05-07 14:36:45'),
(4880, '1', 70, 3, 5, 26, '2020-05-07 14:36:45', '2020-05-07 14:36:45'),
(4881, '1', 71, 1, 1, 26, '2020-05-07 14:36:45', '2020-05-07 14:36:45'),
(4882, '1', 71, 2, 1, 26, '2020-05-07 14:36:45', '2020-05-07 14:36:45'),
(4883, '1', 71, 3, 5, 26, '2020-05-07 14:36:45', '2020-05-07 14:36:45'),
(4884, '1', 72, 1, 1, 26, '2020-05-07 14:36:45', '2020-05-07 14:36:45'),
(4885, '1', 72, 2, 1, 26, '2020-05-07 14:36:45', '2020-05-07 14:36:45'),
(4886, '1', 72, 3, 5, 26, '2020-05-07 14:36:45', '2020-05-07 14:36:45'),
(4887, '1', 73, 1, 1, 26, '2020-05-07 14:36:45', '2020-05-07 14:36:45'),
(4888, '1', 73, 2, 1, 26, '2020-05-07 14:36:45', '2020-05-07 14:36:45'),
(4889, '1', 73, 3, 5, 26, '2020-05-07 14:36:45', '2020-05-07 14:36:45'),
(4890, '1', 74, 1, 1, 26, '2020-05-07 14:36:45', '2020-05-07 14:36:45'),
(4891, '1', 74, 2, 1, 26, '2020-05-07 14:36:45', '2020-05-07 14:36:45'),
(4892, '1', 74, 3, 5, 26, '2020-05-07 14:36:45', '2020-05-07 14:36:45'),
(4893, '1', 75, 1, 1, 26, '2020-05-07 14:36:45', '2020-05-07 14:36:45'),
(4894, '1', 75, 2, 1, 26, '2020-05-07 14:36:45', '2020-05-07 14:36:45'),
(4895, '1', 75, 3, 5, 26, '2020-05-07 14:36:45', '2020-05-07 14:36:45'),
(4896, '1', 76, 1, 1, 26, '2020-05-07 14:36:45', '2020-05-07 14:36:45'),
(4897, '1', 76, 2, 1, 26, '2020-05-07 14:36:45', '2020-05-07 14:36:45'),
(4898, '1', 76, 3, 5, 26, '2020-05-07 14:36:45', '2020-05-07 14:36:45'),
(4899, '1', 77, 1, 1, 26, '2020-05-07 14:36:45', '2020-05-07 14:36:45'),
(4900, '1', 77, 2, 1, 26, '2020-05-07 14:36:45', '2020-05-07 14:36:45'),
(4901, '1', 77, 3, 5, 26, '2020-05-07 14:36:45', '2020-05-07 14:36:45'),
(4902, '1', 78, 1, 1, 26, '2020-05-07 14:36:45', '2020-05-07 14:36:45'),
(4903, '1', 78, 2, 1, 26, '2020-05-07 14:36:45', '2020-05-07 14:36:45'),
(4904, '1', 78, 3, 5, 26, '2020-05-07 14:36:45', '2020-05-07 14:36:45'),
(4905, '1', 79, 1, 1, 26, '2020-05-07 14:36:45', '2020-05-07 14:36:45'),
(4906, '1', 79, 2, 1, 26, '2020-05-07 14:36:45', '2020-05-07 14:36:45'),
(4907, '1', 79, 3, 5, 26, '2020-05-07 14:36:45', '2020-05-07 14:36:45'),
(4908, '1', 80, 1, 1, 26, '2020-05-07 14:36:45', '2020-05-07 14:36:45'),
(4909, '1', 80, 2, 1, 26, '2020-05-07 14:36:45', '2020-05-07 14:36:45'),
(4910, '1', 80, 3, 5, 26, '2020-05-07 14:36:45', '2020-05-07 14:36:45'),
(4911, '1', 81, 1, 1, 26, '2020-05-07 14:36:45', '2020-05-07 14:36:45'),
(4912, '1', 81, 2, 1, 26, '2020-05-07 14:36:45', '2020-05-07 14:36:45'),
(4913, '1', 81, 3, 5, 26, '2020-05-07 14:36:45', '2020-05-07 14:36:45'),
(4914, '1', 82, 1, 1, 26, '2020-05-07 14:36:45', '2020-05-07 14:36:45'),
(4915, '1', 82, 2, 1, 26, '2020-05-07 14:36:45', '2020-05-07 14:36:45'),
(4916, '1', 82, 3, 5, 26, '2020-05-07 14:36:45', '2020-05-07 14:36:45');

-- --------------------------------------------------------

--
-- Estructura de tabla para la tabla `failed_jobs`
--

CREATE TABLE `failed_jobs` (
  `id` bigint(20) UNSIGNED NOT NULL,
  `connection` text NOT NULL,
  `queue` text NOT NULL,
  `payload` longtext NOT NULL,
  `exception` longtext NOT NULL,
  `failed_at` timestamp NOT NULL DEFAULT current_timestamp()
) ENGINE=InnoDB DEFAULT CHARSET=utf8;

-- --------------------------------------------------------

--
-- Estructura de tabla para la tabla `formulas`
--

CREATE TABLE `formulas` (
  `id` bigint(20) UNSIGNED NOT NULL,
  `nombre` varchar(191) NOT NULL,
  `descripcion` text NOT NULL,
  `estado` char(1) NOT NULL DEFAULT '1' COMMENT '0-Inactivo/1-Activo',
  `area_id` bigint(20) UNSIGNED NOT NULL,
  `created_at` timestamp NULL DEFAULT NULL,
  `updated_at` timestamp NULL DEFAULT NULL
) ENGINE=InnoDB DEFAULT CHARSET=utf8;

--
-- Volcado de datos para la tabla `formulas`
--

INSERT INTO `formulas` (`id`, `nombre`, `descripcion`, `estado`, `area_id`, `created_at`, `updated_at`) VALUES
(1, 'Ambientes dinámicos-Ambientes tranquilos', 'Las personas que tienen un balance entre Ambientes Dinámicos y Ambientes Tranquilos, son personas, que en ocasiones se sienten cómodas en ambientes con mucha gente, ruido y movimiento y en otras se sienten más cómodos en ambientes calmados y tranquilos.', '1', 1, NULL, NULL),
(2, 'Sociable-Intimo', 'Las personas que tienen un balance entre Sociable e Íntimo, son personas, que en ocasiones ante eventos emocionales pueden reaccionar de una forma más emocional y en otros de una manera más distante.', '1', 1, NULL, NULL),
(3, 'Entusiasta-Calmado', 'Las personas que tienen un balance entre Entusiasta y Calmado, son personas, que en ciertas ocasiones contagian su energía, son más expresivas y/o son fáciles de darse a conocer. En cambio en otras ocasiones son más reservadas y poco expresivas.', '1', 1, NULL, NULL),
(4, 'Comunicativo-Reservado', 'Las personas que tienen un balance entre comunicativo y reservado, son personas, que en ciertas cicunstancias son más comunicativas, es decir, más conversadoras, más propensos a dar su opinion y en otras más reservadas, es decir, más silenciosas y prefieren escuchar más que hablar.', '1', 1, NULL, NULL),
(5, 'Instintivo-Escéptico', 'Las personas que tienen un balance entre Instintivo y Escéptico, son personas, que en ciertas ocasiones para tomar una decisión confían más en su intuición que en los hechos, cifras y datos, y en otras  ocasiones para tomar decisiones, confïan más en los hechos, cifras y datos que en su intuición.', '1', 2, NULL, NULL),
(6, 'Original-Tradicional', 'Las personas que tienen un balance entre Original y Tradicional, son personas, que en ocasiones disfrutan hacer las cosas de manera original, más informal y poco convencional. En cambio en otras ocasiones son más conservadoras, y formales.', '1', 2, NULL, NULL),
(7, 'Creativo-Realista', 'Las personas que tienen un balance entre Creativo y Realista, son personas, que ocasionalmente disfrutan dejar volar su imaginación y generan ideas creativas. En cambio, en otras circunstancias son más realistas y prefieren aterrizar e implementar sus ideas o las ideas de los demás.', '1', 2, NULL, NULL),
(8, 'Conceptual-Aplicador', 'Las personas que tienen un balance entre Conceptual y Aplicador, son personas, que en ocasiones prefieren entender la teoría que hay detrás de los conceptos y en otras circustancias, les cansa la explicación teórica y prefieren que les den los pasos a seguir para aplicarlos.', '1', 2, NULL, NULL),
(9, 'Objetivo-Compasivo', 'Las personas que tienen un balance entre Objetivo y Compasivo, son personas, que en ciertas circunstancias para tomar una decisión, se centran en los hechos, sin darle tanta importancia a las emociones de los involucrados en la decision. En cambio, en otras circunstancias estan más conscientes de las emociones de los demás al tomar una decision.', '1', 3, NULL, NULL),
(10, 'Distante-Susceptible', 'Las personas que tienen un balance entre Distante y Susceptible, son personas, que en ocasiones suelen ser muy prácticas y menos emotivas y en otras más bien tienen la habilidad para acompañar emocionalmente a la otra persona ya que comparten su sentir.', '1', 3, NULL, NULL),
(11, 'Cuestionador-Conciliador', 'Las personas que tienen un balance entre Cuestionador y Conciliador, son personas, que en ciertas ocasiones valoran las discusiones, dicen lo que piensan y pueden contradecir al resto si es necesario y en otras circunstancias prefieren evitar las discusiones acaloradas y mantener la armonia del grupo.', '1', 3, NULL, NULL),
(12, 'Directo-Empático', 'Las personas que tienen un balance entre Directo y Empático, son personas, que ante ciertos eventos dicen lo que piensan aunque sus comentarios puedan afectar emocionalmente a algunos, y en otras cuidan lo que dicen para no afectar negativamente a los demás.', '1', 3, NULL, NULL),
(13, 'Planificado-Espontaneo', 'Las personas que tienen un balance entre Planificado y Espontáneo, son personas, que en ciertas circunstancias son más organizadas y  planificadas y en otras oportunidades trabajan de forma más espontánea y planifican menos.', '1', 4, NULL, NULL),
(14, 'Metódico-Eventual', 'Las personas que tienen un balance entre Metódico y Eventual, son personas, que en ciertas ocasiones siguen rutinas, son más sistemáticos y cuidadosos y en otras circunstancias, no siguen rutinas y priorizan la rapidez antes que el método.', '1', 4, NULL, NULL),
(15, 'Estructurado-Flexible', 'Las personas que tienen un balance entre Estructurado y Flexible, son personas, que en ocasiones son más estructuradas y rigurosas con el cumplimiento de los planes, y en otras circunstancias son más flexibles y se adaptan al cambio de planes.', '1', 4, NULL, NULL),
(16, 'Cerrar-Implementar', 'Las personas que tienen un balance entre Cerrar e Implementar y Explorar más Alternativas, son personas, que en ocasiones deciden rápidamente y pasan a la implementación; y en otras, invierten más tiempo en pensar y buscar alternativas de solución al problema.', '1', 4, NULL, NULL);

-- --------------------------------------------------------

--
-- Estructura de tabla para la tabla `formula_item`
--

CREATE TABLE `formula_item` (
  `id` bigint(20) UNSIGNED NOT NULL,
  `nombre` varchar(191) NOT NULL,
  `descripcion` text NOT NULL,
  `posicion` char(1) NOT NULL COMMENT '0-Abajo/1-Arriba',
  `estado` char(1) NOT NULL DEFAULT '1' COMMENT '0-Inactivo/1-Activo',
  `formula_id` bigint(20) UNSIGNED NOT NULL,
  `area_item_id` bigint(20) UNSIGNED NOT NULL,
  `created_at` timestamp NULL DEFAULT NULL,
  `updated_at` timestamp NULL DEFAULT NULL
) ENGINE=InnoDB DEFAULT CHARSET=utf8;

--
-- Volcado de datos para la tabla `formula_item`
--

INSERT INTO `formula_item` (`id`, `nombre`, `descripcion`, `posicion`, `estado`, `formula_id`, `area_item_id`, `created_at`, `updated_at`) VALUES
(1, 'Ambientes Dinámicos', 'Las personas que tienen preferencias por ambientes dinámicos sienten placer de conversar con personas en situaciones donde hay una gran cantidad de gente y muchos estímulos alrededor (Avia, Sanz y Sila, 1999). Son más eficientes en situaciones donde hay muchos estímulos que los puede activar, por lo que en ambientes silenciosos suelen sentir poca energía y aburrimiento (Briggs, McCaulley y Hammer, 2009; Costa y Mcrae, 1992; Yerkes & Dodson, 1908).', '1', '1', 1, 1, NULL, NULL),
(2, 'Ambientes Tranquilos', 'Las personas que prefieren ambientes tranquilos sienten mayor comodidad cuando están en ambientes donde no hay mucho ruido, muchos estímulos, ni un gran tumulto de gente (Zuckerman y Habr, 1965; Zuckerman, Persky y Link, 1968). Estas personas, en situaciones donde hay grandes grupos y fuerte bullicio, se sienten incómodas y con la sensación de que no pueden conversar o relacionarse con agrado (Briggs, McCaulley y Hammer, 2009; Zuckerman, 1969).', '0', '1', 1, 2, NULL, NULL),
(3, 'Sociable', 'A las personas con una faceta más sociable les gusta tener amigos y tener diversos grupos sociales. Para ellas, es muy importante la cantidad de amistades que tienen así como la variedad de las mismas, porque tienen gran interés en socializar con el resto. En ese caso, no tienen dificultad de hablar con una persona que no conocen (Costa y Mcrae, 1992). Esto es sumamente importante ya que les permite realizar diversas actividades y la heterogeneidad de sus grupos sociales les permite poder construir su propia identidad (Baron & Byrne, 2005).', '1', '1', 2, 1, NULL, NULL),
(4, 'Intimo', 'Las personas con facetas más íntimas están más orientadas a relacionarse con grupos pequeños que los conocen bastante bien (Viney y King, 2003). Por eso, prefieren tener un pequeño grupo de amigos y pocas redes sociales, ya que pueden ser selectivos con la información que comparten ya que orientan su energía hacia adentro y hacia sus aspectos íntimos (Di Caprio, 1989; Jung, 1933).', '0', '1', 2, 2, NULL, NULL),
(5, 'Entusiasta', 'Las personas con facetas entusiastas son personas con mucha energía e interés por conversar (John, 1990). Para ellos, las conversaciones son vistas como estimulantes y como situaciones que pueden generar que obtengan una gran cantidad de energía. Por ello, la gente con faceta entusiasta es percibida por los demás como individuos con gran energía y que disfrutan enormemente de las conversaciones grupales (DeYoung, Quilty y Peterson, 2007). Además, la gran energía que despliegan durante las conversaciones hace que sean personas con mucha vitalidad y que la gente sepa los temas de su interés (Ashton, Lee y Paunonen, 2002).', '1', '1', 3, 1, NULL, NULL),
(6, 'Calmado', 'Las personas con facetas calmadas suelen ser personas parsimoniosas incluso en situaciones donde la conversación es dinámica y llena de energía. Ellas simplemente parecen tener una menor energía y la interacción con los demás los emociona menos que a otras personas (Cloninger, 1996). Al hablar, su lenguaje corporal no suele ser muy expresivo y no se expresan de manera muy efusiva y la gente podría percibirlas como no muy apasionadas. Sin embargo, transmiten una gran calma a quienes los rodean  (Costa y Widiger, 2002).', '0', '1', 3, 2, NULL, NULL),
(7, 'Comunicativo', 'Las personas con facetas más comunicativas están dispuestas a compartir experiencias, emociones, ideas y casi siempre suelen tener algo que decir. Para ellos, comunicar es importante porque estrechan las relaciones interpersonales (Liebert, y Spiegler, (2000). Prefieren ser honestos y abiertos a lo que piensan, sienten y opinan, si la situación lo permite. Por ello, no es complicado conocer a estas personas ya que ellas comunican lo que piensan de manera abierta (Avia, y Sánchez, 1995; Dolcet i Serra, 2006; Digman, 1990).', '1', '1', 4, 1, NULL, NULL),
(8, 'Reservado', 'Las personas con facetas más reservadas son selectivas con la información que comparten con los demás y a quién le comunican ésta. Suelen revelar lo que piensan cuando un tema que es acorde a sus intereses, es expuesto (Eysenck y Eysenck, 1975). Por ello, es difícil conocer con rapidez a una persona con una faceta más reservada, ya que suelen ser personas tímidas y selectivas con la información que comparten (Catell, 1965).', '0', '1', 4, 2, NULL, NULL),
(9, 'Instintivo', 'Las personas que prefieren la faceta instintiva sienten que la importancia de la información está en lo abstracto y en el significado que tienen las cosas. Prefieren guiarse de su intuición para tomar decisiones, en lugar de basarse en hechos concretos y medibles (Hjelle y Ziegler, 1992). Para las personas con faceta instintiva, seguir su intuición y lo que consideran que es adecuado es mucho más beneficioso ya que anteponen ésta para evaluar todo tipo de situaciones incluso las nuevas (Schultz y Schultz, 2010).', '1', '1', 5, 3, NULL, NULL),
(10, 'Escéptico', 'Las personas con faceta escéptica prefieren la información fáctica en lugar de los datos que pueden ser abstractos o sin sustento. Estas personas tienen preferencia por llevar a la práctica las ideas basándose en información o cifras concretas en lugar de hechos que no son concretos (Hjelle y Ziegler, 1992). Suelen ser personas que tienen interés en analizar las situaciones pero siempre basándose en hechos que son pragmáticos y medibles. En ese caso, la información valiosa es la que es capaz de ser medible y verificable (Briggs, McCaulley y Hammer, 2009).', '0', '1', 5, 4, NULL, NULL),
(11, 'Original', 'Las personas con faceta original están más interesadas en las ideas nuevas y diferentes. Esto no quiere decir que desechen las tradiciones, pero prefieren crear situaciones y caminos nuevos. Estas personas prefieren variar lo convencional ya que sienten que es el cambio lo que les permite expresarse tal y como son. Las personas con faceta original necesitan situaciones en los cuales se puede promover su creatividad y hacer cosas únicas, ya que es la manera de expresar su originalidad (Briggs, McCaulley y Hammer, 2009).', '1', '1', 6, 3, NULL, NULL),
(12, 'Tradicional', 'Las personas con faceta tradicional prefieren realizar actividades en base a lo que el consenso social propone (John, Pals y Westenberg, 1998). Se sienten seguras y cómodas de pertenecer a una comunidad y le dan gran importancia a las tradiciones ya que les da una sensación de pertenecer a un grupo. Esto genera que sus ideas estén dirigidas hacia las situaciones más habituales para su comunidad (Schultz y Schultz, 2010). Se sienten cómodos con la convención social ya que sus ideas están regidas por ésta. Asimismo, los valores tradicionales y consensuados son vistos como los correctos y los más adecuados (Briggs, McCaulley y Hammer, 2009).', '0', '1', 6, 4, NULL, NULL),
(13, 'Creativo', 'Las personas con esta faceta sienten que los objetos tangibles no son tan importantes sino más bien, las diferentes posibilidades que éstos permiten conseguir. La persona creativa goza de conectar diversas ideas en base a la imaginación (McCrae, 1996). Son amantes de la creatividad y gustan de jugar con las ideas, imaginarlas y valoran mucho los proyectos obtenidos de la propia inspiración (Hampson, 1989). Ello hace que algunas personas puedan verlos como soñadores ya que suelen estar interesados en innovar y cambiar las cosas (Millon, 1990).', '1', '1', 7, 3, NULL, NULL),
(14, 'Realista', 'Las personas con faceta realista suelen ser prácticas y que valoran rutinas y hechos que son de carácter concreto y que pueden desencadenar en un proyecto aplicativo. Estas personas valoran fuertemente la eficiencia en el uso de los diferentes recursos que utilicen y ven la importancia de hacer las ideas concretas y reales (Fadiman y Frager, 1979). Le dan importancia a los hechos prácticos que tengan un impacto que puede ser observable (Mischel, 1979). Por ello, son personas vistas como muy realistas y que no suelen soñar mucho, viven en el presente y las oportunidades que éste les da, en lugar de lo que puede pasar en el futuro lejano (Briggs, McCaulley y Hammer, 2009).', '0', '1', 7, 4, NULL, NULL),
(15, 'Conceptual', 'Las personas que tienen una faceta conceptual buscan el lado teórico que está detrás del análisis. Su enfoque está en realizar inferencias de carácter teórico y estas inferencias pueden generar diversas ideas que luego podrían ser aplicadas (Schultz y Schultz, 2010). Estas personas están interesadas en desarrollar las ideas que tienen y elaborar diferentes conexiones con las mismas (Fadiman y Frager, 1979). Además, valoran discursos que son intelectuales y de carácter abstracto.', '1', '1', 8, 3, NULL, NULL),
(16, 'Aplicador', 'Las personas que tienen una faceta aplicadora tienen preferencia por las ideas prácticas y de sentido común. Para ellas, las ideas son sumamente valoradas cuando pueden ser aplicadas y están diseñadas para ser utilizadas en problemas concretos (Schultz y Schultz, 2010). En ese caso, optan por ideas más concretas que tienen aplicación práctica en lugar de situaciones abstractas y que pueden ser hipotéticas, simbólicas o de carácter puramente teórico (Briggs, McCaulley y Hammer, 2009).', '0', '1', 8, 4, NULL, NULL),
(17, 'Objetivo', 'Las personas con faceta objetiva piensan que el mundo se ajusta mejor con la lógica y el sentido común. Para ellas, el análisis de una situación es aceptable cuando ésta es evaluada utilizando la lógica y la razón (Hjelle y Ziegler, 1992). En ese caso, cuando no entienden algo intentan buscar el sentido lógico y cuál es la premisa que está detrás de la idea (Jacobi, 1963). Asimismo, pueden tener dificultades para aceptar y comprender explicaciones que carecen de un sentido lógico (Fadiman y Frager, 1979; Schultz y Schultz, 2010).', '1', '1', 9, 5, NULL, NULL),
(18, 'Compasivo', 'Las personas con faceta compasiva evalúan las relaciones interpersonales, los sentimientos y la experiencia de la gente como hechos sumamente importantes. En ese caso, la verdad no está separada de las vivencias y emociones de las personas (Hjelle y Ziegler, 1992). Además, toman las decisiones de lo que van a hacer tomando en cuenta cómo se siente el otro, lo cual en algunas situaciones pueden traerles problemas sobre todo si el otro está muy involucrado emocionalmente (Jacobi, 1963).', '0', '1', 9, 6, NULL, NULL),
(19, 'Distante', 'Las personas con faceta distante no suelen involucrarse del todo con los sentimientos de los demás. Suelen ser personas más prácticas y menos emotivas. En ese caso, en situaciones intensas donde hay un despliegue emocional intenso, ellas se mantienen ecuánimes y no se quiebran (Briggs, McCaulley y Hammer, 2009). Por ello, les es difícil involucrarse en este tipo de situaciones y sentir con otras personas. Esto no quiere decir que no les importen los sentimientos de los demás, sino que les dificulta conectarse con el sentir del otro (Fadiman y Frager, 1979).', '1', '1', 10, 5, NULL, NULL),
(20, 'Susceptible', 'Las personas con faceta susceptible tienen la habilidad de identificarse con el sentimiento de la otra persona y compartir esa emoción con ella (Avia y Sanchez, 1995). Se muestran como personas emotivas que pueden verse afectadas en situaciones sumamente conmovedoras. En ciertos momentos pueden identificarse tanto con las emociones que pueden llegar a sentirse afectados por éstas. Por ello, tienen la habilidad para acompañar a la otra persona ya que comparten su sentir (Briggs, McCaulley y Hammer, 2009).', '0', '1', 10, 6, NULL, NULL),
(21, 'Cuestionador', 'Las personas con faceta cuestionadora suelen discutir las ideas y planteamientos de los demás. Su posición no está motivada por el hecho de atacar al otro sino que su interés es que mediante el cuestionamiento podrán conseguir la verdad (Schultz y Schultz, 2010). Estas personas no suelen estar de acuerdo con los demás inmediatamente sino que se toman su tiempo para analizar el discurso y poder encontrar si existe algo que no es lógico o coherente (Fadiman y Frager, 1979).', '1', '1', 11, 5, NULL, NULL),
(22, 'Conciliador', 'Las personas con faceta conciliadora están más interesadas en llegar a un acuerdo con los demás que en tener la razón y encontrar la idea correcta en una discusión. Su mayor interés es armar grupos de discusión en los cuales haya armonía y en donde los demás se sientan cómodos (Freed, 1970). Asimismo, estas personas consideran que el fuerte cuestionamiento puede ser incluso un ataque hacia la integridad de la otra persona (Briggs, McCaulley y Hammer, 2009).', '0', '1', 11, 6, NULL, NULL),
(23, 'Directo', 'Las personas con faceta directa son firmes, no cambian de parecer con facilidad ante las opiniones que tienen de los demás y en su punto de vista prima la razón y la lógica (Shibutani, 1961). Ellas no temen decir lo que piensan y creen y pueden enfrentar conflictos con facilidad. A pesar de que en ciertas oportunidades pueden afectar la susceptibilidad de los demás, las personas con faceta directa prefieren decir las cosas tal y como son en vez de diluir el comentario para evitar complicaciones con los demás. Sin embargo, en ciertas situaciones por ser tan directos pueden generar conflictos con los demás (Briggs, McCaulley y Hammer, 2009).', '1', '1', 12, 5, NULL, NULL),
(24, 'Empático', 'Las personas con faceta empática son muy cuidadosas con los sentimientos de las otras personas (Allport, 1961). Asimismo, están muy atentas hacia los sentimientos de los demás y modulan sus comentarios de tal manera que no afecten la integridad del otro (McCrae, et al. 1996). En ese caso, cuando toman decisiones suelen comunicar las mismas de manera empática y asertiva tomando en cuenta lo que piensan y sienten lo demás. Al referirse a los otros piensan cuidadosamente qué palabras utilizar de tal manera que sean comprendidos pero evitando afectar al otro (Briggs, McCaulley y Hammer, 2009).', '0', '1', 12, 6, NULL, NULL),
(25, 'Planificado', 'Las personas con faceta planificada prefieren planear las diversas actividades que van a realizar así sean de trabajo o de ocio. Estas personas, en cierta manera,  tienen la habilidad para tener idea de qué tareas van a hacer en el futuro de tal modo que puedan planificarlas (Fadiman y Frager, 1979). Prefieren conocer las fechas, los días y las horas de las diferentes reuniones (u otras actividades) que van a tener. Como suelen ser personas sumamente ordenadas no están cómodas cuando se les avisa de un evento con poca anticipación ya que puede sorprenderlas (Lazarus, 1965).', '1', '1', 13, 7, NULL, NULL),
(26, 'Espontaneo', 'Las personas con faceta espontánea sienten que planificar puede quitarles la libertad de aceptar posteriormente otras actividades que incluso podrían ser más interesantes y entretenidas. En ese caso, prefieren que sus horarios no estén planificados sino más bien libres y abiertos (Briggs, McCaulley y Hammer, 2009). Estas personas, disfrutan de la espontaneidad de los eventos y les genera entusiasmo vivir el presente y las situaciones que pueden aparecer en ese mismo momento (Costa y McCrae, 1992).', '0', '1', 13, 8, NULL, NULL),
(27, 'Metódico', 'Las personas con faceta metódica tienen una orientación sistemática de cómo enfrentar la vida. Ellas utilizan estructuras y rutinas para ordenar su tiempo de manera eficiente (Rotter, 1966). Su fuerte planificación les permite incluso no agotar toda su energía sino guardarla y mantenerla. En ese caso, se describen como personas ordenadas y sistemáticas que pueden incluso tener actividades establecidas de manera diaria y un orden específico el cual las hace sentir muy cómodas (Briggs, McCaulley y Hammer, 2009).', '1', '1', 14, 7, NULL, NULL),
(28, 'Eventual', 'Las personas con faceta eventual suelen emocionarse cuando se encuentran con actividades que son inesperadas y que rompen las actividades cotidianas (Avia y Sanchez, 1995). Las personas con faceta eventual tienen preferencias por situaciones más espontáneas. Ellas sienten que las rutinas los aprisionan y limitan las diferentes actividades que podrían realizar. En ese caso, están más cómodas con horarios flexibles y sienten que las actividades que realizan deben ser más llevaderas y menos organizadas y rutinarias (Briggs, McCaulley y Hammer, 2009).', '0', '1', 14, 8, NULL, NULL),
(29, 'Estructurado', 'Las personas con faceta estructurada prefieren tener la mayor cantidad de espacios de su vida estructurados, controlados y que el orden de estos espacios dependa de ellos (Rotter, 1966). Prefieren planear las actividades que piensan hacer ya que esto les da una estructura de cómo actuar. Cuando estos planes no se cumplen, estas personas se sienten incómodas ya que sienten que su estructura habitual ha cambiado (Lazarus, 1965). Asimismo, cuando la estructura se ve alterada, estas personas buscan rápidamente recuperar el orden para poder continuar con sus actividades de la manera que suelen hacerlo cotidianamente.', '1', '1', 15, 7, NULL, NULL),
(30, 'Flexible', 'Las personas con faceta flexible suelen tener amplia habilidad para adaptarse ante situaciones inesperadas que les cambian los planes que se habían trazado (Showers y Ziegler-Hill, 2012). Ellas prefieren tener un ritmo de vida más espontáneo, flexible y poco ordenado.  Esto no quiere decir que la vida es desordenada, sino que prefieren poder escoger las diferentes situaciones y no tener un esquema determinado (Briggs, McCaulley y Hammer, 2009). Ello, les permite sentir que tienen un mejor manejo de sus tiempos y su actuar en general (Lazarus, 1965).', '0', '1', 15, 8, NULL, NULL),
(31, 'Cerrar e implementar', 'Las personas con faceta de cerrar e implementar prefieren implementar velozmente y realizar las actividades en vez de evaluar varias alternativas. Estas personas, están bien enfocadas en la tarea y escogen las primeras alternativas que aparecen de tal manera que puedan desarrollar la actividad en ese momento. Además, tienen la sensación que evaluar y explorar ideas por un tiempo prolongado es utilizar el tiempo de manera ineficiente. En ese caso, prefieren hacer pocos proyectos a la vez de tal manera que pueden manejar su tiempo eficientemente (Briggs, McCaulley y Hammer, 2009).', '1', '1', 16, 7, NULL, NULL),
(32, 'Explorar alternativas', 'Las personas con faceta de explorar más alternativas prefieren evaluar todas las opciones posibles antes de implementar un proyecto. Asimismo, piensan que utilizar el tiempo para evaluar las diferentes ideas es una inversión productiva de éste y va a permitir obtener un producto adecuado y de calidad (Briggs, McCaulley y Hammer, 2009). Además, en ciertas oportunidades pueden preferir hacer varios proyectos a la vez ya que les permite explorar diferentes ideas (Millon, 1990).', '0', '1', 16, 8, NULL, NULL);

-- --------------------------------------------------------

--
-- Estructura de tabla para la tabla `formula_puntaje`
--

CREATE TABLE `formula_puntaje` (
  `id` bigint(20) UNSIGNED NOT NULL,
  `encuesta_puntaje_id` bigint(20) UNSIGNED NOT NULL,
  `formula_id` bigint(20) UNSIGNED NOT NULL,
  `puntaje` double NOT NULL,
  `transformacion` double NOT NULL,
  `created_at` timestamp NULL DEFAULT NULL,
  `updated_at` timestamp NULL DEFAULT NULL
) ENGINE=InnoDB DEFAULT CHARSET=utf8;

--
-- Volcado de datos para la tabla `formula_puntaje`
--

INSERT INTO `formula_puntaje` (`id`, `encuesta_puntaje_id`, `formula_id`, `puntaje`, `transformacion`, `created_at`, `updated_at`) VALUES
(1, 2, 1, 4, 0, '2020-05-03 17:04:30', '2020-05-03 17:04:30'),
(2, 2, 2, 4, 0, '2020-05-03 17:04:30', '2020-05-03 17:04:30'),
(3, 2, 3, 4, 0, '2020-05-03 17:04:31', '2020-05-03 17:04:31'),
(4, 2, 4, 4, 0, '2020-05-03 17:04:31', '2020-05-03 17:04:31'),
(5, 2, 5, 4, 0, '2020-05-03 17:04:31', '2020-05-03 17:04:31'),
(6, 2, 6, 4, 0, '2020-05-03 17:04:31', '2020-05-03 17:04:31'),
(7, 2, 7, 5, 1, '2020-05-03 17:04:31', '2020-05-03 17:04:31'),
(8, 2, 8, 4, 0, '2020-05-03 17:04:31', '2020-05-03 17:04:31'),
(9, 2, 9, 4, 0, '2020-05-03 17:04:31', '2020-05-03 17:04:31'),
(10, 2, 10, 4, 0, '2020-05-03 17:04:31', '2020-05-03 17:04:31'),
(11, 2, 11, 4, 0, '2020-05-03 17:04:31', '2020-05-03 17:04:31'),
(12, 2, 12, 3, -1, '2020-05-03 17:04:31', '2020-05-03 17:04:31'),
(13, 2, 13, 5, 1, '2020-05-03 17:04:31', '2020-05-03 17:04:31'),
(14, 2, 14, 4, 0, '2020-05-03 17:04:31', '2020-05-03 17:04:31'),
(15, 2, 15, 4, 0, '2020-05-03 17:04:31', '2020-05-03 17:04:31'),
(16, 2, 16, 4, 0, '2020-05-03 17:04:31', '2020-05-03 17:04:31'),
(17, 3, 1, 3, -1, '2020-05-03 21:35:13', '2020-05-03 21:35:13'),
(18, 3, 2, 5, 1, '2020-05-03 21:35:13', '2020-05-03 21:35:13'),
(19, 3, 3, 4, 0, '2020-05-03 21:35:13', '2020-05-03 21:35:13'),
(20, 3, 4, 5, 1, '2020-05-03 21:35:13', '2020-05-03 21:35:13'),
(21, 3, 5, 4, 0, '2020-05-03 21:35:13', '2020-05-03 21:35:13'),
(22, 3, 6, 4, 0, '2020-05-03 21:35:13', '2020-05-03 21:35:13'),
(23, 3, 7, 4, 0, '2020-05-03 21:35:13', '2020-05-03 21:35:13'),
(24, 3, 8, 4, 0, '2020-05-03 21:35:13', '2020-05-03 21:35:13'),
(25, 3, 9, 3, -1, '2020-05-03 21:35:13', '2020-05-03 21:35:13'),
(26, 3, 10, 4, 0, '2020-05-03 21:35:13', '2020-05-03 21:35:13'),
(27, 3, 11, 3, -1, '2020-05-03 21:35:13', '2020-05-03 21:35:13'),
(28, 3, 12, 4, 0, '2020-05-03 21:35:13', '2020-05-03 21:35:13'),
(29, 3, 13, 4, 0, '2020-05-03 21:35:13', '2020-05-03 21:35:13'),
(30, 3, 14, 4, 0, '2020-05-03 21:35:13', '2020-05-03 21:35:13'),
(31, 3, 15, 4, 0, '2020-05-03 21:35:13', '2020-05-03 21:35:13'),
(32, 3, 16, 4, 0, '2020-05-03 21:35:13', '2020-05-03 21:35:13'),
(33, 6, 1, 4, 0, '2020-05-03 23:32:00', '2020-05-03 23:32:00'),
(34, 6, 2, 4, 0, '2020-05-03 23:32:00', '2020-05-03 23:32:00'),
(35, 6, 3, 5, 1, '2020-05-03 23:32:00', '2020-05-03 23:32:00'),
(36, 6, 4, 4, 0, '2020-05-03 23:32:00', '2020-05-03 23:32:00'),
(37, 6, 5, 4, 0, '2020-05-03 23:32:00', '2020-05-03 23:32:00'),
(38, 6, 6, 4, 0, '2020-05-03 23:32:00', '2020-05-03 23:32:00'),
(39, 6, 7, 4, 0, '2020-05-03 23:32:00', '2020-05-03 23:32:00'),
(40, 6, 8, 4, 0, '2020-05-03 23:32:00', '2020-05-03 23:32:00'),
(41, 6, 9, 4, 0, '2020-05-03 23:32:00', '2020-05-03 23:32:00'),
(42, 6, 10, 4, 0, '2020-05-03 23:32:00', '2020-05-03 23:32:00'),
(43, 6, 11, 4, 0, '2020-05-03 23:32:00', '2020-05-03 23:32:00'),
(44, 6, 12, 4, 0, '2020-05-03 23:32:00', '2020-05-03 23:32:00'),
(45, 6, 13, 4, 0, '2020-05-03 23:32:00', '2020-05-03 23:32:00'),
(46, 6, 14, 5, 1, '2020-05-03 23:32:00', '2020-05-03 23:32:00'),
(47, 6, 15, 4, 0, '2020-05-03 23:32:00', '2020-05-03 23:32:00'),
(48, 6, 16, 4, 0, '2020-05-03 23:32:00', '2020-05-03 23:32:00'),
(49, 11, 1, 4, 0, '2020-05-04 01:23:23', '2020-05-04 01:23:23'),
(50, 11, 2, 4, 0, '2020-05-04 01:23:23', '2020-05-04 01:23:23'),
(51, 11, 3, 4, 0, '2020-05-04 01:23:23', '2020-05-04 01:23:23'),
(52, 11, 4, 4, 0, '2020-05-04 01:23:23', '2020-05-04 01:23:23'),
(53, 11, 5, 4, 0, '2020-05-04 01:23:23', '2020-05-04 01:23:23'),
(54, 11, 6, 4, 0, '2020-05-04 01:23:23', '2020-05-04 01:23:23'),
(55, 11, 7, 4, 0, '2020-05-04 01:23:23', '2020-05-04 01:23:23'),
(56, 11, 8, 4, 0, '2020-05-04 01:23:23', '2020-05-04 01:23:23'),
(57, 11, 9, 4, 0, '2020-05-04 01:23:23', '2020-05-04 01:23:23'),
(58, 11, 10, 4, 0, '2020-05-04 01:23:23', '2020-05-04 01:23:23'),
(59, 11, 11, 4, 0, '2020-05-04 01:23:23', '2020-05-04 01:23:23'),
(60, 11, 12, 4, 0, '2020-05-04 01:23:23', '2020-05-04 01:23:23'),
(61, 11, 13, 4, 0, '2020-05-04 01:23:23', '2020-05-04 01:23:23'),
(62, 11, 14, 4, 0, '2020-05-04 01:23:23', '2020-05-04 01:23:23'),
(63, 11, 15, 4, 0, '2020-05-04 01:23:23', '2020-05-04 01:23:23'),
(64, 11, 16, 4, 0, '2020-05-04 01:23:23', '2020-05-04 01:23:23'),
(65, 12, 1, 4, 0, '2020-05-04 01:24:42', '2020-05-04 01:24:42'),
(66, 12, 2, 4, 0, '2020-05-04 01:24:42', '2020-05-04 01:24:42'),
(67, 12, 3, 4, 0, '2020-05-04 01:24:42', '2020-05-04 01:24:42'),
(68, 12, 4, 4, 0, '2020-05-04 01:24:42', '2020-05-04 01:24:42'),
(69, 12, 5, 4, 0, '2020-05-04 01:24:42', '2020-05-04 01:24:42'),
(70, 12, 6, 4, 0, '2020-05-04 01:24:42', '2020-05-04 01:24:42'),
(71, 12, 7, 4, 0, '2020-05-04 01:24:42', '2020-05-04 01:24:42'),
(72, 12, 8, 4, 0, '2020-05-04 01:24:42', '2020-05-04 01:24:42'),
(73, 12, 9, 4, 0, '2020-05-04 01:24:42', '2020-05-04 01:24:42'),
(74, 12, 10, 4, 0, '2020-05-04 01:24:42', '2020-05-04 01:24:42'),
(75, 12, 11, 4, 0, '2020-05-04 01:24:42', '2020-05-04 01:24:42'),
(76, 12, 12, 4, 0, '2020-05-04 01:24:42', '2020-05-04 01:24:42'),
(77, 12, 13, 4, 0, '2020-05-04 01:24:42', '2020-05-04 01:24:42'),
(78, 12, 14, 4, 0, '2020-05-04 01:24:42', '2020-05-04 01:24:42'),
(79, 12, 15, 4, 0, '2020-05-04 01:24:42', '2020-05-04 01:24:42'),
(80, 12, 16, 4, 0, '2020-05-04 01:24:42', '2020-05-04 01:24:42'),
(81, 13, 1, 4, 0, '2020-05-04 01:26:19', '2020-05-04 01:26:19'),
(82, 13, 2, 4, 0, '2020-05-04 01:26:19', '2020-05-04 01:26:19'),
(83, 13, 3, 4, 0, '2020-05-04 01:26:19', '2020-05-04 01:26:19'),
(84, 13, 4, 4, 0, '2020-05-04 01:26:19', '2020-05-04 01:26:19'),
(85, 13, 5, 4, 0, '2020-05-04 01:26:19', '2020-05-04 01:26:19'),
(86, 13, 6, 4, 0, '2020-05-04 01:26:19', '2020-05-04 01:26:19'),
(87, 13, 7, 4, 0, '2020-05-04 01:26:19', '2020-05-04 01:26:19'),
(88, 13, 8, 4, 0, '2020-05-04 01:26:19', '2020-05-04 01:26:19'),
(89, 13, 9, 4, 0, '2020-05-04 01:26:19', '2020-05-04 01:26:19'),
(90, 13, 10, 4, 0, '2020-05-04 01:26:19', '2020-05-04 01:26:19'),
(91, 13, 11, 4, 0, '2020-05-04 01:26:19', '2020-05-04 01:26:19'),
(92, 13, 12, 4, 0, '2020-05-04 01:26:19', '2020-05-04 01:26:19'),
(93, 13, 13, 4, 0, '2020-05-04 01:26:19', '2020-05-04 01:26:19'),
(94, 13, 14, 4, 0, '2020-05-04 01:26:19', '2020-05-04 01:26:19'),
(95, 13, 15, 4, 0, '2020-05-04 01:26:19', '2020-05-04 01:26:19'),
(96, 13, 16, 4, 0, '2020-05-04 01:26:19', '2020-05-04 01:26:19'),
(97, 15, 1, 4, 0, '2020-05-04 01:29:21', '2020-05-04 01:29:21'),
(98, 15, 2, 4, 0, '2020-05-04 01:29:21', '2020-05-04 01:29:21'),
(99, 15, 3, 4, 0, '2020-05-04 01:29:21', '2020-05-04 01:29:21'),
(100, 15, 4, 4, 0, '2020-05-04 01:29:21', '2020-05-04 01:29:21'),
(101, 15, 5, 4, 0, '2020-05-04 01:29:21', '2020-05-04 01:29:21'),
(102, 15, 6, 4, 0, '2020-05-04 01:29:21', '2020-05-04 01:29:21'),
(103, 15, 7, 4, 0, '2020-05-04 01:29:21', '2020-05-04 01:29:21'),
(104, 15, 8, 4, 0, '2020-05-04 01:29:21', '2020-05-04 01:29:21'),
(105, 15, 9, 4, 0, '2020-05-04 01:29:21', '2020-05-04 01:29:21'),
(106, 15, 10, 4, 0, '2020-05-04 01:29:21', '2020-05-04 01:29:21'),
(107, 15, 11, 4, 0, '2020-05-04 01:29:21', '2020-05-04 01:29:21'),
(108, 15, 12, 4, 0, '2020-05-04 01:29:21', '2020-05-04 01:29:21'),
(109, 15, 13, 4, 0, '2020-05-04 01:29:21', '2020-05-04 01:29:21'),
(110, 15, 14, 4, 0, '2020-05-04 01:29:21', '2020-05-04 01:29:21'),
(111, 15, 15, 4, 0, '2020-05-04 01:29:21', '2020-05-04 01:29:21'),
(112, 15, 16, 4, 0, '2020-05-04 01:29:21', '2020-05-04 01:29:21'),
(113, 16, 1, 4, 0, '2020-05-04 01:30:24', '2020-05-04 01:30:24'),
(114, 16, 2, 4, 0, '2020-05-04 01:30:24', '2020-05-04 01:30:24'),
(115, 16, 3, 4, 0, '2020-05-04 01:30:24', '2020-05-04 01:30:24'),
(116, 16, 4, 4, 0, '2020-05-04 01:30:24', '2020-05-04 01:30:24'),
(117, 16, 5, 4, 0, '2020-05-04 01:30:24', '2020-05-04 01:30:24'),
(118, 16, 6, 4, 0, '2020-05-04 01:30:24', '2020-05-04 01:30:24'),
(119, 16, 7, 4, 0, '2020-05-04 01:30:24', '2020-05-04 01:30:24'),
(120, 16, 8, 4, 0, '2020-05-04 01:30:24', '2020-05-04 01:30:24'),
(121, 16, 9, 4, 0, '2020-05-04 01:30:24', '2020-05-04 01:30:24'),
(122, 16, 10, 4, 0, '2020-05-04 01:30:24', '2020-05-04 01:30:24'),
(123, 16, 11, 4, 0, '2020-05-04 01:30:24', '2020-05-04 01:30:24'),
(124, 16, 12, 4, 0, '2020-05-04 01:30:24', '2020-05-04 01:30:24'),
(125, 16, 13, 4, 0, '2020-05-04 01:30:24', '2020-05-04 01:30:24'),
(126, 16, 14, 4, 0, '2020-05-04 01:30:24', '2020-05-04 01:30:24'),
(127, 16, 15, 4, 0, '2020-05-04 01:30:24', '2020-05-04 01:30:24'),
(128, 16, 16, 4, 0, '2020-05-04 01:30:24', '2020-05-04 01:30:24'),
(129, 17, 1, 4, 0, '2020-05-04 01:31:25', '2020-05-04 01:31:25'),
(130, 17, 2, 4, 0, '2020-05-04 01:31:25', '2020-05-04 01:31:25'),
(131, 17, 3, 4, 0, '2020-05-04 01:31:25', '2020-05-04 01:31:25'),
(132, 17, 4, 4, 0, '2020-05-04 01:31:25', '2020-05-04 01:31:25'),
(133, 17, 5, 4, 0, '2020-05-04 01:31:25', '2020-05-04 01:31:25'),
(134, 17, 6, 4, 0, '2020-05-04 01:31:25', '2020-05-04 01:31:25'),
(135, 17, 7, 4, 0, '2020-05-04 01:31:25', '2020-05-04 01:31:25'),
(136, 17, 8, 4, 0, '2020-05-04 01:31:25', '2020-05-04 01:31:25'),
(137, 17, 9, 4, 0, '2020-05-04 01:31:25', '2020-05-04 01:31:25'),
(138, 17, 10, 4, 0, '2020-05-04 01:31:25', '2020-05-04 01:31:25'),
(139, 17, 11, 4, 0, '2020-05-04 01:31:25', '2020-05-04 01:31:25'),
(140, 17, 12, 4, 0, '2020-05-04 01:31:25', '2020-05-04 01:31:25'),
(141, 17, 13, 4, 0, '2020-05-04 01:31:25', '2020-05-04 01:31:25'),
(142, 17, 14, 4, 0, '2020-05-04 01:31:25', '2020-05-04 01:31:25'),
(143, 17, 15, 4, 0, '2020-05-04 01:31:25', '2020-05-04 01:31:25'),
(144, 17, 16, 4, 0, '2020-05-04 01:31:25', '2020-05-04 01:31:25'),
(145, 18, 1, 4, 0, '2020-05-04 01:32:31', '2020-05-04 01:32:31'),
(146, 18, 2, 4, 0, '2020-05-04 01:32:31', '2020-05-04 01:32:31'),
(147, 18, 3, 4, 0, '2020-05-04 01:32:31', '2020-05-04 01:32:31'),
(148, 18, 4, 4, 0, '2020-05-04 01:32:31', '2020-05-04 01:32:31'),
(149, 18, 5, 4, 0, '2020-05-04 01:32:31', '2020-05-04 01:32:31'),
(150, 18, 6, 4, 0, '2020-05-04 01:32:31', '2020-05-04 01:32:31'),
(151, 18, 7, 4, 0, '2020-05-04 01:32:31', '2020-05-04 01:32:31'),
(152, 18, 8, 4, 0, '2020-05-04 01:32:31', '2020-05-04 01:32:31'),
(153, 18, 9, 4, 0, '2020-05-04 01:32:31', '2020-05-04 01:32:31'),
(154, 18, 10, 4, 0, '2020-05-04 01:32:31', '2020-05-04 01:32:31'),
(155, 18, 11, 4, 0, '2020-05-04 01:32:31', '2020-05-04 01:32:31'),
(156, 18, 12, 4, 0, '2020-05-04 01:32:31', '2020-05-04 01:32:31'),
(157, 18, 13, 4, 0, '2020-05-04 01:32:31', '2020-05-04 01:32:31'),
(158, 18, 14, 4, 0, '2020-05-04 01:32:31', '2020-05-04 01:32:31'),
(159, 18, 15, 4, 0, '2020-05-04 01:32:31', '2020-05-04 01:32:31'),
(160, 18, 16, 4, 0, '2020-05-04 01:32:31', '2020-05-04 01:32:31'),
(161, 22, 1, 4, 0, '2020-05-04 20:19:22', '2020-05-04 20:19:22'),
(162, 22, 2, 4, 0, '2020-05-04 20:19:22', '2020-05-04 20:19:22'),
(163, 22, 3, 4, 0, '2020-05-04 20:19:22', '2020-05-04 20:19:22'),
(164, 22, 4, 4, 0, '2020-05-04 20:19:22', '2020-05-04 20:19:22'),
(165, 22, 5, 4, 0, '2020-05-04 20:19:22', '2020-05-04 20:19:22'),
(166, 22, 6, 4, 0, '2020-05-04 20:19:22', '2020-05-04 20:19:22'),
(167, 22, 7, 4, 0, '2020-05-04 20:19:22', '2020-05-04 20:19:22'),
(168, 22, 8, 4, 0, '2020-05-04 20:19:22', '2020-05-04 20:19:22'),
(169, 22, 9, 4, 0, '2020-05-04 20:19:22', '2020-05-04 20:19:22'),
(170, 22, 10, 4, 0, '2020-05-04 20:19:22', '2020-05-04 20:19:22'),
(171, 22, 11, 4, 0, '2020-05-04 20:19:22', '2020-05-04 20:19:22'),
(172, 22, 12, 4, 0, '2020-05-04 20:19:22', '2020-05-04 20:19:22'),
(173, 22, 13, 4, 0, '2020-05-04 20:19:22', '2020-05-04 20:19:22'),
(174, 22, 14, 4, 0, '2020-05-04 20:19:22', '2020-05-04 20:19:22'),
(175, 22, 15, 4, 0, '2020-05-04 20:19:22', '2020-05-04 20:19:22'),
(176, 22, 16, 4, 0, '2020-05-04 20:19:22', '2020-05-04 20:19:22'),
(177, 23, 1, 4, 0, '2020-05-04 21:21:58', '2020-05-04 21:21:58'),
(178, 23, 2, 4, 0, '2020-05-04 21:21:58', '2020-05-04 21:21:58'),
(179, 23, 3, 4, 0, '2020-05-04 21:21:58', '2020-05-04 21:21:58'),
(180, 23, 4, 4, 0, '2020-05-04 21:21:58', '2020-05-04 21:21:58'),
(181, 23, 5, 4, 0, '2020-05-04 21:21:58', '2020-05-04 21:21:58'),
(182, 23, 6, 4, 0, '2020-05-04 21:21:58', '2020-05-04 21:21:58'),
(183, 23, 7, 4, 0, '2020-05-04 21:21:58', '2020-05-04 21:21:58'),
(184, 23, 8, 4, 0, '2020-05-04 21:21:58', '2020-05-04 21:21:58'),
(185, 23, 9, 4, 0, '2020-05-04 21:21:58', '2020-05-04 21:21:58'),
(186, 23, 10, 4, 0, '2020-05-04 21:21:58', '2020-05-04 21:21:58'),
(187, 23, 11, 4, 0, '2020-05-04 21:21:58', '2020-05-04 21:21:58'),
(188, 23, 12, 4, 0, '2020-05-04 21:21:58', '2020-05-04 21:21:58'),
(189, 23, 13, 4, 0, '2020-05-04 21:21:58', '2020-05-04 21:21:58'),
(190, 23, 14, 4, 0, '2020-05-04 21:21:58', '2020-05-04 21:21:58'),
(191, 23, 15, 4, 0, '2020-05-04 21:21:58', '2020-05-04 21:21:58'),
(192, 23, 16, 4, 0, '2020-05-04 21:21:58', '2020-05-04 21:21:58'),
(193, 25, 1, 4, 0, '2020-05-05 21:33:02', '2020-05-05 21:33:02'),
(194, 25, 2, 4, 0, '2020-05-05 21:33:02', '2020-05-05 21:33:02'),
(195, 25, 3, 4, 0, '2020-05-05 21:33:02', '2020-05-05 21:33:02'),
(196, 25, 4, 4, 0, '2020-05-05 21:33:02', '2020-05-05 21:33:02'),
(197, 25, 5, 4, 0, '2020-05-05 21:33:02', '2020-05-05 21:33:02'),
(198, 25, 6, 4, 0, '2020-05-05 21:33:02', '2020-05-05 21:33:02'),
(199, 25, 7, 4, 0, '2020-05-05 21:33:02', '2020-05-05 21:33:02'),
(200, 25, 8, 4, 0, '2020-05-05 21:33:02', '2020-05-05 21:33:02'),
(201, 25, 9, 4, 0, '2020-05-05 21:33:02', '2020-05-05 21:33:02'),
(202, 25, 10, 4, 0, '2020-05-05 21:33:02', '2020-05-05 21:33:02'),
(203, 25, 11, 4, 0, '2020-05-05 21:33:02', '2020-05-05 21:33:02'),
(204, 25, 12, 4, 0, '2020-05-05 21:33:02', '2020-05-05 21:33:02'),
(205, 25, 13, 4, 0, '2020-05-05 21:33:02', '2020-05-05 21:33:02'),
(206, 25, 14, 4, 0, '2020-05-05 21:33:02', '2020-05-05 21:33:02'),
(207, 25, 15, 4, 0, '2020-05-05 21:33:02', '2020-05-05 21:33:02'),
(208, 25, 16, 4, 0, '2020-05-05 21:33:02', '2020-05-05 21:33:02');

-- --------------------------------------------------------

--
-- Estructura de tabla para la tabla `jobs`
--

CREATE TABLE `jobs` (
  `id` bigint(20) UNSIGNED NOT NULL,
  `queue` varchar(191) NOT NULL,
  `payload` longtext NOT NULL,
  `attempts` tinyint(3) UNSIGNED NOT NULL,
  `reserved_at` int(10) UNSIGNED DEFAULT NULL,
  `available_at` int(10) UNSIGNED NOT NULL,
  `created_at` int(10) UNSIGNED NOT NULL
) ENGINE=InnoDB DEFAULT CHARSET=utf8;

-- --------------------------------------------------------

--
-- Estructura de tabla para la tabla `migrations`
--

CREATE TABLE `migrations` (
  `id` int(10) UNSIGNED NOT NULL,
  `migration` varchar(191) COLLATE utf8mb4_unicode_ci NOT NULL,
  `batch` int(11) NOT NULL
) ENGINE=InnoDB DEFAULT CHARSET=utf8mb4 COLLATE=utf8mb4_unicode_ci;

--
-- Volcado de datos para la tabla `migrations`
--

INSERT INTO `migrations` (`id`, `migration`, `batch`) VALUES
(660, '2014_10_12_000000_create_users_table', 1),
(661, '2019_04_11_224731_create_paises_table', 1),
(662, '2019_04_11_224802_create_ciudades_table', 1),
(663, '2019_08_19_000000_create_failed_jobs_table', 1),
(664, '2020_04_06_223225_create_empresas_table', 1),
(665, '2020_04_06_223908_create_roles_table', 1),
(666, '2020_04_07_222608_create_personas_table', 1),
(667, '2020_04_07_223242_create_empresa_sucursal_table', 1),
(668, '2020_04_10_153651_create_carreras_table', 1),
(669, '2020_04_12_184133_create_encuesta_general_table', 1),
(670, '2020_04_13_195113_create_areas_table', 1),
(671, '2020_04_13_195121_create_area_item_table', 1),
(672, '2020_04_13_195135_create_formulas_table', 1),
(673, '2020_04_13_195143_create_formula_item_table', 1),
(674, '2020_04_13_214218_create_tipo_encuesta_table', 1),
(675, '2020_04_13_214244_create_encuestas_table', 1),
(676, '2020_04_14_232628_create_encuesta_persona_table', 1),
(677, '2020_04_15_185251_create_preguntas_table', 1),
(678, '2020_04_15_185307_create_subpreguntas_table', 1),
(679, '2020_04_15_185323_create_respuestas_table', 1),
(680, '2020_04_16_224458_create_encuesta_puntaje_table', 1),
(681, '2020_04_17_130716_create_encuesta_respuesta_table', 1),
(682, '2020_04_22_171133_create_carrera_puntaje_table', 1),
(683, '2020_04_22_213108_create_jobs_table', 1),
(684, '2020_04_27_144453_create_tipo_talento_table', 1),
(685, '2020_04_27_144502_create_tendencia_talento_table', 1),
(686, '2020_04_27_144513_create_talentos_table', 1),
(687, '2020_04_28_132426_create_formula_puntaje_table', 1),
(688, '2020_04_29_181316_create_carrera_interes_table', 1),
(689, '2020_04_30_152018_create_area_puntaje_table', 1),
(690, '2020_04_30_152942_create_ruedas_table', 1);

-- --------------------------------------------------------

--
-- Estructura de tabla para la tabla `paises`
--

CREATE TABLE `paises` (
  `id` bigint(20) UNSIGNED NOT NULL,
  `code` varchar(191) NOT NULL,
  `name` varchar(191) NOT NULL,
  `phonecode` int(11) NOT NULL
) ENGINE=InnoDB DEFAULT CHARSET=utf8;

--
-- Volcado de datos para la tabla `paises`
--

INSERT INTO `paises` (`id`, `code`, `name`, `phonecode`) VALUES
(1, 'AF', 'Afghanistan', 93),
(2, 'AL', 'Albania', 355),
(3, 'DZ', 'Algeria', 213),
(4, 'AS', 'American Samoa', 1684),
(5, 'AD', 'Andorra', 376),
(6, 'AO', 'Angola', 244),
(7, 'AI', 'Anguilla', 1264),
(8, 'AQ', 'Antarctica', 0),
(9, 'AG', 'Antigua And Barbuda', 1268),
(10, 'AR', 'Argentina', 54),
(11, 'AM', 'Armenia', 374),
(12, 'AW', 'Aruba', 297),
(13, 'AU', 'Australia', 61),
(14, 'AT', 'Austria', 43),
(15, 'AZ', 'Azerbaijan', 994),
(16, 'BS', 'Bahamas The', 1242),
(17, 'BH', 'Bahrain', 973),
(18, 'BD', 'Bangladesh', 880),
(19, 'BB', 'Barbados', 1246),
(20, 'BY', 'Belarus', 375),
(21, 'BE', 'Belgium', 32),
(22, 'BZ', 'Belize', 501),
(23, 'BJ', 'Benin', 229),
(24, 'BM', 'Bermuda', 1441),
(25, 'BT', 'Bhutan', 975),
(26, 'BO', 'Bolivia', 591),
(27, 'BA', 'Bosnia and Herzegovina', 387),
(28, 'BW', 'Botswana', 267),
(29, 'BV', 'Bouvet Island', 0),
(30, 'BR', 'Brazil', 55),
(31, 'IO', 'British Indian Ocean Territory', 246),
(32, 'BN', 'Brunei', 673),
(33, 'BG', 'Bulgaria', 359),
(34, 'BF', 'Burkina Faso', 226),
(35, 'BI', 'Burundi', 257),
(36, 'KH', 'Cambodia', 855),
(37, 'CM', 'Cameroon', 237),
(38, 'CA', 'Canada', 1),
(39, 'CV', 'Cape Verde', 238),
(40, 'KY', 'Cayman Islands', 1345),
(41, 'CF', 'Central African Republic', 236),
(42, 'TD', 'Chad', 235),
(43, 'CL', 'Chile', 56),
(44, 'CN', 'China', 86),
(45, 'CX', 'Christmas Island', 61),
(46, 'CC', 'Cocos (Keeling) Islands', 672),
(47, 'CO', 'Colombia', 57),
(48, 'KM', 'Comoros', 269),
(49, 'CG', 'Congo', 242),
(50, 'CD', 'Congo The Democratic Republic Of The', 242),
(51, 'CK', 'Cook Islands', 682),
(52, 'CR', 'Costa Rica', 506),
(53, 'CI', 'Cote D Ivoire (Ivory Coast)', 225),
(54, 'HR', 'Croatia (Hrvatska)', 385),
(55, 'CU', 'Cuba', 53),
(56, 'CY', 'Cyprus', 357),
(57, 'CZ', 'Czech Republic', 420),
(58, 'DK', 'Denmark', 45),
(59, 'DJ', 'Djibouti', 253),
(60, 'DM', 'Dominica', 1767),
(61, 'DO', 'Dominican Republic', 1809),
(62, 'TP', 'East Timor', 670),
(63, 'EC', 'Ecuador', 593),
(64, 'EG', 'Egypt', 20),
(65, 'SV', 'El Salvador', 503),
(66, 'GQ', 'Equatorial Guinea', 240),
(67, 'ER', 'Eritrea', 291),
(68, 'EE', 'Estonia', 372),
(69, 'ET', 'Ethiopia', 251),
(70, 'XA', 'External Territories of Australia', 61),
(71, 'FK', 'Falkland Islands', 500),
(72, 'FO', 'Faroe Islands', 298),
(73, 'FJ', 'Fiji Islands', 679),
(74, 'FI', 'Finland', 358),
(75, 'FR', 'France', 33),
(76, 'GF', 'French Guiana', 594),
(77, 'PF', 'French Polynesia', 689),
(78, 'TF', 'French Southern Territories', 0),
(79, 'GA', 'Gabon', 241),
(80, 'GM', 'Gambia The', 220),
(81, 'GE', 'Georgia', 995),
(82, 'DE', 'Germany', 49),
(83, 'GH', 'Ghana', 233),
(84, 'GI', 'Gibraltar', 350),
(85, 'GR', 'Greece', 30),
(86, 'GL', 'Greenland', 299),
(87, 'GD', 'Grenada', 1473),
(88, 'GP', 'Guadeloupe', 590),
(89, 'GU', 'Guam', 1671),
(90, 'GT', 'Guatemala', 502),
(91, 'XU', 'Guernsey and Alderney', 44),
(92, 'GN', 'Guinea', 224),
(93, 'GW', 'Guinea-Bissau', 245),
(94, 'GY', 'Guyana', 592),
(95, 'HT', 'Haiti', 509),
(96, 'HM', 'Heard and McDonald Islands', 0),
(97, 'HN', 'Honduras', 504),
(98, 'HK', 'Hong Kong S.A.R.', 852),
(99, 'HU', 'Hungary', 36),
(100, 'IS', 'Iceland', 354),
(101, 'IN', 'India', 91),
(102, 'ID', 'Indonesia', 62),
(103, 'IR', 'Iran', 98),
(104, 'IQ', 'Iraq', 964),
(105, 'IE', 'Ireland', 353),
(106, 'IL', 'Israel', 972),
(107, 'IT', 'Italy', 39),
(108, 'JM', 'Jamaica', 1876),
(109, 'JP', 'Japan', 81),
(110, 'XJ', 'Jersey', 44),
(111, 'JO', 'Jordan', 962),
(112, 'KZ', 'Kazakhstan', 7),
(113, 'KE', 'Kenya', 254),
(114, 'KI', 'Kiribati', 686),
(115, 'KP', 'Korea North', 850),
(116, 'KR', 'Korea South', 82),
(117, 'KW', 'Kuwait', 965),
(118, 'KG', 'Kyrgyzstan', 996),
(119, 'LA', 'Laos', 856),
(120, 'LV', 'Latvia', 371),
(121, 'LB', 'Lebanon', 961),
(122, 'LS', 'Lesotho', 266),
(123, 'LR', 'Liberia', 231),
(124, 'LY', 'Libya', 218),
(125, 'LI', 'Liechtenstein', 423),
(126, 'LT', 'Lithuania', 370),
(127, 'LU', 'Luxembourg', 352),
(128, 'MO', 'Macau S.A.R.', 853),
(129, 'MK', 'Macedonia', 389),
(130, 'MG', 'Madagascar', 261),
(131, 'MW', 'Malawi', 265),
(132, 'MY', 'Malaysia', 60),
(133, 'MV', 'Maldives', 960),
(134, 'ML', 'Mali', 223),
(135, 'MT', 'Malta', 356),
(136, 'XM', 'Man (Isle of)', 44),
(137, 'MH', 'Marshall Islands', 692),
(138, 'MQ', 'Martinique', 596),
(139, 'MR', 'Mauritania', 222),
(140, 'MU', 'Mauritius', 230),
(141, 'YT', 'Mayotte', 269),
(142, 'MX', 'Mexico', 52),
(143, 'FM', 'Micronesia', 691),
(144, 'MD', 'Moldova', 373),
(145, 'MC', 'Monaco', 377),
(146, 'MN', 'Mongolia', 976),
(147, 'MS', 'Montserrat', 1664),
(148, 'MA', 'Morocco', 212),
(149, 'MZ', 'Mozambique', 258),
(150, 'MM', 'Myanmar', 95),
(151, 'NA', 'Namibia', 264),
(152, 'NR', 'Nauru', 674),
(153, 'NP', 'Nepal', 977),
(154, 'AN', 'Netherlands Antilles', 599),
(155, 'NL', 'Netherlands The', 31),
(156, 'NC', 'New Caledonia', 687),
(157, 'NZ', 'New Zealand', 64),
(158, 'NI', 'Nicaragua', 505),
(159, 'NE', 'Niger', 227),
(160, 'NG', 'Nigeria', 234),
(161, 'NU', 'Niue', 683),
(162, 'NF', 'Norfolk Island', 672),
(163, 'MP', 'Northern Mariana Islands', 1670),
(164, 'NO', 'Norway', 47),
(165, 'OM', 'Oman', 968),
(166, 'PK', 'Pakistan', 92),
(167, 'PW', 'Palau', 680),
(168, 'PS', 'Palestinian Territory Occupied', 970),
(169, 'PA', 'Panama', 507),
(170, 'PG', 'Papua new Guinea', 675),
(171, 'PY', 'Paraguay', 595),
(172, 'PE', 'Peru', 51),
(173, 'PH', 'Philippines', 63),
(174, 'PN', 'Pitcairn Island', 0),
(175, 'PL', 'Poland', 48),
(176, 'PT', 'Portugal', 351),
(177, 'PR', 'Puerto Rico', 1787),
(178, 'QA', 'Qatar', 974),
(179, 'RE', 'Reunion', 262),
(180, 'RO', 'Romania', 40),
(181, 'RU', 'Russia', 70),
(182, 'RW', 'Rwanda', 250),
(183, 'SH', 'Saint Helena', 290),
(184, 'KN', 'Saint Kitts And Nevis', 1869),
(185, 'LC', 'Saint Lucia', 1758),
(186, 'PM', 'Saint Pierre and Miquelon', 508),
(187, 'VC', 'Saint Vincent And The Grenadines', 1784),
(188, 'WS', 'Samoa', 684),
(189, 'SM', 'San Marino', 378),
(190, 'ST', 'Sao Tome and Principe', 239),
(191, 'SA', 'Saudi Arabia', 966),
(192, 'SN', 'Senegal', 221),
(193, 'RS', 'Serbia', 381),
(194, 'SC', 'Seychelles', 248),
(195, 'SL', 'Sierra Leone', 232),
(196, 'SG', 'Singapore', 65),
(197, 'SK', 'Slovakia', 421),
(198, 'SI', 'Slovenia', 386),
(199, 'XG', 'Smaller Territories of the UK', 44),
(200, 'SB', 'Solomon Islands', 677),
(201, 'SO', 'Somalia', 252),
(202, 'ZA', 'South Africa', 27),
(203, 'GS', 'South Georgia', 0),
(204, 'SS', 'South Sudan', 211),
(205, 'ES', 'Spain', 34),
(206, 'LK', 'Sri Lanka', 94),
(207, 'SD', 'Sudan', 249),
(208, 'SR', 'Suriname', 597),
(209, 'SJ', 'Svalbard And Jan Mayen Islands', 47),
(210, 'SZ', 'Swaziland', 268),
(211, 'SE', 'Sweden', 46),
(212, 'CH', 'Switzerland', 41),
(213, 'SY', 'Syria', 963),
(214, 'TW', 'Taiwan', 886),
(215, 'TJ', 'Tajikistan', 992),
(216, 'TZ', 'Tanzania', 255),
(217, 'TH', 'Thailand', 66),
(218, 'TG', 'Togo', 228),
(219, 'TK', 'Tokelau', 690),
(220, 'TO', 'Tonga', 676),
(221, 'TT', 'Trinidad And Tobago', 1868),
(222, 'TN', 'Tunisia', 216),
(223, 'TR', 'Turkey', 90),
(224, 'TM', 'Turkmenistan', 7370),
(225, 'TC', 'Turks And Caicos Islands', 1649),
(226, 'TV', 'Tuvalu', 688),
(227, 'UG', 'Uganda', 256),
(228, 'UA', 'Ukraine', 380),
(229, 'AE', 'United Arab Emirates', 971),
(230, 'GB', 'United Kingdom', 44),
(231, 'US', 'United States', 1),
(232, 'UM', 'United States Minor Outlying Islands', 1),
(233, 'UY', 'Uruguay', 598),
(234, 'UZ', 'Uzbekistan', 998),
(235, 'VU', 'Vanuatu', 678),
(236, 'VA', 'Vatican City State (Holy See)', 39),
(237, 'VE', 'Venezuela', 58),
(238, 'VN', 'Vietnam', 84),
(239, 'VG', 'Virgin Islands (British)', 1284),
(240, 'VI', 'Virgin Islands (US)', 1340),
(241, 'WF', 'Wallis And Futuna Islands', 681),
(242, 'EH', 'Western Sahara', 212),
(243, 'YE', 'Yemen', 967),
(244, 'YU', 'Yugoslavia', 38),
(245, 'ZM', 'Zambia', 260),
(246, 'ZW', 'Zimbabwe', 263);

-- --------------------------------------------------------

--
-- Estructura de tabla para la tabla `personas`
--

CREATE TABLE `personas` (
  `id` bigint(20) UNSIGNED NOT NULL,
  `nombres` varchar(191) NOT NULL,
  `apellido_materno` varchar(191) DEFAULT NULL,
  `apellido_paterno` varchar(191) NOT NULL,
  `sexo` varchar(191) NOT NULL,
  `estado` char(1) NOT NULL DEFAULT '1' COMMENT '0-Inactivo/1-Activo',
  `email` varchar(191) DEFAULT NULL,
  `anio` varchar(191) DEFAULT NULL,
  `rol_id` bigint(20) UNSIGNED NOT NULL,
  `insert_user_id` bigint(20) UNSIGNED NOT NULL COMMENT 'Usuario que hizo el registro',
  `edit_user_id` bigint(20) UNSIGNED DEFAULT NULL COMMENT 'Usuario que editó el registro',
  `created_at` timestamp NULL DEFAULT NULL,
  `updated_at` timestamp NULL DEFAULT NULL
) ENGINE=InnoDB DEFAULT CHARSET=utf8;

--
-- Volcado de datos para la tabla `personas`
--

INSERT INTO `personas` (`id`, `nombres`, `apellido_materno`, `apellido_paterno`, `sexo`, `estado`, `email`, `anio`, `rol_id`, `insert_user_id`, `edit_user_id`, `created_at`, `updated_at`) VALUES
(1, 'PEDRO', 'RODRIGUEZ', 'PEREZ', 'MASCULINO', '1', NULL, '1998', 2, 1, NULL, '2020-05-03 16:59:18', '2020-05-03 16:59:18'),
(2, 'CARLOS', 'RODRO', 'CARLIN', 'MASCULINO', '1', NULL, '1997', 2, 1, NULL, '2020-05-03 16:59:18', '2020-05-03 16:59:18'),
(3, 'ROSA02', 'ROJAS', 'GARCIA', 'FEMENINO', '1', NULL, '1997', 2, 1, NULL, '2020-05-03 16:59:18', '2020-05-03 16:59:18'),
(4, 'ROSA03', 'ROJAS', 'GARCIA', 'FEMENINO', '1', NULL, '1997', 2, 1, NULL, '2020-05-03 16:59:18', '2020-05-03 16:59:18'),
(5, 'ROSA04', 'RODRIGUEZ', 'PEREZ', 'FEMENINO', '1', NULL, '1998', 2, 1, NULL, '2020-05-03 16:59:18', '2020-05-03 16:59:18'),
(6, 'ROSA05', 'ROJAS', 'GARCIA', 'FEMENINO', '1', NULL, '1997', 2, 1, NULL, '2020-05-03 16:59:18', '2020-05-03 16:59:18'),
(7, 'ROSA06', 'ROJAS', 'GARCIA', 'FEMENINO', '1', NULL, '1997', 2, 1, NULL, '2020-05-03 16:59:18', '2020-05-03 16:59:18'),
(8, 'ROSA07', 'ROJAS', 'GARCIA', 'FEMENINO', '1', NULL, '1997', 2, 1, NULL, '2020-05-03 16:59:18', '2020-05-03 16:59:18'),
(9, 'ROSA08', 'RODRIGUEZ', 'PEREZ', 'FEMENINO', '1', NULL, '1998', 2, 1, NULL, '2020-05-03 16:59:18', '2020-05-03 16:59:18'),
(10, 'ROSA09', 'ROJAS', 'GARCIA', 'FEMENINO', '1', NULL, '1997', 2, 1, NULL, '2020-05-03 16:59:18', '2020-05-03 16:59:18'),
(11, 'ROSA10', 'ROJAS', 'GARCIA', 'FEMENINO', '1', NULL, '1997', 2, 1, NULL, '2020-05-03 16:59:18', '2020-05-03 16:59:18'),
(12, 'ROSA11', 'ROJAS', 'GARCIA', 'FEMENINO', '1', NULL, '1997', 2, 1, NULL, '2020-05-03 16:59:18', '2020-05-03 16:59:18'),
(13, 'ROSA12', 'RODRIGUEZ', 'PEREZ', 'FEMENINO', '1', NULL, '1998', 2, 1, NULL, '2020-05-03 16:59:18', '2020-05-03 16:59:18'),
(14, 'ROSA13', 'ROJAS', 'GARCIA', 'FEMENINO', '1', NULL, '1997', 2, 1, NULL, '2020-05-03 16:59:18', '2020-05-03 16:59:18'),
(15, 'ROSA14', 'ROJAS', 'GARCIA', 'FEMENINO', '1', NULL, '1997', 2, 1, NULL, '2020-05-03 16:59:18', '2020-05-03 16:59:18'),
(16, 'ROSA15', 'ROJAS', 'GARCIA', 'FEMENINO', '1', NULL, '1997', 2, 1, NULL, '2020-05-03 16:59:18', '2020-05-03 16:59:18'),
(17, 'ROSA16', 'RODRIGUEZ', 'PEREZ', 'FEMENINO', '1', NULL, '1998', 2, 1, NULL, '2020-05-03 16:59:18', '2020-05-03 16:59:18'),
(18, 'ROSA17', 'ROJAS', 'GARCIA', 'FEMENINO', '1', NULL, '1997', 2, 1, NULL, '2020-05-03 16:59:18', '2020-05-03 16:59:18'),
(19, 'ROSA18', 'ROJAS', 'GARCIA', 'FEMENINO', '1', NULL, '1997', 2, 1, NULL, '2020-05-03 16:59:18', '2020-05-03 16:59:18'),
(20, 'ROSA19', 'ROJAS', 'GARCIA', 'FEMENINO', '1', NULL, '1997', 2, 1, NULL, '2020-05-03 16:59:18', '2020-05-03 16:59:18'),
(21, 'ROSA20', 'RODRIGUEZ', 'PEREZ', 'FEMENINO', '1', NULL, '1998', 2, 1, NULL, '2020-05-03 16:59:18', '2020-05-03 16:59:18'),
(22, 'ROSA21', 'ROJAS', 'GARCIA', 'FEMENINO', '1', NULL, '1997', 2, 1, NULL, '2020-05-03 16:59:18', '2020-05-03 16:59:18'),
(23, 'ROSA22', 'ROJAS', 'GARCIA', 'FEMENINO', '1', NULL, '1997', 2, 1, NULL, '2020-05-03 16:59:18', '2020-05-03 16:59:18'),
(24, 'ROSA23', 'ROJAS', 'GARCIA', 'FEMENINO', '1', NULL, '1997', 2, 1, NULL, '2020-05-03 16:59:18', '2020-05-03 16:59:18'),
(25, 'NICOLE GERALDINE', 'BRAVO', 'ARANA', 'FEMENINO', '1', NULL, '1997', 2, 1, NULL, '2020-05-03 16:59:18', '2020-05-03 16:59:18'),
(26, 'CAMILA ESTEFANYA', 'BARRIENTOS', 'BARRERA', 'FEMENINO', '1', NULL, '1997', 2, 1, NULL, '2020-05-03 16:59:18', '2020-05-03 16:59:18'),
(27, 'DIEGO ALONSO', 'ORMENO', 'CALDERON', 'MASCULINO', '1', NULL, '1997', 2, 1, NULL, '2020-05-03 16:59:18', '2020-05-03 16:59:18'),
(28, 'PIERO NAU', 'SALCEDO', 'CASTILLO', 'MASCULINO', '1', NULL, '1997', 2, 1, NULL, '2020-05-03 16:59:18', '2020-05-03 16:59:18'),
(29, 'DANIELA FERNANDA', 'TUANAMA', 'CUEVA', 'FEMENINO', '1', NULL, '1997', 2, 1, NULL, '2020-05-03 16:59:18', '2020-05-03 16:59:18'),
(30, 'JEAN FRANCO', 'BENITES', 'DUBOIS', 'MASCULINO', '1', NULL, '1997', 2, 1, NULL, '2020-05-03 16:59:18', '2020-05-03 16:59:18'),
(31, 'CARLOS JOAQUIN', 'ARCHIMBAUD', 'FERNANDEZ', 'MASCULINO', '1', NULL, '1997', 2, 1, NULL, '2020-05-03 16:59:18', '2020-05-03 16:59:18'),
(32, 'GABRIEL ANTONIO', 'PORRAS', 'FLORES', 'MASCULINO', '1', NULL, '1997', 2, 1, NULL, '2020-05-03 16:59:18', '2020-05-03 16:59:18'),
(33, 'BRISA FERNANDA MARIANA', 'CASALINO', 'GOMEZ', 'FEMENINO', '1', NULL, '1997', 2, 1, NULL, '2020-05-03 16:59:18', '2020-05-03 16:59:18'),
(34, 'ALVARO FABRIZIO', 'RAMOS', 'GUEVARA', 'MASCULINO', '1', NULL, '1997', 2, 1, NULL, '2020-05-03 16:59:18', '2020-05-03 16:59:18'),
(35, 'RAY LEONCIO', 'CHUAN', 'GUZMAN', 'MASCULINO', '1', NULL, '1997', 2, 1, NULL, '2020-05-03 16:59:18', '2020-05-03 16:59:18'),
(36, 'JUAN DIEGO', 'DEL', 'HOYOS', 'MASCULINO', '1', NULL, '1997', 2, 1, NULL, '2020-05-03 16:59:18', '2020-05-03 16:59:18'),
(37, 'FABIO ALEXANDER', 'JIMENEZ', 'JIMENEZ', 'MASCULINO', '1', NULL, '1997', 2, 1, NULL, '2020-05-03 16:59:18', '2020-05-03 16:59:18'),
(38, 'LEONARDO ESTEBAN', 'CESPEDES', 'MARTINEZ', 'MASCULINO', '1', NULL, '1997', 2, 1, NULL, '2020-05-03 16:59:18', '2020-05-03 16:59:18'),
(39, 'HILDA ROMINA', 'SANCHEZ', 'MIESES', 'FEMENINO', '1', NULL, '1997', 2, 1, NULL, '2020-05-03 16:59:18', '2020-05-03 16:59:18'),
(40, 'SANTIAGO GABRIEL', 'GARCIA', 'MORENO', 'MASCULINO', '1', NULL, '1997', 2, 1, NULL, '2020-05-03 16:59:18', '2020-05-03 16:59:18'),
(41, 'BRIAN SEBASTIAN', 'BENITES', 'MOSCOSO', 'MASCULINO', '1', NULL, '1997', 2, 1, NULL, '2020-05-03 16:59:18', '2020-05-03 16:59:18'),
(42, 'MATEO', 'SANCHEZ', 'PERA', 'MASCULINO', '1', NULL, '1997', 2, 1, NULL, '2020-05-03 16:59:18', '2020-05-03 16:59:18'),
(43, 'DARMA CHARLOTTE', 'ANAYA', 'PEREDA', 'FEMENINO', '1', NULL, '1997', 2, 1, NULL, '2020-05-03 16:59:18', '2020-05-03 16:59:18'),
(44, 'DIEGO ALONSO', 'PRECIADO', 'PEREZ', 'MASCULINO', '1', NULL, '1997', 2, 1, NULL, '2020-05-03 16:59:18', '2020-05-03 16:59:18'),
(45, 'BRUNO ENRIQUE', 'AQUIMA', 'ROMANI', 'MASCULINO', '1', NULL, '1997', 2, 1, NULL, '2020-05-03 16:59:18', '2020-05-03 16:59:18'),
(46, 'CAMILA IVETTE', 'GONZALES', 'RUIZ', 'FEMENINO', '1', NULL, '1997', 2, 1, NULL, '2020-05-03 16:59:18', '2020-05-03 16:59:18'),
(47, 'ALEJANDRA ROSA', 'MORENO', 'SAMAMES', 'FEMENINO', '1', NULL, '1997', 2, 1, NULL, '2020-05-03 16:59:18', '2020-05-03 16:59:18'),
(48, 'ANGEL MATIAS', 'VALDIVIA', 'SANCHEZ', 'MASCULINO', '1', NULL, '1997', 2, 1, NULL, '2020-05-03 16:59:18', '2020-05-03 16:59:18'),
(49, 'KARINA DE FATIMA', 'BARROSO', 'SANCHEZ', 'FEMENINO', '1', NULL, '1997', 2, 1, NULL, '2020-05-03 16:59:18', '2020-05-03 16:59:18'),
(50, 'ARIANA CRISTEL', 'NOE', 'SANTIAGO', 'FEMENINO', '1', NULL, '1997', 2, 1, NULL, '2020-05-03 16:59:18', '2020-05-03 16:59:18'),
(51, 'KIARA', 'CORO', 'SARAVIA', 'FEMENINO', '1', NULL, '1997', 2, 1, NULL, '2020-05-03 16:59:18', '2020-05-03 16:59:18'),
(52, 'ANGEL FABRICIO', 'SOSA', 'SOSA', 'MASCULINO', '1', NULL, '1997', 2, 1, NULL, '2020-05-03 16:59:18', '2020-05-03 16:59:18'),
(53, 'JOAQUIN', 'ZAMUDIO', 'VALDIVIESO', 'MASCULINO', '1', NULL, '1997', 2, 1, NULL, '2020-05-03 16:59:18', '2020-05-03 16:59:18'),
(54, 'XIMENA ALEJANDRINA', 'BARDALEZ', 'VASQUEZ', 'FEMENINO', '1', NULL, '1997', 2, 1, NULL, '2020-05-03 16:59:18', '2020-05-03 16:59:18'),
(55, 'JUAN ANDRES', 'VASQUEZ', 'AMARU', 'MASCULINO', '1', NULL, '1997', 2, 1, NULL, '2020-05-03 16:59:18', '2020-05-03 16:59:18'),
(56, 'ADRIANA ANGELINA', 'CHALA', 'VELARDE', 'FEMENINO', '1', NULL, '1997', 2, 1, NULL, '2020-05-03 16:59:18', '2020-05-03 16:59:18'),
(57, 'SEBASTIAN ARMANDO', 'PAUCAR', 'VELARDE', 'MASCULINO', '1', NULL, '1997', 2, 1, NULL, '2020-05-03 16:59:18', '2020-05-03 16:59:18'),
(58, 'JAVIER', 'ORDINOLA', 'VARGAS', 'MASCULINO', '1', NULL, '1998', 2, 1, NULL, '2020-05-04 20:12:33', '2020-05-04 20:12:33'),
(59, 'ENZO', 'VASQUEZ', 'MEDINA', 'MASCULINO', '1', NULL, '1997', 2, 1, NULL, '2020-05-04 20:12:33', '2020-05-04 20:12:33'),
(60, 'ERIKA', 'VEGA', 'DEL POZO', 'FEMENINO', '1', NULL, '2000', 2, 1, NULL, '2020-05-04 20:12:33', '2020-05-04 20:12:33');

-- --------------------------------------------------------

--
-- Estructura de tabla para la tabla `preguntas`
--

CREATE TABLE `preguntas` (
  `id` bigint(20) UNSIGNED NOT NULL,
  `tipo_encuesta_id` bigint(20) UNSIGNED NOT NULL,
  `carrera_id` bigint(20) UNSIGNED DEFAULT NULL,
  `formula_item_id` bigint(20) UNSIGNED DEFAULT NULL,
  `nombre` varchar(191) NOT NULL,
  `estado` char(1) NOT NULL DEFAULT '1' COMMENT '0-Inactivo/1-Activo',
  `inversa` char(1) DEFAULT NULL COMMENT '0-No/1-Si',
  `created_at` timestamp NULL DEFAULT NULL,
  `updated_at` timestamp NULL DEFAULT NULL
) ENGINE=InnoDB DEFAULT CHARSET=utf8;

--
-- Volcado de datos para la tabla `preguntas`
--

INSERT INTO `preguntas` (`id`, `tipo_encuesta_id`, `carrera_id`, `formula_item_id`, `nombre`, `estado`, `inversa`, `created_at`, `updated_at`) VALUES
(1, 1, 1, NULL, 'Administrar una empresa, hotel o fábrica.', '1', NULL, NULL, NULL),
(2, 1, 2, NULL, 'Cuidar que las semillas produzcan mejores frutos y vegetales.', '1', NULL, NULL, NULL),
(3, 1, 3, NULL, 'Representar un personaje de teatro, cine o televisión.', '1', NULL, NULL, NULL),
(4, 1, 4, NULL, 'Conducir programas de televisión o de radio.', '1', NULL, NULL, NULL),
(5, 1, 5, NULL, 'Dirigir la construcción de edificios o carreteras.', '1', NULL, NULL, NULL),
(6, 1, 6, NULL, 'Crear nuevas recetas de comidas.', '1', NULL, NULL, NULL),
(7, 1, 7, NULL, 'Entrenar a deportistas.', '1', NULL, NULL, NULL),
(8, 1, 8, NULL, 'Diseñar casas, parques o centros comerciales.', '1', NULL, NULL, NULL),
(9, 1, 9, NULL, 'Definir los precios más competitivos para un producto en el mercado.', '1', NULL, NULL, NULL),
(10, 1, 10, NULL, 'Crear software de simulación, animación o entretenimiento.', '1', NULL, NULL, NULL),
(11, 1, 11, NULL, 'Defender los derechos de las personas.', '1', NULL, NULL, NULL),
(12, 1, 12, NULL, 'Evaluar la satisfacción del cliente con un negocio o producto.', '1', NULL, NULL, NULL),
(13, 1, 13, NULL, 'Armar y desarmar máquinas y equipos para entender cómo funcionan.', '1', NULL, NULL, NULL),
(14, 1, 14, NULL, 'Extraer los minerales de un yacimiento.', '1', NULL, NULL, NULL),
(15, 1, 15, NULL, 'Mejorar las técnicas de enseñanza de los cursos.', '1', NULL, NULL, NULL),
(16, 1, 16, NULL, 'Tratar las enfermedades físicas de las personas.', '1', NULL, NULL, NULL),
(17, 1, 17, NULL, 'Escuchar y entender los problemas de las personas.', '1', NULL, NULL, NULL),
(18, 1, 18, NULL, 'Traducir textos considerando su contexto cultural.', '1', NULL, NULL, NULL),
(19, 1, 19, NULL, 'Promover el turismo de un país o una región.', '1', NULL, NULL, NULL),
(20, 1, 1, NULL, 'Planificar las acciones de una empresa, hotel o fábrica para lograr sus objetivos.', '1', NULL, NULL, NULL),
(21, 1, 2, NULL, 'Procesar cereales para que las personas los puedan consumir.', '1', NULL, NULL, NULL),
(22, 1, 3, NULL, 'Comunicar ideas y sentimientos a través de la música, la actuación o el baile.', '1', NULL, NULL, NULL),
(23, 1, 4, NULL, 'Producir películas de cine o programas de radio o televisión.', '1', NULL, NULL, NULL),
(24, 1, 5, NULL, 'Calcular los materiales necesarios para la construcción de un puente.', '1', NULL, NULL, NULL),
(25, 1, 6, NULL, 'Preparar diversos platos de comida.', '1', NULL, NULL, NULL),
(26, 1, 7, NULL, 'Dirigir la preparación de los deportistas.', '1', NULL, NULL, NULL),
(27, 1, 8, NULL, 'Crear combinaciones armoniosas de colores.', '1', NULL, NULL, NULL),
(28, 1, 9, NULL, 'Llevar un registro de los ingresos y gastos de una empresa.', '1', NULL, NULL, NULL),
(29, 1, 10, NULL, 'Diseñar páginas web de intercambio de videos y de información personal.', '1', NULL, NULL, NULL),
(30, 1, 11, NULL, 'Orientar a las personas utilizando normas o leyes.', '1', NULL, NULL, NULL),
(31, 1, 12, NULL, 'Crear productos de acuerdo a las necesidades del consumidor.', '1', NULL, NULL, NULL),
(32, 1, 13, NULL, 'Armar redes de comunicación entre las computadoras.', '1', NULL, NULL, NULL),
(33, 1, 14, NULL, 'Localizar minas o yacimientos petroleros.', '1', NULL, NULL, NULL),
(34, 1, 15, NULL, 'Dar clases utilizando métodos que aseguren el aprendizaje de los alumnos.', '1', NULL, NULL, NULL),
(35, 1, 16, NULL, 'Asesorar a las personas para que tengan una alimentación saludable.', '1', NULL, NULL, NULL),
(36, 1, 17, NULL, 'Orientar a las personas para que resuelvan sus problemas personales.', '1', NULL, NULL, NULL),
(37, 1, 18, NULL, 'Adaptar los diálogos de las películas para que sean dobladas.', '1', NULL, NULL, NULL),
(38, 1, 19, NULL, 'Mostrar nuevos lugares turísticos.', '1', NULL, NULL, NULL),
(39, 1, 1, NULL, 'Manejar las importaciones o exportaciones de una empresa, hotel o fábrica.', '1', NULL, NULL, NULL),
(40, 1, 2, NULL, 'Sembrar y cultivar frutos o vegetales.', '1', NULL, NULL, NULL),
(41, 1, 3, NULL, 'Participar de un grupo artístico (orquesta, grupo musical, elenco de actores).', '1', NULL, NULL, NULL),
(42, 1, 4, NULL, 'Realizar reportajes periodísticos.', '1', NULL, NULL, NULL),
(43, 1, 5, NULL, 'Construir un edificio.', '1', NULL, NULL, NULL),
(44, 1, 6, NULL, 'Preparar pasteles, dulces o postres.', '1', NULL, NULL, NULL),
(45, 1, 7, NULL, 'Asesorar a los deportistas para mejorar su rendimiento.', '1', NULL, NULL, NULL),
(46, 1, 8, NULL, 'Aplicar el arte a objetos funcionales (muebles, ropa, adornos, etc.).', '1', NULL, NULL, NULL),
(47, 1, 9, NULL, 'Supervisar que los ingresos y gastos de una empresa estén de acuerdo con lo planeado.', '1', NULL, NULL, NULL),
(48, 1, 10, NULL, 'Crear aplicaciones para celulares o tablets.', '1', NULL, NULL, NULL),
(49, 1, 11, NULL, 'Defender a una persona analizando los hechos.', '1', NULL, NULL, NULL),
(50, 1, 12, NULL, 'Persuadir a las personas para que compren productos o servicios de una empresa.', '1', NULL, NULL, NULL),
(51, 1, 13, NULL, 'Reparar motores y equipos mecánicos o electrónicos.', '1', NULL, NULL, NULL),
(52, 1, 14, NULL, 'Descubrir minerales valiosos en lugares recónditos.', '1', NULL, NULL, NULL),
(53, 1, 15, NULL, 'Evaluar el rendimiento de los alumnos.', '1', NULL, NULL, NULL),
(54, 1, 16, NULL, 'Preservar la salud integral de las personas.', '1', NULL, NULL, NULL),
(55, 1, 17, NULL, 'Apoyar a las personas para que desarrollen su máximo potencial.', '1', NULL, NULL, NULL),
(56, 1, 18, NULL, 'Traducir conferencias o entrevistas.', '1', NULL, NULL, NULL),
(57, 1, 19, NULL, 'Brindar servicios a los turistas.', '1', NULL, NULL, NULL),
(58, 1, 1, NULL, 'Negociar acuerdos con empresas nacionales o internacionales.', '1', NULL, NULL, NULL),
(59, 1, 2, NULL, 'Supervisar la producción de alimentos.', '1', NULL, NULL, NULL),
(60, 1, 3, NULL, 'Producir espectáculos artísticos.', '1', NULL, NULL, NULL),
(61, 1, 4, NULL, 'Transmitir ideas por medios audiovisuales.', '1', NULL, NULL, NULL),
(62, 1, 5, NULL, 'Supervisar la construcción de un centro comercial', '1', NULL, NULL, NULL),
(63, 1, 6, NULL, 'Presentar los platos de comida de forma atractiva.', '1', NULL, NULL, NULL),
(64, 1, 7, NULL, 'Diseñar estrategias para ganar competencias deportivas.', '1', NULL, NULL, NULL),
(65, 1, 8, NULL, 'Realizar dibujos en perspectiva.', '1', NULL, NULL, NULL),
(66, 1, 9, NULL, 'Analizar los efectos de los cambios económicos sobre las empresas.', '1', NULL, NULL, NULL),
(67, 1, 10, NULL, 'Diseñar antivirus o protectores de información personal de las computadoras.', '1', NULL, NULL, NULL),
(68, 1, 11, NULL, 'Facilitar que las personas lleguen a un acuerdo en términos legales.', '1', NULL, NULL, NULL),
(69, 1, 12, NULL, 'Diseñar estrategias para ampliar el mercado de los productos o servicios de una empresa.', '1', NULL, NULL, NULL),
(70, 1, 13, NULL, 'Realizar proyectos de robótica.', '1', NULL, NULL, NULL),
(71, 1, 14, NULL, 'Dirigir la búsqueda de yacimientos petroleros.', '1', NULL, NULL, NULL),
(72, 1, 15, NULL, 'Preparar materiales para la enseñanza.', '1', NULL, NULL, NULL),
(73, 1, 16, NULL, 'Rehabilitar a personas adictas (a las drogas, videojuegos, etc.).', '1', NULL, NULL, NULL),
(74, 1, 17, NULL, 'Evaluar las capacidades de las personas para conocerlas en profundidad.', '1', NULL, NULL, NULL),
(75, 1, 18, NULL, 'Traducir las conversaciones de las películas.', '1', NULL, NULL, NULL),
(76, 1, 19, NULL, 'Coordinar los servicios turísticos ofrecidos a un grupo de personas.', '1', NULL, NULL, NULL),
(77, 1, 16, NULL, 'Corregir las alteraciones en la posición de los dientes para mejorar la sonrisa de las personas.', '1', NULL, NULL, NULL),
(78, 1, 16, NULL, 'Tratar las limitaciones funcionales y discapacidades de las personas.', '1', NULL, NULL, NULL),
(79, 1, 20, NULL, 'Cuidar la salud física de los animales.', '1', NULL, NULL, NULL),
(80, 1, 20, NULL, 'Crear tratamientos médicos en bienestar de los animales.', '1', NULL, NULL, NULL),
(81, 1, 20, NULL, 'Investigar sobre temas de producción de animales (pollos, cerdos, vacas).', '1', NULL, NULL, NULL),
(82, 1, 20, NULL, 'Realizar estudios sobre distintas especies animales (animales exóticos).', '1', NULL, NULL, NULL),
(83, 3, NULL, 3, 'Tengo muchos amigos por lo que frecuento diversos grupos de amistades. (*)', '1', '0', NULL, NULL),
(84, 3, NULL, 4, 'Me relaciono con pocos amigos, los cuales son muy cercanos. (*)', '1', '1', NULL, NULL),
(85, 3, NULL, 3, 'Soy bueno generando conversaciones casuales o ligeras en una reunión. (*)', '1', '0', NULL, NULL),
(86, 3, NULL, 4, 'Me es difícil establecer conversaciones casuales o ligeras en una reunión. (*)', '1', '1', NULL, NULL),
(87, 3, NULL, 3, 'En reuniones sociales me es fácil conversar con personas que no conozco. (*)', '1', '0', NULL, NULL),
(88, 3, NULL, 4, 'En reuniones sociales me es difícil conversar con personas que no conozco. (*)', '1', '1', NULL, NULL),
(89, 3, NULL, 3, 'Me es fácil hacer nuevos amigos. (*)', '1', '0', NULL, NULL),
(90, 3, NULL, 4, 'Me es difícil hacer nuevos amigos. (*)', '1', '1', NULL, NULL),
(91, 3, NULL, 3, 'Tengo una gran cantidad de amigos. (*)', '1', '0', NULL, NULL),
(92, 3, NULL, 4, 'Tengo un grupo pequeño de amigos. (*)', '1', '1', NULL, NULL),
(93, 3, NULL, 7, 'En reuniones sociales, suelo dar mis opiniones con facilidad. (*)', '1', '0', NULL, NULL),
(94, 3, NULL, 8, 'En reuniones sociales, me cuesta dar mis opiniones. (*)', '1', '1', NULL, NULL),
(95, 3, NULL, 7, 'Cuando estoy con otras personas, tiendo a ser muy conversador. (*)', '1', '0', NULL, NULL),
(96, 3, NULL, 8, 'Cuando estoy con otras personas, soy uno de los que menos conversa. (*)', '1', '1', NULL, NULL),
(97, 3, NULL, 7, 'En reuniones sociales, suelo compartir las cosas que me pasan. (*)', '1', '0', NULL, NULL),
(98, 3, NULL, 8, 'En reuniones sociales, hablo poco de las cosas que me pasan. (*)', '1', '1', NULL, NULL),
(99, 3, NULL, 7, 'Cuando estoy con otras personas, me es difícil mantenerme en silencio (por largos periodos de tiempo) (*)', '1', '0', NULL, NULL),
(100, 3, NULL, 8, 'Cuando estoy con otras personas, prefiero estar en silencio y escuchar lo que otros dicen (por largos periodos de tiempo). (*)', '1', '1', NULL, NULL),
(101, 3, NULL, 5, 'Cuando comparto con otros mis puntos de vista, me resulta fácil que las personas se entusiasmen por los temas que me interesan. (*)', '1', '0', NULL, NULL),
(102, 3, NULL, 6, 'Cuando comparto con otros mis puntos de vista, me resulta difícil involucrar a las personas en los temas que me interesan. (*)', '1', '1', NULL, NULL),
(103, 3, NULL, 5, 'Por mi manera de ser, la gente se da cuenta de mis emociones y los temas que me interesan. (*)', '1', '0', NULL, NULL),
(104, 3, NULL, 6, 'Por mi manera de ser, la gente se da cuenta de que soy una persona reservada pues evito compartir mis emociones con otras personas. (*)', '1', '1', NULL, NULL),
(105, 3, NULL, 5, 'tiendo a usar las manos, enfatizar las palabras y usar gestos al hablar. (*)', '1', '0', NULL, NULL),
(106, 3, NULL, 6, 'Cuando hablo, uso pocos gestos y mantengo un mismo tono de voz. (*)', '1', '1', NULL, NULL),
(107, 3, NULL, 5, 'Cuando alguien me conoce, se da cuenta fácilmente cómo soy (mi manera de ser). (*)', '1', '0', NULL, NULL),
(108, 3, NULL, 6, 'Cuando alguien me conoce, le es difícil darse cuenta cómo soy (mi manera de ser). (*)', '1', '1', NULL, NULL),
(109, 3, NULL, 1, 'Me siento cómodo en ambientes con mucha gente, ruido y movimiento (ejemplo: centro comercial). (*)', '1', '0', NULL, NULL),
(110, 3, NULL, 2, 'Evito ir a lugares donde hay mucha gente, bulla y movimiento (ejemplo: centro comercial). (*)', '1', '1', NULL, NULL),
(111, 3, NULL, 2, 'Me siento más cómodo en ambientes calmados y tranquilos. (*)', '1', '1', NULL, NULL),
(112, 3, NULL, 1, 'Me siento más cómodo en ambientes con mucho movimiento. (*)', '1', '0', NULL, NULL),
(113, 3, NULL, 1, 'Me siento cómodo con el ruido de los ambientes donde hay mucha gente. (*)', '1', '0', NULL, NULL),
(114, 3, NULL, 2, 'Me incomoda la bulla de los ambientes donde hay mucha gente. (*)', '1', '1', NULL, NULL),
(115, 3, NULL, 2, 'Me siento cómodo en ambientes con poca gente. (*)', '1', '1', NULL, NULL),
(116, 3, NULL, 1, 'Me siento cómodo en ambientes donde hay mucha gente. (*)', '1', '0', NULL, NULL),
(117, 3, NULL, 9, 'En una decisión, confío más en mí intuición que en la información que reciba (hechos, cifras, datos). (*)', '1', '0', NULL, NULL),
(118, 3, NULL, 10, 'Al tomar una decisión, confío más en la información recogida (hechos, cifras, datos) que en mi intuición. (*)', '1', '1', NULL, NULL),
(119, 3, NULL, 9, 'Prefiero decidir por intuición en vez de analizar tanto. (*)', '1', '0', NULL, NULL),
(120, 3, NULL, 10, 'Prefiero tomar más tiempo analizando que decidir en base a mi intuición. (*)', '1', '1', NULL, NULL),
(121, 3, NULL, 10, 'Cuando me explican algo, prefiero que me expliquen los hechos en detalle para luego formarme una idea de la figura completa. (*)', '1', '1', NULL, NULL),
(122, 3, NULL, 9, 'Cuando me explican algo, prefiero que me expliquen la figura completa y luego entender los hechos en detalle. (*)', '1', '0', NULL, NULL),
(123, 3, NULL, 10, 'Pienso que la mejor manera de entregar un plan, es presentarlo con la información a detalle. (*)', '1', '1', NULL, NULL),
(124, 3, NULL, 9, 'Pienso que la mejor manera de entregar un plan, es presentando las grandes ideas sin entrar a tanto detalle. (*)', '1', '0', NULL, NULL),
(125, 3, NULL, 17, 'Al tomar una decisión, considero más importante la lógica y la razón antes que los sentimientos de las personas involucradas. (*)', '1', '0', NULL, NULL),
(126, 3, NULL, 18, 'Para tomar una decisión, considero más importante los sentimientos de las personas involucradas antes que la lógica y la razón. (*)', '1', '1', NULL, NULL),
(127, 3, NULL, 18, 'Pienso que una de mis fortalezas es estar constantemente preocupado del impacto que tienen mis decisiones sobre las personas. (*)', '1', '1', NULL, NULL),
(128, 3, NULL, 17, 'Pienso que una de mis fortalezas es usar la lógica y la razón en mis decisiones aunque esta decisión pueda afectar emocionalmente a algunas personas. (*)', '1', '0', NULL, NULL),
(129, 3, NULL, 18, 'Si tuviera que sacar a una persona de mi grupo de trabajo, siento que podría hacerlo pero me costaría mucho por los sentimientos de las personas involucradas. (*)', '1', '1', NULL, NULL),
(130, 3, NULL, 17, 'Si tuviera que sacar a una persona de mi grupo de trabajo, siento que podría hacerlo sin mayor dificultad y no me afectaría tanto los sentimientos involucrados. (*)', '1', '0', NULL, NULL),
(131, 3, NULL, 17, 'Cuando debo tomar una decisión, me centro en los hechos sin preocuparme tanto en las emociones involucradas. (*)', '1', '0', NULL, NULL),
(132, 3, NULL, 18, 'Cuando debo tomar una decisión, me centro más en mis emociones y en las de los demás, más que en los hechos. (*)', '1', '1', NULL, NULL),
(133, 3, NULL, 19, 'Generalmente los acontecimientos no tienen un impacto emocional tan fuerte en mí. (*)', '1', '0', NULL, NULL),
(134, 3, NULL, 20, 'Generalmente los acontecimientos me impactan emocionalmente. (*)', '1', '1', NULL, NULL),
(135, 3, NULL, 20, 'Cuando veo sufrir a alguien, me afecta fuertemente, lo que hace que sienta fácilmente las emociones de los que sufren. (*)', '1', '1', NULL, NULL),
(136, 3, NULL, 19, 'Ver a alguien sufrir, no me afecta mucho emocionalmente. (*)', '1', '0', NULL, NULL),
(137, 3, NULL, 20, 'Cuando alguien me cuenta una situación dificil, me involucro emocionalmente con la persona. (*)', '1', '1', NULL, NULL),
(138, 3, NULL, 19, 'Cuando alguien me cuenta una situación difícil, prefiero tomar distancia y no involucrarme tanto emocionalmente con la persona. (*)', '1', '0', NULL, NULL),
(139, 3, NULL, 20, 'La mayoría de veces, me preocupa mucho cómo se sienten los demás. (*)', '1', '1', NULL, NULL),
(140, 3, NULL, 19, 'La mayoría de veces, no me preocupa tanto cómo se sienten los demás. (*)', '1', '0', NULL, NULL),
(141, 3, NULL, 25, 'Me organizo y planifico lo más que puedo para evitar sorpresas. (*)', '1', '0', NULL, NULL),
(142, 3, NULL, 26, 'Organizo y planifico lo mínimo necesario. (*)', '1', '1', NULL, NULL),
(143, 3, NULL, 25, 'Hago listas de chequeo para evitar olvidarme de algo. (*)', '1', '0', NULL, NULL),
(144, 3, NULL, 26, 'A pesar de que pueda olvidarme de algunas cosas, no tiendo a hacer listas de chequeo. (*)', '1', '1', NULL, NULL),
(145, 3, NULL, 25, 'Cuando trabajo en grupo, sigo de cerca lo que los demás hacen para cumplir nuestra meta. (*)', '1', '0', NULL, NULL),
(146, 3, NULL, 26, 'Cuando trabajo en grupo, me es difícil seguir de cerca lo que los demás hacen porque estoy en muchas cosas. (*)', '1', '1', NULL, NULL),
(147, 3, NULL, 25, 'Creo que las personas me reconocen como una persona más ordenada. (*)', '1', '0', NULL, NULL),
(148, 3, NULL, 26, 'Soy una persona que tiene \"su orden\" aunque a algunas personas les parezca poco ordenado. (*)', '1', '1', NULL, NULL),
(149, 3, NULL, 26, 'Suelo trabajar de forma espontánea y menos planificada. (*)', '1', '1', NULL, NULL),
(150, 3, NULL, 25, 'Suelo trabajar de forma planificada. (*)', '1', '0', NULL, NULL),
(151, 3, NULL, 25, 'Suelo planificar las actividades sociales y las actividades de mi tiempo libre. (*)', '1', '0', NULL, NULL),
(152, 3, NULL, 26, 'No suelo planificar ni mi tiempo libre, ni mis actividades sociales. (*)', '1', '1', NULL, NULL),
(153, 3, NULL, 27, 'En mi vida, sigo rutinas programadas porque siento que me ayudan como persona. (*)', '1', '0', NULL, NULL),
(154, 3, NULL, 28, 'Hago las cosas cuando me provocan, las rutinas me encasillan. (*)', '1', '1', NULL, NULL),
(155, 3, NULL, 27, 'Hago las cosas ordenada y sistemáticamente pues sigo un método para ello. (*)', '1', '0', NULL, NULL),
(156, 3, NULL, 28, 'Con frecuencia cambio la forma en que hago las cosas aunque esto me traiga un poco de desorden en algunas oportunidades. (*)', '1', '1', NULL, NULL),
(157, 3, NULL, 27, 'En general, soy meticuloso (cuidadoso) cuando hago mis trabajos aunque me tome más tiempo. (*)', '1', '0', NULL, NULL),
(158, 3, NULL, 28, 'En general, me cuesta ser meticuloso (cuidadoso) cuando hago mis trabajos porque priorizo la rapidez. (*)', '1', '1', NULL, NULL),
(159, 3, NULL, 28, 'Cuando sigo rutinas en mi vida, siento que me atrapan y me quitan libertad. (*)', '1', '1', NULL, NULL),
(160, 3, NULL, 27, 'Me es fácil seguir rutinas porque me ayudan en la vida. (*)', '1', '0', NULL, NULL),
(161, 3, NULL, 27, 'Me gusta tener rutinas, porque me permiten poder tener programadas las actividades que realizo. (*)', '1', '0', NULL, NULL),
(162, 3, NULL, 28, 'Las rutinas me molestan, me obligan a tener un horario específico. (*)', '1', '1', NULL, NULL),
(163, 3, NULL, 24, 'Con frecuencia, me es fácil sentir lo mismo que siente la otra persona. (*)', '1', '1', NULL, NULL),
(164, 3, NULL, 23, 'Con frecuencia, me cuesta llegar a sentir lo que la otra persona está sintiendo. (*)', '1', '0', NULL, NULL),
(165, 3, NULL, 24, 'La gente dice que soy de las personas que dice las cosas cuidando mucho el impacto que pueden tener mis palabras. (*)', '1', '1', NULL, NULL),
(166, 3, NULL, 23, 'La gente dice que soy de las personas que dice las cosas \"sin anestesia\". (*)', '1', '0', NULL, NULL),
(167, 3, NULL, 24, 'Cuido mucho lo que digo porque no quiero que mis comentarios afecten negativamente a otras personas. (*)', '1', '1', NULL, NULL),
(168, 3, NULL, 23, 'Soy de las personas que dicen lo que piensa aunque mis comentarios puedan afectar emocionalmente a otros. (*)', '1', '0', NULL, NULL),
(169, 3, NULL, 24, 'Cuando una persona me cuenta un problema de su vida, primero me conecto con sus emociones antes de intentar darle alternativas de solución. (*)', '1', '1', NULL, NULL),
(170, 3, NULL, 23, 'Cuando una persona me cuenta un problema de su vida, primero trato de darle soluciones y luego conectarme con sus emociones. (*)', '1', '0', NULL, NULL),
(171, 3, NULL, 21, 'Las personas que me conocen dicen que por lo general me gusta \"darles la contra\". (*)', '1', '0', NULL, NULL),
(172, 3, NULL, 22, 'Las personas que me conocen dicen que soy muy llevadero(a) y que no me gusta mucho \"dar la contra\". (*)', '1', '1', NULL, NULL),
(173, 3, NULL, 21, 'Cuando hago un trabajo en grupo, valoro las discusiones aunque eso puede incomodar a algunas personas. (*)', '1', '0', NULL, NULL),
(174, 3, NULL, 22, 'Cuando hago un trabajo en grupo, prefiero evitar las discusiones acaloradas para llevar \"la fiesta en paz\". (*)', '1', '1', NULL, NULL),
(175, 3, NULL, 21, 'Por lo general, digo lo que pienso y llego a contradecir al resto si es necesario. (*)', '1', '0', NULL, NULL),
(176, 3, NULL, 22, 'Por lo general, me cuesta decir abiertamente lo que pienso pues trato de mantener la armonía del grupo. (*)', '1', '1', NULL, NULL),
(177, 3, NULL, 13, 'La gente que me conoce dice que tengo mucha imaginación. (*)', '1', '0', NULL, NULL),
(178, 3, NULL, 14, 'La gente que me conoce dice que soy muy realista y que veo las cosas como son. (*)', '1', '1', NULL, NULL),
(179, 3, NULL, 13, 'Por lo general me consideran bueno generando ideas creativas. (*)', '1', '0', NULL, NULL),
(180, 3, NULL, 14, 'Por lo general me consideran bueno implementando las ideas más que generándolas. (*)', '1', '1', NULL, NULL),
(181, 3, NULL, 13, 'Disfruto dejar volar mi imaginación. (*)', '1', '0', NULL, NULL),
(182, 3, NULL, 14, 'Me siento cómodo siendo una persona con los pies bien puestos en la tierra. (*)', '1', '1', NULL, NULL),
(183, 3, NULL, 13, 'Prefiero crear actividades en lugar de mejorar lo que ya existe. (*)', '1', '0', NULL, NULL),
(184, 3, NULL, 14, 'Prefiero mejorar lo que ya existe en lugar de crear actividades. (*)', '1', '1', NULL, NULL),
(185, 3, NULL, 15, 'Cuando llevo un curso que me interesa, disfruto entendiendo la teoría que hay detrás de los conceptos que me están enseñando. (*)', '1', '0', NULL, NULL),
(186, 3, NULL, 16, 'Cuando llevo un curso que me interesa, me cansa la explicación teórica y prefiero que me den los pasos a seguir. (*)', '1', '1', NULL, NULL),
(187, 3, NULL, 15, 'Cuando me compro un equipo nuevo, trato de que funcione sin leer las instrucciones. (*)', '1', '0', NULL, NULL),
(188, 3, NULL, 16, 'Cuando me compro un equipo nuevo, leo las instrucciones antes de usarlo. (*)', '1', '1', NULL, NULL),
(189, 3, NULL, 15, 'Cuando me explican un concepto nuevo soy bueno relacionándolo con otros conceptos y experiencias que he aprendido. (*)', '1', '0', NULL, NULL),
(190, 3, NULL, 16, 'Cuando me explican un concepto nuevo soy bueno aplicándolo rápidamente y no invierto mucho tiempo relacionándolo con otros conceptos y experiencias que he aprendido. (*)', '1', '1', NULL, NULL),
(191, 3, NULL, 11, 'En general, mi apariencia (ropa, peinado, etc.) es diferente a la de los demás. (*)', '1', '0', NULL, NULL),
(192, 3, NULL, 12, 'En general, mi apariencia (ropa, peinado, etc.) se parece a la de los demás. (*)', '1', '1', NULL, NULL),
(193, 3, NULL, 11, 'Valoro menos las tradiciones familiares porque siento que me obligan a actuar de una manera determinada. (*)', '1', '0', NULL, NULL),
(194, 3, NULL, 12, 'Valoro las tradiciones familiares porque siento que me dan un sentido de identidad. (*)', '1', '1', NULL, NULL),
(195, 3, NULL, 11, 'En lo personal, disfruto hacer las cosas de manera original, aunque a algunos les parezca que soy un poco extraño(a). (*)', '1', '0', NULL, NULL),
(196, 3, NULL, 12, 'En lo personal, me desagrada que algunos me vean un poco extraño(a), por eso hago las cosas de una manera más convencional. (*)', '1', '1', NULL, NULL),
(197, 3, NULL, 11, 'Me siento cómodo comportándome de manera fuera de lo común (diferente a los demás). (*)', '1', '0', NULL, NULL),
(198, 3, NULL, 12, 'Comportarme fuera de lo común (de manera diferente a lo que hacen los demás) me hace sentir incómodo. (*)', '1', '1', NULL, NULL),
(199, 3, NULL, 29, 'Por lo general, las cosas que están a mi alrededor se encuentran ordenadas (ejemplo: mi escritorio). (*)', '1', '0', NULL, NULL),
(200, 3, NULL, 30, 'Por lo general, las cosas que están a mi alrededor no se ven tan ordenadas (ejemplo: mi escritorio). (*)', '1', '1', NULL, NULL),
(201, 3, NULL, 29, 'Para mí los planes son muy importantes y trato de seguirlos sin cambiarlos tanto. (*)', '1', '0', NULL, NULL),
(202, 3, NULL, 30, 'Para mí los planes son solo una guía por lo que puedo cambiarlos con facilidad. (*)', '1', '1', NULL, NULL),
(203, 3, NULL, 29, 'Soy mejor estructurando y organizando, que adaptándome al cambio. (*)', '1', '0', NULL, NULL),
(204, 3, NULL, 30, 'Soy mejor adaptándome al cambio, que organizando y estructurando. (*)', '1', '1', NULL, NULL),
(205, 3, NULL, 29, 'Mi estilo de vida es más organizado y ordenado, que relajado y libre. (*)', '1', '0', NULL, NULL),
(206, 3, NULL, 30, 'Mi estilo de vida es más relajado y libre, que organizado y ordenado. (*)', '1', '1', NULL, NULL),
(207, 3, NULL, 32, 'Suelo invertir más tiempo para pensar en diferentes alternativas de solución, antes de cerrar e implementar rápidamente. (*)', '1', '1', NULL, NULL),
(208, 3, NULL, 31, 'Suelo cerrar e implementar rápidamente, en lugar de invertir más tiempo en explorar otras alternativas de solución. (*)', '1', '0', NULL, NULL),
(209, 3, NULL, 32, 'Suelo quedarme más tiempo en la lluvia de ideas, antes de pasar a implementar. (*)', '1', '1', NULL, NULL),
(210, 3, NULL, 31, 'Suelo cerrar e implementar rápidamente, en lugar de quedarme más tiempo en la lluvia de ideas. (*)', '1', '0', NULL, NULL),
(211, 3, NULL, 32, 'En general busco diversas ideas y alternativas de solución, antes de decidir implementar una. (*)', '1', '1', NULL, NULL),
(212, 3, NULL, 31, 'En general decido e implemento rápidamente, y no invierto mucho tiempo en buscar ideas o alternativas de solución. (*)', '1', '0', NULL, NULL);

-- --------------------------------------------------------

--
-- Estructura de tabla para la tabla `respuestas`
--

CREATE TABLE `respuestas` (
  `id` bigint(20) UNSIGNED NOT NULL,
  `nombre` varchar(191) NOT NULL,
  `puntaje` varchar(191) DEFAULT NULL,
  `inversa` varchar(191) DEFAULT NULL,
  `estado` char(1) NOT NULL DEFAULT '1' COMMENT '0-Inactivo/1-Activo',
  `tipo_encuesta_id` bigint(20) UNSIGNED NOT NULL,
  `tipo_subpregunta` char(1) DEFAULT NULL,
  `created_at` timestamp NULL DEFAULT NULL,
  `updated_at` timestamp NULL DEFAULT NULL
) ENGINE=InnoDB DEFAULT CHARSET=utf8;

--
-- Volcado de datos para la tabla `respuestas`
--

INSERT INTO `respuestas` (`id`, `nombre`, `puntaje`, `inversa`, `estado`, `tipo_encuesta_id`, `tipo_subpregunta`, `created_at`, `updated_at`) VALUES
(1, 'Totalmente en desacuerdo', '3', NULL, '1', 1, '1', NULL, NULL),
(2, 'En desacuerdo', '5', NULL, '1', 1, '1', NULL, NULL),
(3, 'De acuerdo', '7', NULL, '1', 1, '1', NULL, NULL),
(4, 'Totalmente de acuerdo', '10', NULL, '1', 1, '1', NULL, NULL),
(5, 'No', '3', NULL, '1', 1, '2', NULL, NULL),
(6, 'Si', '5', NULL, '1', 1, '2', NULL, NULL),
(7, 'Totalmente en desacuerdo', '1', '7', '1', 3, NULL, NULL, NULL),
(8, 'Muy en desacuerdo', '2', '6', '1', 3, NULL, NULL, NULL),
(9, 'En desacuerdo', '3', '5', '1', 3, NULL, NULL, NULL),
(10, 'Ni de acuerdo ni en Desacuerdo', '4', '4', '1', 3, NULL, NULL, NULL),
(11, 'De acuerdo', '5', '3', '1', 3, NULL, NULL, NULL),
(12, 'Muy de acuerdo', '6', '2', '1', 3, NULL, NULL, NULL),
(13, 'Totalmente de acuerdo', '7', '1', '1', 3, NULL, NULL, NULL);

-- --------------------------------------------------------

--
-- Estructura de tabla para la tabla `roles`
--

CREATE TABLE `roles` (
  `id` bigint(20) UNSIGNED NOT NULL,
  `nombre` varchar(191) NOT NULL,
  `estado` char(1) NOT NULL DEFAULT '1' COMMENT '0-Inactivo/1-Activo',
  `created_at` timestamp NULL DEFAULT NULL,
  `updated_at` timestamp NULL DEFAULT NULL
) ENGINE=InnoDB DEFAULT CHARSET=utf8;

--
-- Volcado de datos para la tabla `roles`
--

INSERT INTO `roles` (`id`, `nombre`, `estado`, `created_at`, `updated_at`) VALUES
(1, 'Usuario', '1', NULL, NULL),
(2, 'Alumno', '1', NULL, NULL);

-- --------------------------------------------------------

--
-- Estructura de tabla para la tabla `ruedas`
--

CREATE TABLE `ruedas` (
  `id` bigint(20) UNSIGNED NOT NULL,
  `nombre` varchar(191) NOT NULL,
  `descripcion` text NOT NULL,
  `estado` char(1) NOT NULL DEFAULT '1' COMMENT '0-Inactivo/1-Activo',
  `created_at` timestamp NULL DEFAULT NULL,
  `updated_at` timestamp NULL DEFAULT NULL
) ENGINE=InnoDB DEFAULT CHARSET=utf8;

--
-- Volcado de datos para la tabla `ruedas`
--

INSERT INTO `ruedas` (`id`, `nombre`, `descripcion`, `estado`, `created_at`, `updated_at`) VALUES
(1, 'ENMC', 'Personas cálidas, entusiastas y creativas que ven la vida como un lugar con una gran cantidad de posibilidades para hacer o conseguir cosas. Rápida e intuitivamente suelen hacer conexiones entre las diferentes situaciones que viven y suelen actuar en base a las conexiones que hicieron. Tienen una fuerte necesidad de afirmación y aprecio por parte de los otros. Por ello, se interesan mucho por cómo se sienten las otras personas. Asimismo, son claros para expresar sus sentimientos cuando están conversando con alguien. Suelen acompañar a los otros e identificar lo que está sintiendo la otra persona. Sin embargo, debido a su gran energía no son de las personas que se enfocan en escuchar, sino más bien de los que quieren hablar, dar consejos y hacer que la gente se sienta mejor. Estas personas pueden ser espontáneas y flexibles y no se preocupan mucho cuando algo no sale como lo planearon. Para solucionar las dificultades suelen apoyarse en su habilidad para conversar, improvisar y ser creativo.', '1', NULL, NULL),
(2, 'ENMO', 'Personas cálidas, empáticas y responsables que suelen estar atentas a las emociones, necesidades y deseos de los otros. Ellas, se interesan mucho por los demás e intuyen que todas las personas tienen la posibilidad de crecer e incluso pueden ser los que motivan a que los demás crezcan. Son sociables y en grupo facilitan la comunicación entre los miembros de éste. Suelen ser las personas líderes que ayudan a dirigir los grupos. Son comprometidos con el grupo ya que les interesa la interacción con los demás, pero debido a que también son personas emotivas, les importa cómo se siente el resto de personas. Además, muchas veces se guían de su propia intuición para encontrar soluciones para sus propios proyectos, así como para los compartidos con otras personas. Sus habilidades para organizarse les permiten no sólo orientar sus propias tareas, sino también dirigir a su grupo de amistades o grupo de trabajo.', '1', NULL, NULL),
(3, 'ENRC', 'Personas ingeniosas y muy alertas que suelen tener facilidad para comunicarse con los demás. Además, utilizan sus propias experiencias y son objetivos para analizar las situaciones alrededor de ellas. Debido a su gran flexibilidad y capacidad para adaptarse ante situaciones inesperadas, cuentan con varias alternativas para solucionar situaciones nuevas y que muchas veces pueden ser bastante retadoras. Son hábiles para generar posibilidades nuevas utilizando los conceptos que conocen para luego analizarlos de manera ordenada y estratégica. Son personas que tienen facilidad para identificar las necesidades de los otros y encuentran que éstas tienen una lógica en común y se pueden ver objetivamente. Además, suelen aburrirse ante la rutina o situaciones repetitivas y prefieren guiarse de lo que su intuición les dice. Están abiertos a las diversas posibilidades, por lo que rara vez enfrentan situaciones de la misma manera y siempre buscan encontrar nuevos temas y nuevas vías para abordar diferentes situaciones.', '1', NULL, NULL),
(4, 'ENRO', 'Personas sumamente sinceras y directas que por su habilidad expresiva asumen rápidamente el liderazgo. Suelen tener una gran facilidad para identificar errores y por ello pueden rápidamente sugerir alternativas para solucionar las equivocaciones que encontraron. Muchas veces sus propuestas de solución son primordialmente objetivas, pero también se guían de intuición y lo que creen que es lo mejor. Son personas que tienen facilidad para expresar lo que piensan, pero estas ideas son objetivas y cuando hablan, suelen decir las cosas de manera directa. Estas personas se sienten muy cómodas cuando pueden planear, y mejor aún si es posible realizar planes de largo plazo. Por ello, se sienten cómodos planificando y son metódicos al ejecutar el plan que se trazan. Además, presentan sus ideas con gran energía y las exponen como una idea objetiva, sintiendo que posiblemente esa es la verdad sobre ese hecho, por lo que pueden llegar a ser convincentes.', '1', NULL, NULL),
(5, 'ESMC', 'Personas llevaderas y amigables. Son individuos que aman su modo de vivir intensamente y las relaciones sociales. Esto muchas veces puede llevarlos a ser muy flexibles y no tan disciplinados como podrían ser otras personas. En otras palabras, ven el mundo con mayor tranquilidad y calma que de manera sistemática y organizada. Disfrutan de trabajar en equipo como método para terminar las labores. Tienden a tener una mirada realista hacia el trabajo y suelen intentar hacer que éste sea lo más dinámico posible. Son personas flexibles y espontáneas con gran facilidad para adaptarse a la manera de ser de gente que recién conocen y a nuevos entornos. Además, no se fían tanto de ideas abstractas, sino que necesitan probarlas de tal manera que puedan verificar que éstas son claras y factibles. Finalmente, su lado emotivo les permite ser personas prudentes, comprensivas y preocupadas por quienes tienen alguna preocupación o malestar.', '1', NULL, NULL),
(6, 'ESMO', 'Personas cálidas y cooperativas que desean que el entorno en el que están sea armonioso y se esfuerzan para conseguir ese tipo de ambientes. Les gusta trabajar en equipo con otras personas con el objetivo de terminar las tareas a tiempo. Siguen sus valores incluso en actividades cotidianas. Están muy atentos a las necesidades de los demás y suelen intentar satisfacer éstas. Estas personas tienen el importante deseo de ser aceptadas por quienes son y lo que pueden dar.  Además, prefieren las actividades que implican interactuar con la gente y se sienten cómodos dando un trato cálido a los demás. Sin embargo, en la interacción con las personas y su manera de ver el mundo, prima la necesidad de trabajar con ideas concretas y que son posibles observar y verificar con la realidad. Asimismo, su carácter emotivo muchas veces puede dificultarles la posibilidad de tomar decisiones sobre los demás y sobre sí mismos, ya que se centran en los sentimientos que hay de por medio a la hora de decidir.', '1', NULL, NULL),
(7, 'ESRC', 'Personas tolerantes y flexibles que tienen una visión pragmática del mundo y se centran en conseguir resultados inmediatos. No suelen tener mucho interés en las teorías y las explicaciones conceptuales. Suelen ser personas espontáneas que disfrutan pasar el tiempo con gente y le dan gran importancia a lo que ocurre en el presente (“aquí y ahora”). Además, tienen una mayor facilidad para aprender haciendo y no tanto leyendo, ya que necesitan la interacción con otros. Además, se caracterizan por ser personas sumamente realistas. En ese caso, cuando no entienden algo, intentan buscar el sentido lógico y cuál es la premisa que está detrás de la idea. Les cuesta comprender ideas que no tienen una explicación lógica y que es difícil ponerlas en práctica. Por ello, suelen tomar sus decisiones enfocándose en la lógica y en ciertas ocasiones, pueden dejar de lado los aspectos de carácter más emocional', '1', NULL, NULL),
(8, 'ESRO', 'Personas prácticas y realistas que intentan implementar las decisiones que toman lo más rápido que puedan y no suelen utilizar mucho tiempo para evaluar dichas decisiones. Intentan ser lo más organizadas posible y se enfocan en terminar los proyectos que emprenden lo más pronto y de la manera más eficiente que puedan. Se muestran como personas objetivas e interactúan con los demás utilizando la lógica, porque suelen ver el mundo de una manera práctica y racional. Además, en situaciones emocionalmente intensas,  se mantienen ecuánimes y no se quiebran con facilidad. Esto no significa que no les interesen las emociones de los demás, al contrario, estas personas tienen la intención de interactuar con ellos, pero analizan de manera objetiva cómo se sienten las otras personas. Estas personas tienen una guía propia de cómo se debe realizar una labor, las cuales siguen sistemáticamente y buscan que los demás  hagan lo mismo. Muchas veces sienten la necesidad de implementar sus planes a toda costa a pesar de que pueda existir la posibilidad de incomodar a otras personas en el proceso.', '1', NULL, NULL),
(9, 'INMC', 'Personas idealistas y seguidoras de sus propios valores y la gente que sienten importante para ellas. Son curiosas y rápidas en encontrar alternativas que pueden ser implementadas en alguna situación. Por ello, suelen ser las personas que motivan a los otros a implementar ideas nuevas. A pesar de ello, también pueden ser personas reservadas, haciendo que su recopilación y análisis de información nueva, no sea comunicada necesariamente. Luego que han logrado concluir la búsqueda de nuevas ideas es que las comparten con los otros (esperan a estar seguros antes de comentar sus ideas).   Muchas veces se guían de su propia inspiración y de su intuición y ésta la emplean tomando en cuenta su interés por las emociones de las personas. Intentan comprender a los otros y apoyarlos ya que tienen gran interés en los sentimientos de los demás. Acostumbran adaptarse a las situaciones y son flexibles a menos que sientan que uno de sus valores está siendo criticado.', '1', NULL, NULL),
(10, 'INMO', 'Personas que buscan conectar y relacionar ideas para encontrarles un sentido. Este sentido no necesariamente está ligado a lo que es tangible y real. Estas personas pueden encontrar un sentido lógico mediante la utilización de su propia experiencia e instinto y no específicamente utilizando hechos comprobados. Tienen una fuerte curiosidad por entender qué motiva a la gente a hacer cosas y se interesan por los otros. Estas personas suelen desarrollar la habilidad para identificar cuál es la mejor manera de encontrar el bien común entre todo el grupo y se sienten cómodos cuando el grupo está en armonía. Son personas organizadas y muy decididas a implementar su manera de pensar.  Sin embargo, a pesar de su interés por el bienestar de los demás, por momentos pueden ser reservados con sus propios sentimientos. Estas personas suelen escoger a quien compartirle sus sentimientos y pueden ser emotivos en esos momentos.', '1', NULL, NULL),
(11, 'INRC', 'Personas que buscan encontrarle un sentido lógico a todas las cosas que aprenden. Gustan de los conceptos y lo abstracto y están más interesados en pensar en sus ideas, que en hablar con otras personas. Tienen una gran habilidad para enfocarse en solucionar problemas  que son de su interés. Estas personas suelen ser muy reflexivas y analíticas, por lo que en ciertas situaciones pueden ser muy críticas y con dificultad para aceptar rápidamente ideas con una baja explicación lógica. Además, no tienden a ser muy comunicativas, sino más reservadas y críticas cuando es necesario hacerlo. Lo más frecuente que ocurre con ellas, es que analizan en silencio las situaciones de manera lógica y piensan en varias alternativas de solución, las mismas que se les ocurren utilizando sus experiencias pasadas. En ese caso también pueden ser personas flexibles que ante dificultades utilizan la lógica para adaptarse y encontrar soluciones.', '1', NULL, NULL),
(12, 'INRO', 'Personas que suelen ser muy creativas, y tienen un gran deseo de implementar ideas nuevas para conseguir sus metas. Ellas pueden encontrar patrones comunes en las situaciones del ambiente y suelen desarrollar explicaciones del por qué se han dado las diferentes situaciones. Si bien suelen adquirir sus ideas utilizando su intuición, son personas lógicas y objetivas. En ese caso, es importante que las ideas que encontraron mediante su experiencia sean lógicas, racionales y muchas veces que las puedan ver como objetivas.  Cuando se comprometen con alguna tarea, suelen organizarse para terminar la labor que tienen pendiente. En este caso, utilizan la planificación y la suelen ejecutar de manera ordenada y metódica. Son personas que suelen cuestionar las situaciones en búsqueda de la razón y lo que consideran que puede ser la verdad objetiva. Estas personas son independientes y pueden ser muy exigentes no sólo con ellos mismos, sino también con los demás. Sin embargo, su cuestionamiento y búsqueda de la razón lógica no necesariamente es abierta, ya que son personas que son más reservadas y piensan primero sus ideas antes de realizar algún tipo de cuestionamiento.', '1', NULL, NULL),
(13, 'ISMC', 'Personas calladas, amigables y sensibles que valoran mucho el presente y lo que está pasando alrededor de ellas. Gustan de tener sus propios horarios y poder trabajar manejando sus tiempos. En ese caso, son sumamente comprometidos con los trabajos que realmente les importa, siempre y cuando les den la posibilidad de realizarlo en sus propios tiempos. No suelen agradarles los desacuerdos y evitan el conflicto a todo costo, por lo que frente a un desacuerdo pueden preferir respetar la opinión del otro a pesar de que ésta no sea del todo consecuente con sus principios. Son leales y suelen recordar características específicas de las personas que son significativas para ellas. Se preocupan por los sentimientos de los demás y tratan de generar ambientes armoniosos en la casa y en el trabajo. En general, pueden ser vistos como personas emotivas, con la habilidad para acompañar emocionalmente a otros, ya que comprenden muy bien cómo se sienten los demás.', '1', NULL, NULL),
(14, 'ISMO', 'Personas calladas, responsables y que hacen las actividades con mucho cuidado y atención. Son perseverantes, cuidadosas y enfocadas en sus obligaciones. Son leales y suelen recordar características específicas de las personas que son significativas para ellas. Se preocupan por los sentimientos de los demás y tratan de generar ambientes armoniosos en la casa y en el trabajo. En general, pueden ser vistos como personas emotivas, con la habilidad para acompañar emocionalmente a otros, ya que se identifican con los sentimientos de ellos. Sin embargo, estas personas acostumbran acompañar a los demás pero no interactúan tanto con ellos. En ese caso, prefieren escuchar y filtrar la información a través de lo que ven y escuchan. Asimismo, al realizar una evaluación de la información, comprenden lo que le va ocurriendo al otro. Son personas que se les puede ver como amables, comprensivas y diplomáticas.', '1', NULL, NULL),
(15, 'ISRC', 'Personas tolerantes y flexibles, suelen ser calladas y observadoras, hasta que una dificultad aparece. Ante esta situación acostumbran actuar de manera calmada hasta que solucionan el problema. Habitualmente analizan las situaciones que funcionan, manejan una gran cantidad de información y prefieren enfocarse en situaciones más conceptuales que prácticas. Estas personas creen que la información se obtiene mediante la causa y el efecto utilizando la lógica para conocer los hechos. Valoran la eficiencia y la entienden como la ejecución de tareas de manera sumamente metódica y organizada. Utilizan reglas y la deducción para llegar a crear ideas y argumentos y se sienten buenos empleando este método. Asimismo, tienen dificultad para aceptar y comprender explicaciones que carecen de un sentido lógico. Por ello, en ciertas ocasiones pueden dejar de lado los aspectos de carácter más emocional para tomar una decisión. Esto podría llevarlos a no sentirse tan afectados con las emociones ajenas. Valoran la eficiencia y la entienden como la ejecución de tareas de manera sumamente organizada.', '1', NULL, NULL),
(16, 'ISRO', 'Personas calladas, detallistas y minuciosas, lo que puede permitirles ser cuidadosas a la hora de trabajar, siempre tomando en cuenta los detalles y la prolijidad de los mismos. Son personas organizadas en diferentes aspectos de sus vidas y ello les permite tener recursos variados para enfrentar las tareas que se les presenten. Además, son sumamente trabajadoras y cuidadosas con los procedimientos y el orden de cómo hacer las cosas. Eligen los temas de conversación en los que desean participar y no suelen interactuar mucho en conversaciones banales con gente que recién conocen. Estas personas acostumbran mostrarse calmadas y ecuánimes la mayor parte del tiempo. Al ser personas realistas y prácticas, suelen decidir utilizando la lógica, y ello hace que intenten expresar lo que dicen de manera clara. Cuando trabajan, se orientan a conseguir la meta que se proponen y a encontrar información que sea objetiva o que pueda ser catalogada como verdadera. En sí, su búsqueda de la verdad podría hacer que incurran en debates ya que le dan suma importancia a la información objetiva. Se sienten cómodos de tener los diversos aspectos de su vida ordenados y organizados.', '1', NULL, NULL);

-- --------------------------------------------------------

--
-- Estructura de tabla para la tabla `subpreguntas`
--

CREATE TABLE `subpreguntas` (
  `id` bigint(20) UNSIGNED NOT NULL,
  `nombre` varchar(191) NOT NULL,
  `estado` char(1) NOT NULL DEFAULT '1' COMMENT '0-Inactivo/1-Activo',
  `tipo_encuesta_id` bigint(20) UNSIGNED NOT NULL,
  `tipo_subpregunta` char(1) DEFAULT NULL,
  `created_at` timestamp NULL DEFAULT NULL,
  `updated_at` timestamp NULL DEFAULT NULL
) ENGINE=InnoDB DEFAULT CHARSET=utf8;

--
-- Volcado de datos para la tabla `subpreguntas`
--

INSERT INTO `subpreguntas` (`id`, `nombre`, `estado`, `tipo_encuesta_id`, `tipo_subpregunta`, `created_at`, `updated_at`) VALUES
(1, 'Me gustaría realizar esta actividad (*)', '1', 1, '1', NULL, NULL),
(2, 'Tengo las habilidades para aprender a realizar esta actividad (*)', '1', 1, '1', NULL, NULL),
(3, '¿Crees que esta actividad te brindaría algún tipo de satisfacción (personal, económica, reconocimiento de los demás, entre otras)? (*)', '1', 1, '2', NULL, NULL);

-- --------------------------------------------------------

--
-- Estructura de tabla para la tabla `talentos`
--

CREATE TABLE `talentos` (
  `id` bigint(20) UNSIGNED NOT NULL,
  `tendencia_id` bigint(20) UNSIGNED DEFAULT NULL,
  `tipo_id` bigint(20) UNSIGNED NOT NULL,
  `nombre` varchar(191) NOT NULL,
  `descripcion` varchar(191) NOT NULL,
  `imagen` varchar(191) NOT NULL,
  `imagen_espalda` varchar(191) NOT NULL,
  `estado` char(1) NOT NULL DEFAULT '1' COMMENT '0-Inactivo/1-Activo',
  `created_at` timestamp NULL DEFAULT NULL,
  `updated_at` timestamp NULL DEFAULT NULL
) ENGINE=InnoDB DEFAULT CHARSET=utf8;

--
-- Volcado de datos para la tabla `talentos`
--

INSERT INTO `talentos` (`id`, `tendencia_id`, `tipo_id`, `nombre`, `descripcion`, `imagen`, `imagen_espalda`, `estado`, `created_at`, `updated_at`) VALUES
(1, 1, 1, 'Cálido', 'Cálido', 'Calido.png', 'Espalda Calido.png', '1', NULL, NULL),
(2, 1, 1, 'Servicial', 'Servicial', 'Servicial.png', 'Espalda Servicial.png', '1', NULL, NULL),
(3, 1, 1, 'Sensible', 'Sensible', 'Sensible.png', 'Espalda Sensible.png', '1', NULL, NULL),
(4, 1, 1, 'Empático', 'Empático', 'Empatico.png', 'Espalda Empatico.png', '1', NULL, NULL),
(5, 1, 1, 'Asertivo', 'Asertivo', 'Asertivo.png', 'Espalda Asertivo.png', '1', NULL, NULL),
(6, 1, 1, 'Abierto a los demás', 'Abierto a los demás', 'Abierto a los demas.png', 'Espalda Abierto a los demas.png', '1', NULL, NULL),
(7, 1, 1, 'Armonizador', 'Armonizador', 'Armonizador.png', 'Espalda Armonizador.png', '1', NULL, NULL),
(8, 1, 1, 'Sabe escuchar', 'Sabe escuchar', 'Sabe escuchar.png', 'Espalda Sabe escuchar.png', '1', NULL, NULL),
(9, 1, 1, 'Sociable', 'Sociable', 'Sociable.png', 'Espalda Sociable.png', '1', NULL, NULL),
(10, 2, 1, 'Entusiasta', 'Entusiasta', 'Entusiasta.png', 'Espalda Entusiasta.png', '1', NULL, NULL),
(11, 2, 1, 'Comercial', 'Comercial', 'Comercial.png', 'Espalda Comercial.png', '1', NULL, NULL),
(12, 2, 1, 'Positivo', 'Positivo', 'Positivo.png', 'Espalda Positivo.png', '1', NULL, NULL),
(13, 2, 1, 'Emprendedor', 'Emprendedor', 'Emprendedor.png', 'Espalda Emprendedor.png', '1', NULL, NULL),
(14, 2, 1, 'Ejecutor', 'Ejecutor', 'Ejecutor.png', 'Espalda Ejecutor.png', '1', NULL, NULL),
(15, 2, 1, 'Con coraje', 'Con coraje', 'Con coraje.png', 'Espalda Con coraje.png', '1', NULL, NULL),
(16, 2, 1, 'Estratégico', 'Estratégico', 'Estrategico.png', 'Espalda Estrategico.png', '1', NULL, NULL),
(17, 2, 1, 'Orientado al logro', 'Orientado al logro', 'Orientado al logro.png', 'Espalda Orientado al logro.png', '1', NULL, NULL),
(18, 2, 1, 'Con iniciativa', 'Con iniciativa', 'Con iniciativa.png', 'Espalda Con iniciativa.png', '1', NULL, NULL),
(19, 3, 1, 'Ingenioso', 'Ingenioso', 'Ingenioso.png', 'Espalda Ingenioso.png', '1', NULL, NULL),
(20, 3, 1, 'Flexible', 'Flexible', 'Flexible.png', 'Espalda Flexible.png', '1', NULL, NULL),
(21, 3, 1, 'Creativo', 'Creativo', 'Creativo.png', 'Espalda Creativo.png', '1', NULL, NULL),
(22, 3, 1, 'Prefiere la novedad', 'Prefiere la novedad', 'Prefiere la novedad.png', 'Espalda Prefiere la novedad.png', '1', NULL, NULL),
(23, 3, 1, 'Intuitivo', 'Intuitivo', 'Intuitivo.png', 'Espalda Intuitivo.png', '1', NULL, NULL),
(24, 3, 1, 'Original', 'Original', 'Original.png', 'Espalda Original.png', '1', NULL, NULL),
(25, 3, 1, 'Visionario', 'Visionario', 'Visionario.png', 'Espalda Visionario.png', '1', NULL, NULL),
(26, 3, 1, 'Sentido del humor', 'Sentido del humor', 'Sentido del humor.png', 'Espalda Sentido del humor.png', '1', NULL, NULL),
(27, 3, 1, 'Curioso intelectual', 'Curioso intelectual', 'Curioso intelectual.png', 'Espalda Curioso intelectual.png', '1', NULL, NULL),
(28, 4, 1, 'Organizado', 'Organizado', 'Organizado.png', 'Espalda Organizado.png', '1', NULL, NULL),
(29, 4, 1, 'Anticipado', 'Anticipado', 'Anticipado.png', 'Anticipado.png', '1', NULL, NULL),
(30, 4, 1, 'Detallista', 'Detallista', 'Detallista.png', 'Espalda Detallista.png', '1', NULL, NULL),
(31, 4, 1, 'Disciplinado', 'Disciplinado', 'Disciplinado.png', 'Espalda Disciplinado.png', '1', NULL, NULL),
(32, 4, 1, 'Enfocado', 'Enfocado', 'Enfocado.png', 'Espalda Enfocado.png', '1', NULL, NULL),
(33, 4, 1, 'Planificado', 'Planificado', 'Planificado.png', 'Espalda Planificado.png', '1', NULL, NULL),
(34, 4, 1, 'Ordenado', 'Ordenado', 'Ordenado.png', 'Espalda Ordenado.png', '1', NULL, NULL),
(35, 4, 1, 'Monitor', 'Monitor', 'Monitor.png', 'Espalda Monitor.png', '1', NULL, NULL),
(36, 4, 1, 'Director', 'Director', 'Director.png', 'Espalda Director.png', '1', NULL, NULL),
(37, 5, 1, 'Argumentador', 'Argumentador', 'Argumentador.png', 'Espalda Argumentador.png', '1', NULL, NULL),
(38, 5, 1, 'Persuasivo', 'Persuasivo', 'Persuasivo.png', 'Espalda Persuasivo.png', '1', NULL, NULL),
(39, 5, 1, 'Orientador', 'Orientador', 'Orientador.png', 'Espalda Orientador.png', '1', NULL, NULL),
(40, 5, 1, 'Comunicador escrito', 'Comunicador escrito', 'Comunicador escrito.png', 'Espalda Comunicador escrito.png', '1', NULL, NULL),
(41, 5, 1, 'Informado', 'Informado', 'Informado.png', 'Espalda Informado.png', '1', NULL, NULL),
(42, 5, 1, 'Negociador', 'Negociador', 'Negociador.png', 'Espalda Negociador.png', '1', NULL, NULL),
(43, 5, 1, 'Comunicador verbal', 'Comunicador verbal', 'Comunicador verbal.png', 'Espalda Comunicador verbal.png', '1', NULL, NULL),
(44, 5, 1, 'Expresivo', 'Expresivo', 'Expresivo.png', 'Espalda Expresivo.png', '1', NULL, NULL),
(45, 5, 1, 'Coherente', 'Coherente', 'Coherente.png', 'Espalda Coherente.png', '1', NULL, NULL),
(46, 6, 1, 'Numérico', 'Numérico', 'Numerico.png', 'Espalda Numerico.png', '1', NULL, NULL),
(47, 6, 1, 'Reflexivo', 'Reflexivo', 'Reflexivo.png', 'Espalda Reflexivo.png', '1', NULL, NULL),
(48, 6, 1, 'Ecuánime', 'Ecuánime', 'Ecuanime.png', 'Espalda Ecuanime.png', '1', NULL, NULL),
(49, 6, 1, 'Crítico', 'Crítico', 'Critico.png', 'Espalda Critico.png', '1', NULL, NULL),
(50, 6, 1, 'Autodidacta', 'Autodidacta', 'Autodidacta.png', 'Espalda Autodidacta.png', '1', NULL, NULL),
(51, 6, 1, 'Científico', 'Científico', 'Cientifico.png', 'Espalda Cientifico.png', '1', NULL, NULL),
(52, 6, 1, 'Aprendiz', 'Aprendiz', 'Aprendiz.png', 'Espalda Aprendiz.png', '1', NULL, NULL),
(53, 6, 1, 'Analítico', 'Analítico', 'Analitico.png', 'Espalda Analitico.png', '1', NULL, NULL),
(54, 6, 1, 'Investigador', 'Investigador', 'Investigador.png', 'Espalda Investigador.png', '1', NULL, NULL),
(55, 7, 2, 'Visual', 'Visual', 'Visual.png', 'Espalda Visual.png', '1', NULL, NULL),
(56, 7, 2, 'Espacial', 'Espacial', 'Espacial.png', 'Espalda Espacial.png', '1', NULL, NULL),
(57, 7, 2, 'Facilidad con los idiomas', 'Facilidad con los idiomas', 'Facilidad con los idiomas.png', 'Espalda Facilidad con los idiomas.png', '1', NULL, NULL),
(58, 7, 2, 'Artístico', 'Artístico', 'Artistico.png', 'Espalda Artistico.png', '1', NULL, NULL),
(59, 7, 2, 'Buen oído', 'Buen oído', 'Buen oido.png', 'Espalda Buen oido.png', '1', NULL, NULL),
(60, 7, 2, 'Ciencias Naturales', 'Facilidad para las ciencias naturales', 'Ciencias naturales.png', 'Espalda Ciencias naturales.png', '1', NULL, NULL),
(61, 7, 2, 'Estético', 'Estético', 'Estetico.png', 'Espalda Estetico.png', '1', NULL, NULL),
(62, 7, 2, 'Motriz', 'Motriz', 'Motriz.png', 'Espalda Motriz.png', '1', NULL, NULL),
(63, 7, 2, 'Deportivo', 'Deportivo', 'Deportivo.png', 'Espalda Deportivo.png', '1', NULL, NULL),
(64, NULL, 3, 'Espiritualidad', 'Espiritualidad', 'Espiritualidad.png', 'Espalda Espiritualidad.png', '1', NULL, NULL),
(65, NULL, 3, 'Gratitud', 'Gratitud', 'Gratitud.png', 'Espalda Gratitud.png', '1', NULL, NULL),
(66, NULL, 3, 'Honestidad', 'Honestidad', 'Honestidad.png', 'Espalda Honestidad.png', '1', NULL, NULL),
(67, NULL, 3, 'Humildad', 'Humildad', 'Humildad.png', 'Espalda Humildad.png', '1', NULL, NULL),
(68, NULL, 3, 'Justicia', 'Justicia', 'Justicia.png', 'Espalda Justicia.png', '1', NULL, NULL),
(69, NULL, 3, 'Lealtad', 'Lealtad', 'Lealtad.png', 'Espalda Lealtad.png', '1', NULL, NULL),
(70, NULL, 3, 'Perdón', 'Perdón', 'Perdon.png', 'Espalda Perdon.png', '1', NULL, NULL),
(71, NULL, 3, 'Prudencia', 'Prudencia', 'Prudencia.png', 'Espalda Prudencia.png', '1', NULL, NULL),
(72, NULL, 3, 'Responsabilidad', 'Responsabilidad', 'RESPONSABILIDAD SOCIAL.png', 'Espalda RESPONSABILIDAD SOCIAL.png', '1', NULL, NULL);

-- --------------------------------------------------------

--
-- Estructura de tabla para la tabla `tendencia_talento`
--

CREATE TABLE `tendencia_talento` (
  `id` bigint(20) UNSIGNED NOT NULL,
  `nombre` varchar(191) NOT NULL,
  `descripcion` varchar(191) NOT NULL,
  `color` varchar(191) NOT NULL,
  `created_at` timestamp NULL DEFAULT NULL,
  `updated_at` timestamp NULL DEFAULT NULL
) ENGINE=InnoDB DEFAULT CHARSET=utf8;

--
-- Volcado de datos para la tabla `tendencia_talento`
--

INSERT INTO `tendencia_talento` (`id`, `nombre`, `descripcion`, `color`, `created_at`, `updated_at`) VALUES
(1, 'Orientados a las Personas', 'Orientado a las Personas', '#EA2F0A', NULL, NULL),
(2, 'Orientados al Emprendimiento', 'Orientado al Pensamiento', '#FF7700', NULL, NULL),
(3, 'Orientados a la Innovación', 'Orientado a la Innovación', '#FFE700', NULL, NULL),
(4, 'Orientados a la Estructura', 'Orientado a la Estructura', '#73BE21', NULL, NULL),
(5, 'Orientados a la Persuasión', 'Orientado a la Ejecución', '#8A0A0A', NULL, NULL),
(6, 'Orientados a la Cognición', 'Orientado al Liderazgo', '#216FBE', NULL, NULL),
(7, 'Talentos Específicos', 'Talentos Específicos', '#A25DBB', NULL, NULL);

-- --------------------------------------------------------

--
-- Estructura de tabla para la tabla `tipo_encuesta`
--

CREATE TABLE `tipo_encuesta` (
  `id` bigint(20) UNSIGNED NOT NULL,
  `nombre` varchar(191) NOT NULL,
  `estado` char(1) NOT NULL DEFAULT '1' COMMENT '0-Inactivo/1-Activo',
  `created_at` timestamp NULL DEFAULT NULL,
  `updated_at` timestamp NULL DEFAULT NULL
) ENGINE=InnoDB DEFAULT CHARSET=utf8;

--
-- Volcado de datos para la tabla `tipo_encuesta`
--

INSERT INTO `tipo_encuesta` (`id`, `nombre`, `estado`, `created_at`, `updated_at`) VALUES
(1, 'Intereses', '1', NULL, NULL),
(2, 'Talentos', '1', NULL, NULL),
(3, 'Temperamentos', '1', NULL, NULL);

-- --------------------------------------------------------

--
-- Estructura de tabla para la tabla `tipo_talento`
--

CREATE TABLE `tipo_talento` (
  `id` bigint(20) UNSIGNED NOT NULL,
  `nombre` varchar(191) NOT NULL,
  `created_at` timestamp NULL DEFAULT NULL,
  `updated_at` timestamp NULL DEFAULT NULL
) ENGINE=InnoDB DEFAULT CHARSET=utf8;

--
-- Volcado de datos para la tabla `tipo_talento`
--

INSERT INTO `tipo_talento` (`id`, `nombre`, `created_at`, `updated_at`) VALUES
(1, 'General', NULL, NULL),
(2, 'Específico', NULL, NULL),
(3, 'Virtud', NULL, NULL);

-- --------------------------------------------------------

--
-- Estructura de tabla para la tabla `users`
--

CREATE TABLE `users` (
  `id` bigint(20) UNSIGNED NOT NULL,
  `name` varchar(191) NOT NULL,
  `email` varchar(191) NOT NULL,
  `email_verified_at` timestamp NULL DEFAULT NULL,
  `password` varchar(191) NOT NULL,
  `remember_token` varchar(100) DEFAULT NULL,
  `created_at` timestamp NULL DEFAULT NULL,
  `updated_at` timestamp NULL DEFAULT NULL
) ENGINE=InnoDB DEFAULT CHARSET=utf8;

--
-- Volcado de datos para la tabla `users`
--

INSERT INTO `users` (`id`, `name`, `email`, `email_verified_at`, `password`, `remember_token`, `created_at`, `updated_at`) VALUES
(1, 'admin', 'admin@admin.com', NULL, '$2y$10$t0bIcdwi/.CxnHUfsCDK1.KsIfu1zQQJB3lrC2Vci/CnGMrFR4H.q', NULL, '2020-05-02 22:54:25', '2020-05-02 22:54:25');

--
-- Índices para tablas volcadas
--

--
-- Indices de la tabla `areas`
--
ALTER TABLE `areas`
  ADD PRIMARY KEY (`id`);

--
-- Indices de la tabla `area_item`
--
ALTER TABLE `area_item`
  ADD PRIMARY KEY (`id`),
  ADD KEY `area_item_area_id_foreign` (`area_id`);

--
-- Indices de la tabla `area_puntaje`
--
ALTER TABLE `area_puntaje`
  ADD PRIMARY KEY (`id`),
  ADD KEY `area_puntaje_encuesta_puntaje_id_foreign` (`encuesta_puntaje_id`),
  ADD KEY `area_puntaje_area_id_foreign` (`area_id`);

--
-- Indices de la tabla `carreras`
--
ALTER TABLE `carreras`
  ADD PRIMARY KEY (`id`);

--
-- Indices de la tabla `carrera_interes`
--
ALTER TABLE `carrera_interes`
  ADD PRIMARY KEY (`id`),
  ADD KEY `carrera_interes_carrera_id_foreign` (`carrera_id`);

--
-- Indices de la tabla `carrera_puntaje`
--
ALTER TABLE `carrera_puntaje`
  ADD PRIMARY KEY (`id`),
  ADD KEY `carrera_puntaje_encuesta_puntaje_id_foreign` (`encuesta_puntaje_id`),
  ADD KEY `carrera_puntaje_carrera_id_foreign` (`carrera_id`);

--
-- Indices de la tabla `ciudades`
--
ALTER TABLE `ciudades`
  ADD PRIMARY KEY (`id`),
  ADD KEY `ciudades_country_id_foreign` (`country_id`);

--
-- Indices de la tabla `descripcion_talento`
--
ALTER TABLE `descripcion_talento`
  ADD PRIMARY KEY (`id`),
  ADD KEY `descripcion_talento_talento_id_foreign` (`talento_id`);

--
-- Indices de la tabla `empresas`
--
ALTER TABLE `empresas`
  ADD PRIMARY KEY (`id`),
  ADD KEY `empresas_insert_user_id_foreign` (`insert_user_id`),
  ADD KEY `empresas_edit_user_id_foreign` (`edit_user_id`);

--
-- Indices de la tabla `empresa_sucursal`
--
ALTER TABLE `empresa_sucursal`
  ADD PRIMARY KEY (`id`),
  ADD KEY `empresa_sucursal_empresa_id_foreign` (`empresa_id`),
  ADD KEY `empresa_sucursal_insert_user_id_foreign` (`insert_user_id`),
  ADD KEY `empresa_sucursal_edit_user_id_foreign` (`edit_user_id`);

--
-- Indices de la tabla `encuestas`
--
ALTER TABLE `encuestas`
  ADD PRIMARY KEY (`id`),
  ADD KEY `encuestas_empresa_sucursal_id_foreign` (`empresa_sucursal_id`),
  ADD KEY `encuestas_tipo_encuesta_id_foreign` (`tipo_encuesta_id`),
  ADD KEY `encuestas_encuesta_general_id_foreign` (`encuesta_general_id`),
  ADD KEY `encuestas_insert_user_id_foreign` (`insert_user_id`),
  ADD KEY `encuestas_edit_user_id_foreign` (`edit_user_id`);

--
-- Indices de la tabla `encuesta_general`
--
ALTER TABLE `encuesta_general`
  ADD PRIMARY KEY (`id`),
  ADD KEY `encuesta_general_insert_user_id_foreign` (`insert_user_id`),
  ADD KEY `encuesta_general_edit_user_id_foreign` (`edit_user_id`);

--
-- Indices de la tabla `encuesta_persona`
--
ALTER TABLE `encuesta_persona`
  ADD PRIMARY KEY (`id`),
  ADD KEY `encuesta_persona_persona_id_foreign` (`persona_id`),
  ADD KEY `encuesta_persona_encuesta_general_id_foreign` (`encuesta_general_id`),
  ADD KEY `encuesta_persona_insert_user_id_foreign` (`insert_user_id`),
  ADD KEY `encuesta_persona_edit_user_id_foreign` (`edit_user_id`);

--
-- Indices de la tabla `encuesta_puntaje`
--
ALTER TABLE `encuesta_puntaje`
  ADD PRIMARY KEY (`id`),
  ADD KEY `encuesta_puntaje_encuesta_id_foreign` (`encuesta_id`),
  ADD KEY `encuesta_puntaje_persona_id_foreign` (`persona_id`);

--
-- Indices de la tabla `encuesta_respuesta`
--
ALTER TABLE `encuesta_respuesta`
  ADD PRIMARY KEY (`id`),
  ADD KEY `encuesta_respuesta_pregunta_id_foreign` (`pregunta_id`),
  ADD KEY `encuesta_respuesta_subpregunta_id_foreign` (`subpregunta_id`),
  ADD KEY `encuesta_respuesta_respuesta_id_foreign` (`respuesta_id`),
  ADD KEY `encuesta_respuesta_encuesta_puntaje_id_foreign` (`encuesta_puntaje_id`);

--
-- Indices de la tabla `failed_jobs`
--
ALTER TABLE `failed_jobs`
  ADD PRIMARY KEY (`id`);

--
-- Indices de la tabla `formulas`
--
ALTER TABLE `formulas`
  ADD PRIMARY KEY (`id`),
  ADD KEY `formulas_area_id_foreign` (`area_id`);

--
-- Indices de la tabla `formula_item`
--
ALTER TABLE `formula_item`
  ADD PRIMARY KEY (`id`),
  ADD KEY `formula_item_formula_id_foreign` (`formula_id`),
  ADD KEY `formula_item_area_item_id_foreign` (`area_item_id`);

--
-- Indices de la tabla `formula_puntaje`
--
ALTER TABLE `formula_puntaje`
  ADD PRIMARY KEY (`id`),
  ADD KEY `formula_puntaje_encuesta_puntaje_id_foreign` (`encuesta_puntaje_id`),
  ADD KEY `formula_puntaje_formula_id_foreign` (`formula_id`);

--
-- Indices de la tabla `jobs`
--
ALTER TABLE `jobs`
  ADD PRIMARY KEY (`id`),
  ADD KEY `jobs_queue_index` (`queue`);

--
-- Indices de la tabla `migrations`
--
ALTER TABLE `migrations`
  ADD PRIMARY KEY (`id`);

--
-- Indices de la tabla `paises`
--
ALTER TABLE `paises`
  ADD PRIMARY KEY (`id`);

--
-- Indices de la tabla `personas`
--
ALTER TABLE `personas`
  ADD PRIMARY KEY (`id`),
  ADD KEY `personas_rol_id_foreign` (`rol_id`),
  ADD KEY `personas_insert_user_id_foreign` (`insert_user_id`),
  ADD KEY `personas_edit_user_id_foreign` (`edit_user_id`);

--
-- Indices de la tabla `preguntas`
--
ALTER TABLE `preguntas`
  ADD PRIMARY KEY (`id`),
  ADD KEY `preguntas_tipo_encuesta_id_foreign` (`tipo_encuesta_id`),
  ADD KEY `preguntas_carrera_id_foreign` (`carrera_id`),
  ADD KEY `preguntas_formula_item_id_foreign` (`formula_item_id`);

--
-- Indices de la tabla `respuestas`
--
ALTER TABLE `respuestas`
  ADD PRIMARY KEY (`id`),
  ADD KEY `respuestas_tipo_encuesta_id_foreign` (`tipo_encuesta_id`);

--
-- Indices de la tabla `roles`
--
ALTER TABLE `roles`
  ADD PRIMARY KEY (`id`);

--
-- Indices de la tabla `ruedas`
--
ALTER TABLE `ruedas`
  ADD PRIMARY KEY (`id`);

--
-- Indices de la tabla `subpreguntas`
--
ALTER TABLE `subpreguntas`
  ADD PRIMARY KEY (`id`),
  ADD KEY `subpreguntas_tipo_encuesta_id_foreign` (`tipo_encuesta_id`);

--
-- Indices de la tabla `talentos`
--
ALTER TABLE `talentos`
  ADD PRIMARY KEY (`id`),
  ADD KEY `talentos_tendencia_id_foreign` (`tendencia_id`),
  ADD KEY `talentos_tipo_id_foreign` (`tipo_id`);

--
-- Indices de la tabla `tendencia_talento`
--
ALTER TABLE `tendencia_talento`
  ADD PRIMARY KEY (`id`);

--
-- Indices de la tabla `tipo_encuesta`
--
ALTER TABLE `tipo_encuesta`
  ADD PRIMARY KEY (`id`);

--
-- Indices de la tabla `tipo_talento`
--
ALTER TABLE `tipo_talento`
  ADD PRIMARY KEY (`id`);

--
-- Indices de la tabla `users`
--
ALTER TABLE `users`
  ADD PRIMARY KEY (`id`),
  ADD UNIQUE KEY `users_email_unique` (`email`);

--
-- AUTO_INCREMENT de las tablas volcadas
--

--
-- AUTO_INCREMENT de la tabla `areas`
--
ALTER TABLE `areas`
  MODIFY `id` bigint(20) UNSIGNED NOT NULL AUTO_INCREMENT, AUTO_INCREMENT=5;

--
-- AUTO_INCREMENT de la tabla `area_item`
--
ALTER TABLE `area_item`
  MODIFY `id` bigint(20) UNSIGNED NOT NULL AUTO_INCREMENT, AUTO_INCREMENT=9;

--
-- AUTO_INCREMENT de la tabla `area_puntaje`
--
ALTER TABLE `area_puntaje`
  MODIFY `id` bigint(20) UNSIGNED NOT NULL AUTO_INCREMENT, AUTO_INCREMENT=53;

--
-- AUTO_INCREMENT de la tabla `carreras`
--
ALTER TABLE `carreras`
  MODIFY `id` bigint(20) UNSIGNED NOT NULL AUTO_INCREMENT, AUTO_INCREMENT=21;

--
-- AUTO_INCREMENT de la tabla `carrera_interes`
--
ALTER TABLE `carrera_interes`
  MODIFY `id` bigint(20) UNSIGNED NOT NULL AUTO_INCREMENT, AUTO_INCREMENT=78;

--
-- AUTO_INCREMENT de la tabla `carrera_puntaje`
--
ALTER TABLE `carrera_puntaje`
  MODIFY `id` bigint(20) UNSIGNED NOT NULL AUTO_INCREMENT, AUTO_INCREMENT=261;

--
-- AUTO_INCREMENT de la tabla `ciudades`
--
ALTER TABLE `ciudades`
  MODIFY `id` bigint(20) UNSIGNED NOT NULL AUTO_INCREMENT, AUTO_INCREMENT=4122;

--
-- AUTO_INCREMENT de la tabla `descripcion_talento`
--
ALTER TABLE `descripcion_talento`
  MODIFY `id` bigint(20) UNSIGNED NOT NULL AUTO_INCREMENT, AUTO_INCREMENT=228;

--
-- AUTO_INCREMENT de la tabla `empresas`
--
ALTER TABLE `empresas`
  MODIFY `id` bigint(20) UNSIGNED NOT NULL AUTO_INCREMENT, AUTO_INCREMENT=3;

--
-- AUTO_INCREMENT de la tabla `empresa_sucursal`
--
ALTER TABLE `empresa_sucursal`
  MODIFY `id` bigint(20) UNSIGNED NOT NULL AUTO_INCREMENT, AUTO_INCREMENT=3;

--
-- AUTO_INCREMENT de la tabla `encuestas`
--
ALTER TABLE `encuestas`
  MODIFY `id` bigint(20) UNSIGNED NOT NULL AUTO_INCREMENT, AUTO_INCREMENT=7;

--
-- AUTO_INCREMENT de la tabla `encuesta_general`
--
ALTER TABLE `encuesta_general`
  MODIFY `id` bigint(20) UNSIGNED NOT NULL AUTO_INCREMENT, AUTO_INCREMENT=3;

--
-- AUTO_INCREMENT de la tabla `encuesta_persona`
--
ALTER TABLE `encuesta_persona`
  MODIFY `id` bigint(20) UNSIGNED NOT NULL AUTO_INCREMENT, AUTO_INCREMENT=61;

--
-- AUTO_INCREMENT de la tabla `encuesta_puntaje`
--
ALTER TABLE `encuesta_puntaje`
  MODIFY `id` bigint(20) UNSIGNED NOT NULL AUTO_INCREMENT, AUTO_INCREMENT=27;

--
-- AUTO_INCREMENT de la tabla `encuesta_respuesta`
--
ALTER TABLE `encuesta_respuesta`
  MODIFY `id` bigint(20) UNSIGNED NOT NULL AUTO_INCREMENT, AUTO_INCREMENT=4917;

--
-- AUTO_INCREMENT de la tabla `failed_jobs`
--
ALTER TABLE `failed_jobs`
  MODIFY `id` bigint(20) UNSIGNED NOT NULL AUTO_INCREMENT;

--
-- AUTO_INCREMENT de la tabla `formulas`
--
ALTER TABLE `formulas`
  MODIFY `id` bigint(20) UNSIGNED NOT NULL AUTO_INCREMENT, AUTO_INCREMENT=17;

--
-- AUTO_INCREMENT de la tabla `formula_item`
--
ALTER TABLE `formula_item`
  MODIFY `id` bigint(20) UNSIGNED NOT NULL AUTO_INCREMENT, AUTO_INCREMENT=33;

--
-- AUTO_INCREMENT de la tabla `formula_puntaje`
--
ALTER TABLE `formula_puntaje`
  MODIFY `id` bigint(20) UNSIGNED NOT NULL AUTO_INCREMENT, AUTO_INCREMENT=209;

--
-- AUTO_INCREMENT de la tabla `jobs`
--
ALTER TABLE `jobs`
  MODIFY `id` bigint(20) UNSIGNED NOT NULL AUTO_INCREMENT;

--
-- AUTO_INCREMENT de la tabla `migrations`
--
ALTER TABLE `migrations`
  MODIFY `id` int(10) UNSIGNED NOT NULL AUTO_INCREMENT, AUTO_INCREMENT=691;

--
-- AUTO_INCREMENT de la tabla `paises`
--
ALTER TABLE `paises`
  MODIFY `id` bigint(20) UNSIGNED NOT NULL AUTO_INCREMENT, AUTO_INCREMENT=247;

--
-- AUTO_INCREMENT de la tabla `personas`
--
ALTER TABLE `personas`
  MODIFY `id` bigint(20) UNSIGNED NOT NULL AUTO_INCREMENT, AUTO_INCREMENT=61;

--
-- AUTO_INCREMENT de la tabla `preguntas`
--
ALTER TABLE `preguntas`
  MODIFY `id` bigint(20) UNSIGNED NOT NULL AUTO_INCREMENT, AUTO_INCREMENT=213;

--
-- AUTO_INCREMENT de la tabla `respuestas`
--
ALTER TABLE `respuestas`
  MODIFY `id` bigint(20) UNSIGNED NOT NULL AUTO_INCREMENT, AUTO_INCREMENT=14;

--
-- AUTO_INCREMENT de la tabla `roles`
--
ALTER TABLE `roles`
  MODIFY `id` bigint(20) UNSIGNED NOT NULL AUTO_INCREMENT, AUTO_INCREMENT=3;

--
-- AUTO_INCREMENT de la tabla `ruedas`
--
ALTER TABLE `ruedas`
  MODIFY `id` bigint(20) UNSIGNED NOT NULL AUTO_INCREMENT, AUTO_INCREMENT=17;

--
-- AUTO_INCREMENT de la tabla `subpreguntas`
--
ALTER TABLE `subpreguntas`
  MODIFY `id` bigint(20) UNSIGNED NOT NULL AUTO_INCREMENT, AUTO_INCREMENT=4;

--
-- AUTO_INCREMENT de la tabla `talentos`
--
ALTER TABLE `talentos`
  MODIFY `id` bigint(20) UNSIGNED NOT NULL AUTO_INCREMENT, AUTO_INCREMENT=73;

--
-- AUTO_INCREMENT de la tabla `tendencia_talento`
--
ALTER TABLE `tendencia_talento`
  MODIFY `id` bigint(20) UNSIGNED NOT NULL AUTO_INCREMENT, AUTO_INCREMENT=8;

--
-- AUTO_INCREMENT de la tabla `tipo_encuesta`
--
ALTER TABLE `tipo_encuesta`
  MODIFY `id` bigint(20) UNSIGNED NOT NULL AUTO_INCREMENT, AUTO_INCREMENT=4;

--
-- AUTO_INCREMENT de la tabla `tipo_talento`
--
ALTER TABLE `tipo_talento`
  MODIFY `id` bigint(20) UNSIGNED NOT NULL AUTO_INCREMENT, AUTO_INCREMENT=4;

--
-- AUTO_INCREMENT de la tabla `users`
--
ALTER TABLE `users`
  MODIFY `id` bigint(20) UNSIGNED NOT NULL AUTO_INCREMENT, AUTO_INCREMENT=2;

--
-- Restricciones para tablas volcadas
--

--
-- Filtros para la tabla `area_item`
--
ALTER TABLE `area_item`
  ADD CONSTRAINT `area_item_area_id_foreign` FOREIGN KEY (`area_id`) REFERENCES `areas` (`id`);

--
-- Filtros para la tabla `area_puntaje`
--
ALTER TABLE `area_puntaje`
  ADD CONSTRAINT `area_puntaje_area_id_foreign` FOREIGN KEY (`area_id`) REFERENCES `areas` (`id`),
  ADD CONSTRAINT `area_puntaje_encuesta_puntaje_id_foreign` FOREIGN KEY (`encuesta_puntaje_id`) REFERENCES `encuesta_puntaje` (`id`);

--
-- Filtros para la tabla `carrera_interes`
--
ALTER TABLE `carrera_interes`
  ADD CONSTRAINT `carrera_interes_carrera_id_foreign` FOREIGN KEY (`carrera_id`) REFERENCES `carreras` (`id`);

--
-- Filtros para la tabla `carrera_puntaje`
--
ALTER TABLE `carrera_puntaje`
  ADD CONSTRAINT `carrera_puntaje_carrera_id_foreign` FOREIGN KEY (`carrera_id`) REFERENCES `carreras` (`id`),
  ADD CONSTRAINT `carrera_puntaje_encuesta_puntaje_id_foreign` FOREIGN KEY (`encuesta_puntaje_id`) REFERENCES `encuesta_puntaje` (`id`);

--
-- Filtros para la tabla `ciudades`
--
ALTER TABLE `ciudades`
  ADD CONSTRAINT `ciudades_country_id_foreign` FOREIGN KEY (`country_id`) REFERENCES `paises` (`id`);

--
-- Filtros para la tabla `descripcion_talento`
--
ALTER TABLE `descripcion_talento`
  ADD CONSTRAINT `descripcion_talento_talento_id_foreign` FOREIGN KEY (`talento_id`) REFERENCES `talentos` (`id`);

--
-- Filtros para la tabla `empresas`
--
ALTER TABLE `empresas`
  ADD CONSTRAINT `empresas_edit_user_id_foreign` FOREIGN KEY (`edit_user_id`) REFERENCES `users` (`id`),
  ADD CONSTRAINT `empresas_insert_user_id_foreign` FOREIGN KEY (`insert_user_id`) REFERENCES `users` (`id`);

--
-- Filtros para la tabla `empresa_sucursal`
--
ALTER TABLE `empresa_sucursal`
  ADD CONSTRAINT `empresa_sucursal_edit_user_id_foreign` FOREIGN KEY (`edit_user_id`) REFERENCES `users` (`id`),
  ADD CONSTRAINT `empresa_sucursal_empresa_id_foreign` FOREIGN KEY (`empresa_id`) REFERENCES `empresas` (`id`),
  ADD CONSTRAINT `empresa_sucursal_insert_user_id_foreign` FOREIGN KEY (`insert_user_id`) REFERENCES `users` (`id`);

--
-- Filtros para la tabla `encuestas`
--
ALTER TABLE `encuestas`
  ADD CONSTRAINT `encuestas_edit_user_id_foreign` FOREIGN KEY (`edit_user_id`) REFERENCES `users` (`id`),
  ADD CONSTRAINT `encuestas_empresa_sucursal_id_foreign` FOREIGN KEY (`empresa_sucursal_id`) REFERENCES `empresa_sucursal` (`id`),
  ADD CONSTRAINT `encuestas_encuesta_general_id_foreign` FOREIGN KEY (`encuesta_general_id`) REFERENCES `encuesta_general` (`id`),
  ADD CONSTRAINT `encuestas_insert_user_id_foreign` FOREIGN KEY (`insert_user_id`) REFERENCES `users` (`id`),
  ADD CONSTRAINT `encuestas_tipo_encuesta_id_foreign` FOREIGN KEY (`tipo_encuesta_id`) REFERENCES `tipo_encuesta` (`id`);

--
-- Filtros para la tabla `encuesta_general`
--
ALTER TABLE `encuesta_general`
  ADD CONSTRAINT `encuesta_general_edit_user_id_foreign` FOREIGN KEY (`edit_user_id`) REFERENCES `users` (`id`),
  ADD CONSTRAINT `encuesta_general_insert_user_id_foreign` FOREIGN KEY (`insert_user_id`) REFERENCES `users` (`id`);

--
-- Filtros para la tabla `encuesta_persona`
--
ALTER TABLE `encuesta_persona`
  ADD CONSTRAINT `encuesta_persona_edit_user_id_foreign` FOREIGN KEY (`edit_user_id`) REFERENCES `users` (`id`),
  ADD CONSTRAINT `encuesta_persona_encuesta_general_id_foreign` FOREIGN KEY (`encuesta_general_id`) REFERENCES `encuesta_general` (`id`),
  ADD CONSTRAINT `encuesta_persona_insert_user_id_foreign` FOREIGN KEY (`insert_user_id`) REFERENCES `users` (`id`),
  ADD CONSTRAINT `encuesta_persona_persona_id_foreign` FOREIGN KEY (`persona_id`) REFERENCES `personas` (`id`);

--
-- Filtros para la tabla `encuesta_puntaje`
--
ALTER TABLE `encuesta_puntaje`
  ADD CONSTRAINT `encuesta_puntaje_encuesta_id_foreign` FOREIGN KEY (`encuesta_id`) REFERENCES `encuestas` (`id`),
  ADD CONSTRAINT `encuesta_puntaje_persona_id_foreign` FOREIGN KEY (`persona_id`) REFERENCES `personas` (`id`);

--
-- Filtros para la tabla `encuesta_respuesta`
--
ALTER TABLE `encuesta_respuesta`
  ADD CONSTRAINT `encuesta_respuesta_encuesta_puntaje_id_foreign` FOREIGN KEY (`encuesta_puntaje_id`) REFERENCES `encuesta_puntaje` (`id`),
  ADD CONSTRAINT `encuesta_respuesta_pregunta_id_foreign` FOREIGN KEY (`pregunta_id`) REFERENCES `preguntas` (`id`),
  ADD CONSTRAINT `encuesta_respuesta_respuesta_id_foreign` FOREIGN KEY (`respuesta_id`) REFERENCES `respuestas` (`id`),
  ADD CONSTRAINT `encuesta_respuesta_subpregunta_id_foreign` FOREIGN KEY (`subpregunta_id`) REFERENCES `subpreguntas` (`id`);

--
-- Filtros para la tabla `formulas`
--
ALTER TABLE `formulas`
  ADD CONSTRAINT `formulas_area_id_foreign` FOREIGN KEY (`area_id`) REFERENCES `areas` (`id`);

--
-- Filtros para la tabla `formula_item`
--
ALTER TABLE `formula_item`
  ADD CONSTRAINT `formula_item_area_item_id_foreign` FOREIGN KEY (`area_item_id`) REFERENCES `area_item` (`id`),
  ADD CONSTRAINT `formula_item_formula_id_foreign` FOREIGN KEY (`formula_id`) REFERENCES `formulas` (`id`);

--
-- Filtros para la tabla `formula_puntaje`
--
ALTER TABLE `formula_puntaje`
  ADD CONSTRAINT `formula_puntaje_encuesta_puntaje_id_foreign` FOREIGN KEY (`encuesta_puntaje_id`) REFERENCES `encuesta_puntaje` (`id`),
  ADD CONSTRAINT `formula_puntaje_formula_id_foreign` FOREIGN KEY (`formula_id`) REFERENCES `formulas` (`id`);

--
-- Filtros para la tabla `personas`
--
ALTER TABLE `personas`
  ADD CONSTRAINT `personas_edit_user_id_foreign` FOREIGN KEY (`edit_user_id`) REFERENCES `users` (`id`),
  ADD CONSTRAINT `personas_insert_user_id_foreign` FOREIGN KEY (`insert_user_id`) REFERENCES `users` (`id`),
  ADD CONSTRAINT `personas_rol_id_foreign` FOREIGN KEY (`rol_id`) REFERENCES `roles` (`id`);

--
-- Filtros para la tabla `preguntas`
--
ALTER TABLE `preguntas`
  ADD CONSTRAINT `preguntas_carrera_id_foreign` FOREIGN KEY (`carrera_id`) REFERENCES `carreras` (`id`),
  ADD CONSTRAINT `preguntas_formula_item_id_foreign` FOREIGN KEY (`formula_item_id`) REFERENCES `formula_item` (`id`),
  ADD CONSTRAINT `preguntas_tipo_encuesta_id_foreign` FOREIGN KEY (`tipo_encuesta_id`) REFERENCES `tipo_encuesta` (`id`);

--
-- Filtros para la tabla `respuestas`
--
ALTER TABLE `respuestas`
  ADD CONSTRAINT `respuestas_tipo_encuesta_id_foreign` FOREIGN KEY (`tipo_encuesta_id`) REFERENCES `tipo_encuesta` (`id`);

--
-- Filtros para la tabla `subpreguntas`
--
ALTER TABLE `subpreguntas`
  ADD CONSTRAINT `subpreguntas_tipo_encuesta_id_foreign` FOREIGN KEY (`tipo_encuesta_id`) REFERENCES `tipo_encuesta` (`id`);

--
-- Filtros para la tabla `talentos`
--
ALTER TABLE `talentos`
  ADD CONSTRAINT `talentos_tendencia_id_foreign` FOREIGN KEY (`tendencia_id`) REFERENCES `tendencia_talento` (`id`),
  ADD CONSTRAINT `talentos_tipo_id_foreign` FOREIGN KEY (`tipo_id`) REFERENCES `tipo_talento` (`id`);
COMMIT;

/*!40101 SET CHARACTER_SET_CLIENT=@OLD_CHARACTER_SET_CLIENT */;
/*!40101 SET CHARACTER_SET_RESULTS=@OLD_CHARACTER_SET_RESULTS */;
/*!40101 SET COLLATION_CONNECTION=@OLD_COLLATION_CONNECTION */;
